customer_id,customer_name,gender,age,city,state,order_id,order_date,delivery_date,sales_id,product_id,price_per_unit,quantity,total_price,product_type,product_name,size,colour,stock,order_month_name,order_day,order_weekday_name,delivery_days,month
1,Leanna Busson,Female,30,Johnstonhaven,Northern Territory,670,2021-03-06,2021-04-01,3326,179,98.0,1,98.0,Shirt,Camp Collared,XL,red,79,March,6,Saturday,26,3
1,Leanna Busson,Female,30,Johnstonhaven,Northern Territory,729,2021-02-18,2021-03-01,3640,558,98.0,1,98.0,Jacket,Leather,L,violet,78,February,18,Thursday,11,2
1,Leanna Busson,Female,30,Johnstonhaven,Northern Territory,729,2021-02-18,2021-03-01,3639,197,98.0,3,294.0,Shirt,Camp Collared,M,blue,65,February,18,Thursday,11,2
1,Leanna Busson,Female,30,Johnstonhaven,Northern Territory,670,2021-03-06,2021-04-01,3327,789,91.0,3,273.0,Jacket,Pullover,XL,green,65,March,6,Saturday,26,3
1,Leanna Busson,Female,30,Johnstonhaven,Northern Territory,455,2021-04-04,2021-04-06,2246,783,91.0,2,182.0,Jacket,Pullover,L,yellow,43,April,4,Sunday,2,4
1,Leanna Busson,Female,30,Johnstonhaven,Northern Territory,455,2021-04-04,2021-04-06,2245,211,106.0,3,318.0,Shirt,Chambray,S,red,72,April,4,Sunday,2,4
1,Leanna Busson,Female,30,Johnstonhaven,Northern Territory,670,2021-03-06,2021-04-01,3324,525,98.0,2,196.0,Jacket,Leather,XS,red,67,March,6,Saturday,26,3
1,Leanna Busson,Female,30,Johnstonhaven,Northern Territory,670,2021-03-06,2021-04-01,3325,792,91.0,2,182.0,Jacket,Pullover,M,blue,44,March,6,Saturday,26,3
7,Winslow Ewbanck,Bigender,76,Masonfurt,Queensland,465,2021-05-21,2021-05-23,2292,1118,115.0,3,345.0,Trousers,Cropped,L,violet,40,May,21,Friday,2,5
7,Winslow Ewbanck,Bigender,76,Masonfurt,Queensland,465,2021-05-21,2021-05-23,2293,1259,112.0,2,224.0,Trousers,Tracksuit Bottoms,XL,violet,60,May,21,Friday,2,5
7,Winslow Ewbanck,Bigender,76,Masonfurt,Queensland,465,2021-05-21,2021-05-23,2294,811,117.0,1,117.0,Jacket,Shearling,S,orange,53,May,21,Friday,2,5
7,Winslow Ewbanck,Bigender,76,Masonfurt,Queensland,465,2021-05-21,2021-05-23,2296,1010,106.0,2,212.0,Trousers,Wool,XS,violet,80,May,21,Friday,2,5
7,Winslow Ewbanck,Bigender,76,Masonfurt,Queensland,465,2021-05-21,2021-05-23,2295,408,119.0,1,119.0,Shirt,Casual Slim Fit,L,blue,75,May,21,Friday,2,5
10,Susanetta Wilshin,Bigender,70,Joelburgh,Western Australia,595,2021-03-09,2021-03-29,2990,1023,90.0,3,270.0,Trousers,Relaxed Leg,L,orange,78,March,9,Tuesday,20,3
11,Michaeline McIndrew,Agender,39,Georgeland,Northern Territory,560,2021-05-28,2021-06-05,2800,144,91.0,2,182.0,Shirt,Linen,XL,red,47,May,28,Friday,8,5
11,Michaeline McIndrew,Agender,39,Georgeland,Northern Territory,560,2021-05-28,2021-06-05,2801,590,100.0,2,200.0,Jacket,Bomber,XS,violet,75,May,28,Friday,8,5
12,Fedora Dmych,Bigender,78,Taylorburgh,South Australia,134,2021-06-19,2021-07-01,631,516,102.0,2,204.0,Jacket,Windbreaker,S,indigo,62,June,19,Saturday,12,6
12,Fedora Dmych,Bigender,78,Taylorburgh,South Australia,134,2021-06-19,2021-07-01,632,989,106.0,2,212.0,Trousers,Wool,XL,orange,56,June,19,Saturday,12,6
12,Fedora Dmych,Bigender,78,Taylorburgh,South Australia,134,2021-06-19,2021-07-01,630,770,91.0,1,91.0,Jacket,Pullover,XS,red,54,June,19,Saturday,12,6
12,Fedora Dmych,Bigender,78,Taylorburgh,South Australia,134,2021-06-19,2021-07-01,637,1194,105.0,1,105.0,Trousers,Pleated,XL,red,58,June,19,Saturday,12,6
12,Fedora Dmych,Bigender,78,Taylorburgh,South Australia,134,2021-06-19,2021-07-01,636,653,93.0,3,279.0,Jacket,Coach,L,blue,80,June,19,Saturday,12,6
12,Fedora Dmych,Bigender,78,Taylorburgh,South Australia,134,2021-06-19,2021-07-01,635,185,98.0,2,196.0,Shirt,Camp Collared,XS,yellow,55,June,19,Saturday,12,6
12,Fedora Dmych,Bigender,78,Taylorburgh,South Australia,134,2021-06-19,2021-07-01,634,840,113.0,2,226.0,Trousers,Chinos,XS,red,69,June,19,Saturday,12,6
12,Fedora Dmych,Bigender,78,Taylorburgh,South Australia,134,2021-06-19,2021-07-01,633,407,119.0,2,238.0,Shirt,Casual Slim Fit,M,blue,61,June,19,Saturday,12,6
13,Marabel Swinfon,Male,42,Maddisonmouth,Queensland,398,2021-09-28,2021-10-13,1981,472,118.0,1,118.0,Jacket,Puffer,M,green,72,September,28,Tuesday,15,9
13,Marabel Swinfon,Male,42,Maddisonmouth,Queensland,398,2021-09-28,2021-10-13,1980,503,102.0,1,102.0,Jacket,Windbreaker,L,yellow,70,September,28,Tuesday,15,9
13,Marabel Swinfon,Male,42,Maddisonmouth,Queensland,398,2021-09-28,2021-10-13,1982,611,112.0,1,112.0,Jacket,Cardigan,S,green,62,September,28,Tuesday,15,9
15,Avril Rossiter,Genderfluid,34,Kiehnburgh,Western Australia,995,2021-04-14,2021-04-28,4977,536,98.0,1,98.0,Jacket,Leather,S,yellow,41,April,14,Wednesday,14,4
15,Avril Rossiter,Genderfluid,34,Kiehnburgh,Western Australia,995,2021-04-14,2021-04-28,4979,24,96.0,3,288.0,Shirt,Oxford Cloth,XL,blue,60,April,14,Wednesday,14,4
15,Avril Rossiter,Genderfluid,34,Kiehnburgh,Western Australia,995,2021-04-14,2021-04-28,4980,244,106.0,1,106.0,Shirt,Chambray,XL,violet,54,April,14,Wednesday,14,4
15,Avril Rossiter,Genderfluid,34,Kiehnburgh,Western Australia,995,2021-04-14,2021-04-28,4976,837,117.0,1,117.0,Jacket,Shearling,M,violet,74,April,14,Wednesday,14,4
15,Avril Rossiter,Genderfluid,34,Kiehnburgh,Western Australia,995,2021-04-14,2021-04-28,4975,564,100.0,3,300.0,Jacket,Bomber,XL,red,62,April,14,Wednesday,14,4
15,Avril Rossiter,Genderfluid,34,Kiehnburgh,Western Australia,200,2021-08-24,2021-09-07,976,135,92.0,2,184.0,Shirt,Denim,XS,violet,73,August,24,Tuesday,14,8
15,Avril Rossiter,Genderfluid,34,Kiehnburgh,Western Australia,200,2021-08-24,2021-09-07,978,992,106.0,1,106.0,Trousers,Wool,M,yellow,43,August,24,Tuesday,14,8
15,Avril Rossiter,Genderfluid,34,Kiehnburgh,Western Australia,200,2021-08-24,2021-09-07,973,758,109.0,3,327.0,Jacket,Peacoat,L,blue,64,August,24,Tuesday,14,8
15,Avril Rossiter,Genderfluid,34,Kiehnburgh,Western Australia,200,2021-08-24,2021-09-07,974,1158,99.0,2,198.0,Trousers,High-Waisted,L,red,52,August,24,Tuesday,14,8
15,Avril Rossiter,Genderfluid,34,Kiehnburgh,Western Australia,200,2021-08-24,2021-09-07,975,964,97.0,2,194.0,Trousers,Slim-Fit,XL,green,67,August,24,Tuesday,14,8
15,Avril Rossiter,Genderfluid,34,Kiehnburgh,Western Australia,995,2021-04-14,2021-04-28,4978,756,109.0,2,218.0,Jacket,Peacoat,S,blue,50,April,14,Wednesday,14,4
15,Avril Rossiter,Genderfluid,34,Kiehnburgh,Western Australia,200,2021-08-24,2021-09-07,977,842,113.0,3,339.0,Trousers,Chinos,M,red,54,August,24,Tuesday,14,8
16,Gabbie Aldwinckle,Male,75,New Kai,Victoria,885,2021-10-18,2021-11-13,4443,71,118.0,2,236.0,Shirt,Flannel,S,red,59,October,18,Monday,26,10
16,Gabbie Aldwinckle,Male,75,New Kai,Victoria,885,2021-10-18,2021-11-13,4440,930,96.0,3,288.0,Trousers,Drawstring,XS,blue,45,October,18,Monday,26,10
16,Gabbie Aldwinckle,Male,75,New Kai,Victoria,885,2021-10-18,2021-11-13,4439,511,102.0,2,204.0,Jacket,Windbreaker,S,blue,41,October,18,Monday,26,10
16,Gabbie Aldwinckle,Male,75,New Kai,Victoria,885,2021-10-18,2021-11-13,4441,1222,105.0,2,210.0,Trousers,Pleated,M,violet,45,October,18,Monday,26,10
16,Gabbie Aldwinckle,Male,75,New Kai,Victoria,885,2021-10-18,2021-11-13,4442,1012,106.0,3,318.0,Trousers,Wool,M,violet,51,October,18,Monday,26,10
18,Chan Duchesne,Male,79,Walterland,New South Wales,191,2021-01-22,2021-02-15,924,219,106.0,1,106.0,Shirt,Chambray,XL,orange,57,January,22,Friday,24,1
18,Chan Duchesne,Male,79,Walterland,New South Wales,191,2021-01-22,2021-02-15,928,23,96.0,2,192.0,Shirt,Oxford Cloth,L,blue,59,January,22,Friday,24,1
18,Chan Duchesne,Male,79,Walterland,New South Wales,191,2021-01-22,2021-02-15,927,74,118.0,1,118.0,Shirt,Flannel,XL,red,72,January,22,Friday,24,1
18,Chan Duchesne,Male,79,Walterland,New South Wales,354,2021-02-26,2021-03-08,1747,147,91.0,1,91.0,Shirt,Linen,M,orange,42,February,26,Friday,10,2
18,Chan Duchesne,Male,79,Walterland,New South Wales,354,2021-02-26,2021-03-08,1751,713,119.0,3,357.0,Jacket,Trench Coat,L,yellow,77,February,26,Friday,10,2
18,Chan Duchesne,Male,79,Walterland,New South Wales,354,2021-02-26,2021-03-08,1748,550,98.0,3,294.0,Jacket,Leather,XS,indigo,78,February,26,Friday,10,2
18,Chan Duchesne,Male,79,Walterland,New South Wales,354,2021-02-26,2021-03-08,1749,976,97.0,1,97.0,Trousers,Slim-Fit,S,violet,46,February,26,Friday,10,2
18,Chan Duchesne,Male,79,Walterland,New South Wales,191,2021-01-22,2021-02-15,925,1077,93.0,2,186.0,Trousers,Joggers,M,indigo,66,January,22,Friday,24,1
18,Chan Duchesne,Male,79,Walterland,New South Wales,191,2021-01-22,2021-02-15,929,282,105.0,1,105.0,Shirt,Cuban Collar,M,red,53,January,22,Friday,24,1
18,Chan Duchesne,Male,79,Walterland,New South Wales,354,2021-02-26,2021-03-08,1750,409,119.0,2,238.0,Shirt,Casual Slim Fit,XL,blue,68,February,26,Friday,10,2
18,Chan Duchesne,Male,79,Walterland,New South Wales,191,2021-01-22,2021-02-15,926,130,92.0,2,184.0,Shirt,Denim,XS,indigo,79,January,22,Friday,24,1
18,Chan Duchesne,Male,79,Walterland,New South Wales,354,2021-02-26,2021-03-08,1746,324,109.0,1,109.0,Shirt,Mandarin Collar,XL,orange,59,February,26,Friday,10,2
18,Chan Duchesne,Male,79,Walterland,New South Wales,354,2021-02-26,2021-03-08,1745,620,112.0,2,224.0,Jacket,Cardigan,XS,indigo,70,February,26,Friday,10,2
19,Chadwick Cruddas,Agender,41,West Bailey,Victoria,274,2021-04-13,2021-04-27,1320,73,118.0,3,354.0,Shirt,Flannel,L,red,77,April,13,Tuesday,14,4
19,Chadwick Cruddas,Agender,41,West Bailey,Victoria,274,2021-04-13,2021-04-27,1319,1140,102.0,2,204.0,Trousers,Cargo Pants,XS,blue,73,April,13,Tuesday,14,4
19,Chadwick Cruddas,Agender,41,West Bailey,Victoria,274,2021-04-13,2021-04-27,1321,1225,112.0,1,112.0,Trousers,Tracksuit Bottoms,XS,red,55,April,13,Tuesday,14,4
19,Chadwick Cruddas,Agender,41,West Bailey,Victoria,274,2021-04-13,2021-04-27,1318,942,96.0,1,96.0,Trousers,Drawstring,M,violet,73,April,13,Tuesday,14,4
19,Chadwick Cruddas,Agender,41,West Bailey,Victoria,274,2021-04-13,2021-04-27,1323,581,100.0,1,100.0,Jacket,Bomber,S,blue,50,April,13,Tuesday,14,4
19,Chadwick Cruddas,Agender,41,West Bailey,Victoria,274,2021-04-13,2021-04-27,1322,513,102.0,3,306.0,Jacket,Windbreaker,L,blue,41,April,13,Tuesday,14,4
20,Gigi Kalaher,Genderqueer,55,East Audrey,South Australia,641,2021-03-10,2021-03-22,3181,840,113.0,3,339.0,Trousers,Chinos,XS,red,69,March,10,Wednesday,12,3
20,Gigi Kalaher,Genderqueer,55,East Audrey,South Australia,641,2021-03-10,2021-03-22,3178,25,96.0,1,96.0,Shirt,Oxford Cloth,XS,indigo,61,March,10,Wednesday,12,3
20,Gigi Kalaher,Genderqueer,55,East Audrey,South Australia,641,2021-03-10,2021-03-22,3177,1249,112.0,1,112.0,Trousers,Tracksuit Bottoms,XL,blue,68,March,10,Wednesday,12,3
20,Gigi Kalaher,Genderqueer,55,East Audrey,South Australia,641,2021-03-10,2021-03-22,3180,1039,90.0,1,90.0,Trousers,Relaxed Leg,XL,blue,40,March,10,Wednesday,12,3
20,Gigi Kalaher,Genderqueer,55,East Audrey,South Australia,432,2021-10-20,2021-11-03,2148,6,96.0,1,96.0,Shirt,Oxford Cloth,S,orange,72,October,20,Wednesday,14,10
20,Gigi Kalaher,Genderqueer,55,East Audrey,South Australia,432,2021-10-20,2021-11-03,2146,652,93.0,1,93.0,Jacket,Coach,M,blue,54,October,20,Wednesday,14,10
20,Gigi Kalaher,Genderqueer,55,East Audrey,South Australia,432,2021-10-20,2021-11-03,2147,769,109.0,2,218.0,Jacket,Peacoat,XL,violet,42,October,20,Wednesday,14,10
20,Gigi Kalaher,Genderqueer,55,East Audrey,South Australia,432,2021-10-20,2021-11-03,2145,191,98.0,3,294.0,Shirt,Camp Collared,S,green,60,October,20,Wednesday,14,10
20,Gigi Kalaher,Genderqueer,55,East Audrey,South Australia,641,2021-03-10,2021-03-22,3179,161,91.0,2,182.0,Shirt,Linen,S,blue,77,March,10,Wednesday,12,3
21,Seana Hearons,Non-binary,31,South Callum,Tasmania,616,2021-05-13,2021-05-14,3067,1252,112.0,1,112.0,Trousers,Tracksuit Bottoms,M,indigo,59,May,13,Thursday,1,5
21,Seana Hearons,Non-binary,31,South Callum,Tasmania,616,2021-05-13,2021-05-14,3066,215,106.0,2,212.0,Shirt,Chambray,XS,orange,76,May,13,Thursday,1,5
21,Seana Hearons,Non-binary,31,South Callum,Tasmania,616,2021-05-13,2021-05-14,3068,422,107.0,3,321.0,Jacket,Denim,M,red,43,May,13,Thursday,1,5
21,Seana Hearons,Non-binary,31,South Callum,Tasmania,664,2021-01-07,2021-01-20,3294,312,105.0,1,105.0,Shirt,Cuban Collar,M,violet,67,January,7,Thursday,13,1
21,Seana Hearons,Non-binary,31,South Callum,Tasmania,664,2021-01-07,2021-01-20,3293,811,117.0,1,117.0,Jacket,Shearling,S,orange,53,January,7,Thursday,13,1
21,Seana Hearons,Non-binary,31,South Callum,Tasmania,377,2021-05-19,2021-05-28,1874,1006,106.0,3,318.0,Trousers,Wool,S,indigo,45,May,19,Wednesday,9,5
21,Seana Hearons,Non-binary,31,South Callum,Tasmania,377,2021-05-19,2021-05-28,1880,126,92.0,1,92.0,Shirt,Denim,S,blue,47,May,19,Wednesday,9,5
21,Seana Hearons,Non-binary,31,South Callum,Tasmania,616,2021-05-13,2021-05-14,3065,615,112.0,2,224.0,Jacket,Cardigan,XS,blue,54,May,13,Thursday,1,5
21,Seana Hearons,Non-binary,31,South Callum,Tasmania,377,2021-05-19,2021-05-28,1873,1145,102.0,1,102.0,Trousers,Cargo Pants,XS,indigo,51,May,19,Wednesday,9,5
21,Seana Hearons,Non-binary,31,South Callum,Tasmania,377,2021-05-19,2021-05-28,1878,851,113.0,2,226.0,Trousers,Chinos,S,yellow,40,May,19,Wednesday,9,5
21,Seana Hearons,Non-binary,31,South Callum,Tasmania,377,2021-05-19,2021-05-28,1879,628,112.0,1,112.0,Jacket,Cardigan,L,violet,66,May,19,Wednesday,9,5
21,Seana Hearons,Non-binary,31,South Callum,Tasmania,377,2021-05-19,2021-05-28,1876,235,106.0,3,318.0,Shirt,Chambray,XS,indigo,75,May,19,Wednesday,9,5
21,Seana Hearons,Non-binary,31,South Callum,Tasmania,377,2021-05-19,2021-05-28,1875,197,98.0,2,196.0,Shirt,Camp Collared,M,blue,65,May,19,Wednesday,9,5
21,Seana Hearons,Non-binary,31,South Callum,Tasmania,377,2021-05-19,2021-05-28,1877,968,97.0,1,97.0,Trousers,Slim-Fit,L,blue,49,May,19,Wednesday,9,5
22,Blayne Sabatier,Non-binary,20,Maxberg,Victoria,668,2021-03-15,2021-03-30,3316,1079,93.0,1,93.0,Trousers,Joggers,XL,indigo,66,March,15,Monday,15,3
22,Blayne Sabatier,Non-binary,20,Maxberg,Victoria,668,2021-03-15,2021-03-30,3312,1149,102.0,3,306.0,Trousers,Cargo Pants,XL,indigo,64,March,15,Monday,15,3
22,Blayne Sabatier,Non-binary,20,Maxberg,Victoria,668,2021-03-15,2021-03-30,3318,903,94.0,1,94.0,Trousers,Cords,L,indigo,62,March,15,Monday,15,3
22,Blayne Sabatier,Non-binary,20,Maxberg,Victoria,668,2021-03-15,2021-03-30,3314,48,104.0,3,312.0,Shirt,Dress,L,yellow,56,March,15,Monday,15,3
22,Blayne Sabatier,Non-binary,20,Maxberg,Victoria,668,2021-03-15,2021-03-30,3320,77,118.0,3,354.0,Shirt,Flannel,M,orange,68,March,15,Monday,15,3
22,Blayne Sabatier,Non-binary,20,Maxberg,Victoria,668,2021-03-15,2021-03-30,3319,214,106.0,1,106.0,Shirt,Chambray,XL,red,42,March,15,Monday,15,3
22,Blayne Sabatier,Non-binary,20,Maxberg,Victoria,668,2021-03-15,2021-03-30,3310,788,91.0,3,273.0,Jacket,Pullover,L,green,72,March,15,Monday,15,3
22,Blayne Sabatier,Non-binary,20,Maxberg,Victoria,668,2021-03-15,2021-03-30,3311,388,119.0,2,238.0,Shirt,Casual Slim Fit,L,red,78,March,15,Monday,15,3
22,Blayne Sabatier,Non-binary,20,Maxberg,Victoria,668,2021-03-15,2021-03-30,3313,955,97.0,3,291.0,Trousers,Slim-Fit,XS,yellow,59,March,15,Monday,15,3
22,Blayne Sabatier,Non-binary,20,Maxberg,Victoria,668,2021-03-15,2021-03-30,3317,478,118.0,3,354.0,Jacket,Puffer,L,blue,48,March,15,Monday,15,3
22,Blayne Sabatier,Non-binary,20,Maxberg,Victoria,668,2021-03-15,2021-03-30,3315,481,118.0,1,118.0,Jacket,Puffer,S,indigo,62,March,15,Monday,15,3
23,Alair Grimwad,Female,32,North Mia,Tasmania,515,2021-05-23,2021-06-13,2554,1007,106.0,3,318.0,Trousers,Wool,M,indigo,56,May,23,Sunday,21,5
23,Alair Grimwad,Female,32,North Mia,Tasmania,515,2021-05-23,2021-06-13,2555,817,117.0,1,117.0,Jacket,Shearling,M,yellow,60,May,23,Sunday,21,5
23,Alair Grimwad,Female,32,North Mia,Tasmania,515,2021-05-23,2021-06-13,2553,576,100.0,1,100.0,Jacket,Bomber,S,green,54,May,23,Sunday,21,5
23,Alair Grimwad,Female,32,North Mia,Tasmania,515,2021-05-23,2021-06-13,2557,346,109.0,1,109.0,Shirt,Mandarin Collar,S,violet,73,May,23,Sunday,21,5
23,Alair Grimwad,Female,32,North Mia,Tasmania,515,2021-05-23,2021-06-13,2559,860,113.0,3,339.0,Trousers,Chinos,XS,blue,69,May,23,Sunday,21,5
23,Alair Grimwad,Female,32,North Mia,Tasmania,515,2021-05-23,2021-06-13,2558,1181,99.0,1,99.0,Trousers,High-Waisted,S,indigo,79,May,23,Sunday,21,5
23,Alair Grimwad,Female,32,North Mia,Tasmania,515,2021-05-23,2021-06-13,2556,1057,93.0,2,186.0,Trousers,Joggers,M,orange,52,May,23,Sunday,21,5
25,Ernaline Luce,Genderqueer,75,Olivershire,Victoria,609,2021-04-22,2021-05-08,3034,900,94.0,3,282.0,Trousers,Cords,XS,indigo,47,April,22,Thursday,16,4
25,Ernaline Luce,Genderqueer,75,Olivershire,Victoria,609,2021-04-22,2021-05-08,3035,177,98.0,1,98.0,Shirt,Camp Collared,M,red,64,April,22,Thursday,16,4
25,Ernaline Luce,Genderqueer,75,Olivershire,Victoria,609,2021-04-22,2021-05-08,3032,536,98.0,2,196.0,Jacket,Leather,S,yellow,41,April,22,Thursday,16,4
25,Ernaline Luce,Genderqueer,75,Olivershire,Victoria,609,2021-04-22,2021-05-08,3036,1033,90.0,3,270.0,Trousers,Relaxed Leg,L,green,62,April,22,Thursday,16,4
25,Ernaline Luce,Genderqueer,75,Olivershire,Victoria,609,2021-04-22,2021-05-08,3033,196,98.0,3,294.0,Shirt,Camp Collared,S,blue,75,April,22,Thursday,16,4
25,Ernaline Luce,Genderqueer,75,Olivershire,Victoria,609,2021-04-22,2021-05-08,3037,872,113.0,1,113.0,Trousers,Chinos,M,violet,54,April,22,Thursday,16,4
26,Timothy Compston,Genderqueer,50,New Oliverside,New South Wales,550,2021-08-04,2021-08-09,2750,707,119.0,2,238.0,Jacket,Trench Coat,M,orange,43,August,4,Wednesday,5,8
26,Timothy Compston,Genderqueer,50,New Oliverside,New South Wales,550,2021-08-04,2021-08-09,2751,399,119.0,1,119.0,Shirt,Casual Slim Fit,XL,yellow,78,August,4,Wednesday,5,8
26,Timothy Compston,Genderqueer,50,New Oliverside,New South Wales,550,2021-08-04,2021-08-09,2753,1233,112.0,3,336.0,Trousers,Tracksuit Bottoms,L,orange,73,August,4,Wednesday,5,8
26,Timothy Compston,Genderqueer,50,New Oliverside,New South Wales,550,2021-08-04,2021-08-09,2754,97,118.0,1,118.0,Shirt,Flannel,M,indigo,69,August,4,Wednesday,5,8
26,Timothy Compston,Genderqueer,50,New Oliverside,New South Wales,550,2021-08-04,2021-08-09,2752,623,112.0,2,224.0,Jacket,Cardigan,L,indigo,40,August,4,Wednesday,5,8
26,Timothy Compston,Genderqueer,50,New Oliverside,New South Wales,550,2021-08-04,2021-08-09,2749,63,104.0,3,312.0,Shirt,Dress,L,indigo,71,August,4,Wednesday,5,8
27,Jayme Turvie,Polygender,55,Lake Alanafort,Western Australia,748,2021-05-16,2021-06-06,3741,405,119.0,2,238.0,Shirt,Casual Slim Fit,XS,blue,55,May,16,Sunday,21,5
27,Jayme Turvie,Polygender,55,Lake Alanafort,Western Australia,748,2021-05-16,2021-06-06,3739,743,109.0,3,327.0,Jacket,Peacoat,L,orange,45,May,16,Sunday,21,5
27,Jayme Turvie,Polygender,55,Lake Alanafort,Western Australia,748,2021-05-16,2021-06-06,3740,167,91.0,2,182.0,Shirt,Linen,M,indigo,72,May,16,Sunday,21,5
27,Jayme Turvie,Polygender,55,Lake Alanafort,Western Australia,748,2021-05-16,2021-06-06,3742,1133,102.0,3,306.0,Trousers,Cargo Pants,L,yellow,71,May,16,Sunday,21,5
27,Jayme Turvie,Polygender,55,Lake Alanafort,Western Australia,748,2021-05-16,2021-06-06,3743,991,106.0,2,212.0,Trousers,Wool,S,yellow,69,May,16,Sunday,21,5
28,Hadley Baddam,Non-binary,79,West Noah,Queensland,208,2021-10-10,2021-10-15,1013,231,106.0,2,212.0,Shirt,Chambray,S,blue,61,October,10,Sunday,5,10
28,Hadley Baddam,Non-binary,79,West Noah,Queensland,226,2021-07-09,2021-07-23,1105,900,94.0,2,188.0,Trousers,Cords,XS,indigo,47,July,9,Friday,14,7
28,Hadley Baddam,Non-binary,79,West Noah,Queensland,208,2021-10-10,2021-10-15,1016,1006,106.0,1,106.0,Trousers,Wool,S,indigo,45,October,10,Sunday,5,10
28,Hadley Baddam,Non-binary,79,West Noah,Queensland,208,2021-10-10,2021-10-15,1014,895,94.0,1,94.0,Trousers,Cords,XS,blue,60,October,10,Sunday,5,10
28,Hadley Baddam,Non-binary,79,West Noah,Queensland,208,2021-10-10,2021-10-15,1017,486,118.0,3,354.0,Jacket,Puffer,S,violet,46,October,10,Sunday,5,10
28,Hadley Baddam,Non-binary,79,West Noah,Queensland,208,2021-10-10,2021-10-15,1015,744,109.0,1,109.0,Jacket,Peacoat,XL,orange,69,October,10,Sunday,5,10
28,Hadley Baddam,Non-binary,79,West Noah,Queensland,208,2021-10-10,2021-10-15,1012,501,102.0,2,204.0,Jacket,Windbreaker,S,yellow,66,October,10,Sunday,5,10
28,Hadley Baddam,Non-binary,79,West Noah,Queensland,226,2021-07-09,2021-07-23,1099,711,119.0,2,238.0,Jacket,Trench Coat,S,yellow,59,July,9,Friday,14,7
28,Hadley Baddam,Non-binary,79,West Noah,Queensland,226,2021-07-09,2021-07-23,1107,517,102.0,1,102.0,Jacket,Windbreaker,M,indigo,56,July,9,Friday,14,7
28,Hadley Baddam,Non-binary,79,West Noah,Queensland,226,2021-07-09,2021-07-23,1104,683,113.0,2,226.0,Jacket,Parka,L,green,55,July,9,Friday,14,7
28,Hadley Baddam,Non-binary,79,West Noah,Queensland,226,2021-07-09,2021-07-23,1106,512,102.0,2,204.0,Jacket,Windbreaker,M,blue,70,July,9,Friday,14,7
28,Hadley Baddam,Non-binary,79,West Noah,Queensland,226,2021-07-09,2021-07-23,1103,860,113.0,3,339.0,Trousers,Chinos,XS,blue,69,July,9,Friday,14,7
28,Hadley Baddam,Non-binary,79,West Noah,Queensland,226,2021-07-09,2021-07-23,1102,972,97.0,1,97.0,Trousers,Slim-Fit,M,indigo,67,July,9,Friday,14,7
28,Hadley Baddam,Non-binary,79,West Noah,Queensland,226,2021-07-09,2021-07-23,1101,206,98.0,1,98.0,Shirt,Camp Collared,S,violet,80,July,9,Friday,14,7
28,Hadley Baddam,Non-binary,79,West Noah,Queensland,226,2021-07-09,2021-07-23,1100,1128,102.0,3,306.0,Trousers,Cargo Pants,L,orange,78,July,9,Friday,14,7
34,Ninon Corteney,Non-binary,55,Sauerfort,Western Australia,267,2021-09-11,2021-09-12,1296,372,94.0,3,282.0,Shirt,Henley,M,blue,42,September,11,Saturday,1,9
34,Ninon Corteney,Non-binary,55,Sauerfort,Western Australia,267,2021-09-11,2021-09-12,1297,1069,93.0,3,279.0,Trousers,Joggers,XL,green,56,September,11,Saturday,1,9
34,Ninon Corteney,Non-binary,55,Sauerfort,Western Australia,267,2021-09-11,2021-09-12,1294,252,95.0,1,95.0,Shirt,Polo,M,orange,67,September,11,Saturday,1,9
34,Ninon Corteney,Non-binary,55,Sauerfort,Western Australia,267,2021-09-11,2021-09-12,1295,298,105.0,2,210.0,Shirt,Cuban Collar,L,green,58,September,11,Saturday,1,9
35,Adamo Saddington,Male,80,Port Lucas,Queensland,844,2021-09-26,2021-10-18,4244,139,92.0,1,92.0,Shirt,Denim,XL,violet,73,September,26,Sunday,22,9
35,Adamo Saddington,Male,80,Port Lucas,Queensland,844,2021-09-26,2021-10-18,4242,134,92.0,3,276.0,Shirt,Denim,XL,indigo,58,September,26,Sunday,22,9
35,Adamo Saddington,Male,80,Port Lucas,Queensland,844,2021-09-26,2021-10-18,4243,1024,90.0,3,270.0,Trousers,Relaxed Leg,XL,orange,80,September,26,Sunday,22,9
35,Adamo Saddington,Male,80,Port Lucas,Queensland,948,2021-08-24,2021-09-02,4727,896,94.0,1,94.0,Trousers,Cords,S,blue,59,August,24,Tuesday,9,8
35,Adamo Saddington,Male,80,Port Lucas,Queensland,844,2021-09-26,2021-10-18,4241,1222,105.0,2,210.0,Trousers,Pleated,M,violet,45,September,26,Sunday,22,9
35,Adamo Saddington,Male,80,Port Lucas,Queensland,948,2021-08-24,2021-09-02,4724,972,97.0,2,194.0,Trousers,Slim-Fit,M,indigo,67,August,24,Tuesday,9,8
35,Adamo Saddington,Male,80,Port Lucas,Queensland,948,2021-08-24,2021-09-02,4725,1246,112.0,1,112.0,Trousers,Tracksuit Bottoms,S,blue,48,August,24,Tuesday,9,8
35,Adamo Saddington,Male,80,Port Lucas,Queensland,948,2021-08-24,2021-09-02,4726,121,92.0,1,92.0,Shirt,Denim,S,green,49,August,24,Tuesday,9,8
35,Adamo Saddington,Male,80,Port Lucas,Queensland,844,2021-09-26,2021-10-18,4245,586,100.0,3,300.0,Jacket,Bomber,S,indigo,41,September,26,Sunday,22,9
40,Regan Gronaller,Polygender,59,Port Claudia,New South Wales,732,2021-05-09,2021-05-29,3651,1142,102.0,1,102.0,Trousers,Cargo Pants,M,blue,64,May,9,Sunday,20,5
40,Regan Gronaller,Polygender,59,Port Claudia,New South Wales,732,2021-05-09,2021-05-29,3650,650,93.0,3,279.0,Jacket,Coach,XS,blue,51,May,9,Sunday,20,5
40,Regan Gronaller,Polygender,59,Port Claudia,New South Wales,753,2021-02-20,2021-02-28,3775,983,106.0,3,318.0,Trousers,Wool,L,red,74,February,20,Saturday,8,2
40,Regan Gronaller,Polygender,59,Port Claudia,New South Wales,753,2021-02-20,2021-02-28,3774,742,109.0,1,109.0,Jacket,Peacoat,M,orange,47,February,20,Saturday,8,2
40,Regan Gronaller,Polygender,59,Port Claudia,New South Wales,732,2021-05-09,2021-05-29,3652,278,95.0,2,190.0,Shirt,Polo,L,violet,76,May,9,Sunday,20,5
40,Regan Gronaller,Polygender,59,Port Claudia,New South Wales,753,2021-02-20,2021-02-28,3773,394,119.0,1,119.0,Shirt,Casual Slim Fit,XL,orange,53,February,20,Saturday,8,2
41,Hana Stitch,Male,65,Port Ella,New South Wales,320,2021-08-22,2021-09-12,1562,1235,112.0,3,336.0,Trousers,Tracksuit Bottoms,XS,yellow,76,August,22,Sunday,21,8
41,Hana Stitch,Male,65,Port Ella,New South Wales,320,2021-08-22,2021-09-12,1561,1137,102.0,3,306.0,Trousers,Cargo Pants,M,green,78,August,22,Sunday,21,8
41,Hana Stitch,Male,65,Port Ella,New South Wales,320,2021-08-22,2021-09-12,1564,844,113.0,2,226.0,Trousers,Chinos,XL,red,71,August,22,Sunday,21,8
41,Hana Stitch,Male,65,Port Ella,New South Wales,320,2021-08-22,2021-09-12,1563,836,117.0,1,117.0,Jacket,Shearling,S,violet,49,August,22,Sunday,21,8
41,Hana Stitch,Male,65,Port Ella,New South Wales,320,2021-08-22,2021-09-12,1560,596,112.0,3,336.0,Jacket,Cardigan,S,red,47,August,22,Sunday,21,8
41,Hana Stitch,Male,65,Port Ella,New South Wales,320,2021-08-22,2021-09-12,1559,940,96.0,1,96.0,Trousers,Drawstring,XS,violet,62,August,22,Sunday,21,8
42,Horatius Genever,Genderqueer,37,Gabriellatown,Victoria,778,2021-01-24,2021-02-07,3883,594,100.0,2,200.0,Jacket,Bomber,XL,violet,53,January,24,Sunday,14,1
42,Horatius Genever,Genderqueer,37,Gabriellatown,Victoria,778,2021-01-24,2021-02-07,3886,1147,102.0,2,204.0,Trousers,Cargo Pants,M,indigo,51,January,24,Sunday,14,1
42,Horatius Genever,Genderqueer,37,Gabriellatown,Victoria,778,2021-01-24,2021-02-07,3885,526,98.0,1,98.0,Jacket,Leather,S,red,80,January,24,Sunday,14,1
42,Horatius Genever,Genderqueer,37,Gabriellatown,Victoria,778,2021-01-24,2021-02-07,3884,536,98.0,3,294.0,Jacket,Leather,S,yellow,41,January,24,Sunday,14,1
42,Horatius Genever,Genderqueer,37,Gabriellatown,Victoria,778,2021-01-24,2021-02-07,3888,780,91.0,1,91.0,Jacket,Pullover,XS,yellow,65,January,24,Sunday,14,1
42,Horatius Genever,Genderqueer,37,Gabriellatown,Victoria,778,2021-01-24,2021-02-07,3887,230,106.0,2,212.0,Shirt,Chambray,XS,blue,76,January,24,Sunday,14,1
44,Avivah Chipchase,Bigender,60,Eliburgh,Tasmania,787,2021-07-18,2021-07-31,3942,68,104.0,2,208.0,Shirt,Dress,L,violet,74,July,18,Sunday,13,7
44,Avivah Chipchase,Bigender,60,Eliburgh,Tasmania,787,2021-07-18,2021-07-31,3943,508,102.0,2,204.0,Jacket,Windbreaker,L,green,62,July,18,Sunday,13,7
44,Avivah Chipchase,Bigender,60,Eliburgh,Tasmania,787,2021-07-18,2021-07-31,3941,966,97.0,1,97.0,Trousers,Slim-Fit,S,blue,49,July,18,Sunday,13,7
44,Avivah Chipchase,Bigender,60,Eliburgh,Tasmania,787,2021-07-18,2021-07-31,3944,1077,93.0,3,279.0,Trousers,Joggers,M,indigo,66,July,18,Sunday,13,7
44,Avivah Chipchase,Bigender,60,Eliburgh,Tasmania,787,2021-07-18,2021-07-31,3946,356,94.0,2,188.0,Shirt,Henley,S,orange,46,July,18,Sunday,13,7
44,Avivah Chipchase,Bigender,60,Eliburgh,Tasmania,787,2021-07-18,2021-07-31,3947,1182,99.0,1,99.0,Trousers,High-Waisted,M,indigo,61,July,18,Sunday,13,7
44,Avivah Chipchase,Bigender,60,Eliburgh,Tasmania,787,2021-07-18,2021-07-31,3945,397,119.0,1,119.0,Shirt,Casual Slim Fit,M,yellow,76,July,18,Sunday,13,7
45,Vicki Stockwell,Male,27,Leofurt,Australian Capital Territory,932,2021-08-22,2021-08-23,4649,382,94.0,3,282.0,Shirt,Henley,M,violet,44,August,22,Sunday,1,8
45,Vicki Stockwell,Male,27,Leofurt,Australian Capital Territory,932,2021-08-22,2021-08-23,4650,821,117.0,1,117.0,Jacket,Shearling,S,green,66,August,22,Sunday,1,8
46,Meris Twitty,Agender,68,Bartolettiside,Australian Capital Territory,355,2021-04-14,2021-04-24,1753,134,92.0,2,184.0,Shirt,Denim,XL,indigo,58,April,14,Wednesday,10,4
46,Meris Twitty,Agender,68,Bartolettiside,Australian Capital Territory,355,2021-04-14,2021-04-24,1755,200,98.0,2,196.0,Shirt,Camp Collared,XS,indigo,64,April,14,Wednesday,10,4
46,Meris Twitty,Agender,68,Bartolettiside,Australian Capital Territory,355,2021-04-14,2021-04-24,1754,379,94.0,1,94.0,Shirt,Henley,XL,indigo,52,April,14,Wednesday,10,4
46,Meris Twitty,Agender,68,Bartolettiside,Australian Capital Territory,355,2021-04-14,2021-04-24,1752,72,118.0,2,236.0,Shirt,Flannel,M,red,68,April,14,Wednesday,10,4
47,Jarrett Brumby,Polygender,54,Lake Nicholasfurt,Western Australia,410,2021-08-04,2021-08-09,2034,660,93.0,1,93.0,Jacket,Coach,XS,violet,58,August,4,Wednesday,5,8
47,Jarrett Brumby,Polygender,54,Lake Nicholasfurt,Western Australia,410,2021-08-04,2021-08-09,2035,1049,90.0,1,90.0,Trousers,Relaxed Leg,XL,violet,42,August,4,Wednesday,5,8
49,Shanna Pietrzyk,Female,56,Port Alyssa,Queensland,553,2021-03-06,2021-03-14,2765,973,97.0,1,97.0,Trousers,Slim-Fit,L,indigo,48,March,6,Saturday,8,3
49,Shanna Pietrzyk,Female,56,Port Alyssa,Queensland,553,2021-03-06,2021-03-14,2763,658,93.0,1,93.0,Jacket,Coach,L,indigo,74,March,6,Saturday,8,3
49,Shanna Pietrzyk,Female,56,Port Alyssa,Queensland,553,2021-03-06,2021-03-14,2766,303,105.0,1,105.0,Shirt,Cuban Collar,L,blue,65,March,6,Saturday,8,3
49,Shanna Pietrzyk,Female,56,Port Alyssa,Queensland,534,2021-09-23,2021-09-26,2668,276,95.0,3,285.0,Shirt,Polo,S,violet,43,September,23,Thursday,3,9
49,Shanna Pietrzyk,Female,56,Port Alyssa,Queensland,553,2021-03-06,2021-03-14,2762,946,97.0,3,291.0,Trousers,Slim-Fit,S,red,71,March,6,Saturday,8,3
49,Shanna Pietrzyk,Female,56,Port Alyssa,Queensland,947,2021-06-24,2021-07-02,4721,1042,90.0,1,90.0,Trousers,Relaxed Leg,M,indigo,45,June,24,Thursday,8,6
49,Shanna Pietrzyk,Female,56,Port Alyssa,Queensland,947,2021-06-24,2021-07-02,4722,359,94.0,1,94.0,Shirt,Henley,XL,orange,52,June,24,Thursday,8,6
49,Shanna Pietrzyk,Female,56,Port Alyssa,Queensland,947,2021-06-24,2021-07-02,4723,440,107.0,1,107.0,Jacket,Denim,XS,blue,49,June,24,Thursday,8,6
49,Shanna Pietrzyk,Female,56,Port Alyssa,Queensland,553,2021-03-06,2021-03-14,2764,1118,115.0,2,230.0,Trousers,Cropped,L,violet,40,March,6,Saturday,8,3
50,Moore Oolahan,Genderqueer,63,East Aidan,Western Australia,714,2021-02-07,2021-02-19,3558,419,119.0,2,238.0,Shirt,Casual Slim Fit,XL,violet,57,February,7,Sunday,12,2
50,Moore Oolahan,Genderqueer,63,East Aidan,Western Australia,714,2021-02-07,2021-02-19,3560,731,119.0,3,357.0,Jacket,Trench Coat,S,violet,69,February,7,Sunday,12,2
50,Moore Oolahan,Genderqueer,63,East Aidan,Western Australia,714,2021-02-07,2021-02-19,3557,1022,90.0,2,180.0,Trousers,Relaxed Leg,M,orange,74,February,7,Sunday,12,2
50,Moore Oolahan,Genderqueer,63,East Aidan,Western Australia,635,2021-07-15,2021-08-05,3153,455,118.0,1,118.0,Jacket,Puffer,XS,red,67,July,15,Thursday,21,7
50,Moore Oolahan,Genderqueer,63,East Aidan,Western Australia,635,2021-07-15,2021-08-05,3156,453,107.0,3,321.0,Jacket,Denim,L,violet,50,July,15,Thursday,21,7
50,Moore Oolahan,Genderqueer,63,East Aidan,Western Australia,635,2021-07-15,2021-08-05,3155,615,112.0,1,112.0,Jacket,Cardigan,XS,blue,54,July,15,Thursday,21,7
50,Moore Oolahan,Genderqueer,63,East Aidan,Western Australia,635,2021-07-15,2021-08-05,3151,183,98.0,1,98.0,Shirt,Camp Collared,L,orange,63,July,15,Thursday,21,7
50,Moore Oolahan,Genderqueer,63,East Aidan,Western Australia,635,2021-07-15,2021-08-05,3154,429,107.0,2,214.0,Jacket,Denim,XL,orange,79,July,15,Thursday,21,7
50,Moore Oolahan,Genderqueer,63,East Aidan,Western Australia,635,2021-07-15,2021-08-05,3152,843,113.0,2,226.0,Trousers,Chinos,L,red,44,July,15,Thursday,21,7
50,Moore Oolahan,Genderqueer,63,East Aidan,Western Australia,714,2021-02-07,2021-02-19,3555,111,92.0,3,276.0,Shirt,Denim,S,orange,69,February,7,Sunday,12,2
50,Moore Oolahan,Genderqueer,63,East Aidan,Western Australia,714,2021-02-07,2021-02-19,3559,951,97.0,1,97.0,Trousers,Slim-Fit,S,orange,55,February,7,Sunday,12,2
50,Moore Oolahan,Genderqueer,63,East Aidan,Western Australia,714,2021-02-07,2021-02-19,3556,331,109.0,3,327.0,Shirt,Mandarin Collar,S,green,74,February,7,Sunday,12,2
51,Kayley Brosoli,Non-binary,52,South Evaport,Northern Territory,127,2021-04-01,2021-04-11,602,542,98.0,1,98.0,Jacket,Leather,M,green,45,April,1,Thursday,10,4
51,Kayley Brosoli,Non-binary,52,South Evaport,Northern Territory,127,2021-04-01,2021-04-11,598,384,94.0,3,282.0,Shirt,Henley,XL,violet,77,April,1,Thursday,10,4
51,Kayley Brosoli,Non-binary,52,South Evaport,Northern Territory,36,2021-08-22,2021-09-04,168,636,93.0,3,279.0,Jacket,Coach,S,orange,55,August,22,Sunday,13,8
51,Kayley Brosoli,Non-binary,52,South Evaport,Northern Territory,36,2021-08-22,2021-09-04,167,675,113.0,1,113.0,Jacket,Parka,XS,yellow,63,August,22,Sunday,13,8
51,Kayley Brosoli,Non-binary,52,South Evaport,Northern Territory,36,2021-08-22,2021-09-04,172,203,98.0,1,98.0,Shirt,Camp Collared,L,indigo,72,August,22,Sunday,13,8
51,Kayley Brosoli,Non-binary,52,South Evaport,Northern Territory,36,2021-08-22,2021-09-04,169,37,104.0,2,208.0,Shirt,Dress,M,red,57,August,22,Sunday,13,8
51,Kayley Brosoli,Non-binary,52,South Evaport,Northern Territory,36,2021-08-22,2021-09-04,170,831,117.0,2,234.0,Jacket,Shearling,S,indigo,45,August,22,Sunday,13,8
51,Kayley Brosoli,Non-binary,52,South Evaport,Northern Territory,127,2021-04-01,2021-04-11,603,477,118.0,2,236.0,Jacket,Puffer,M,blue,60,April,1,Thursday,10,4
51,Kayley Brosoli,Non-binary,52,South Evaport,Northern Territory,127,2021-04-01,2021-04-11,604,328,109.0,2,218.0,Shirt,Mandarin Collar,L,yellow,78,April,1,Thursday,10,4
51,Kayley Brosoli,Non-binary,52,South Evaport,Northern Territory,127,2021-04-01,2021-04-11,601,34,96.0,1,96.0,Shirt,Oxford Cloth,XL,violet,54,April,1,Thursday,10,4
51,Kayley Brosoli,Non-binary,52,South Evaport,Northern Territory,479,2021-06-27,2021-07-16,2364,1161,99.0,3,297.0,Trousers,High-Waisted,S,orange,42,June,27,Sunday,19,6
51,Kayley Brosoli,Non-binary,52,South Evaport,Northern Territory,479,2021-06-27,2021-07-16,2363,646,93.0,2,186.0,Jacket,Coach,S,green,60,June,27,Sunday,19,6
51,Kayley Brosoli,Non-binary,52,South Evaport,Northern Territory,479,2021-06-27,2021-07-16,2362,518,102.0,2,204.0,Jacket,Windbreaker,L,indigo,67,June,27,Sunday,19,6
51,Kayley Brosoli,Non-binary,52,South Evaport,Northern Territory,479,2021-06-27,2021-07-16,2366,434,107.0,1,107.0,Jacket,Denim,XL,yellow,56,June,27,Sunday,19,6
51,Kayley Brosoli,Non-binary,52,South Evaport,Northern Territory,127,2021-04-01,2021-04-11,599,539,98.0,3,294.0,Jacket,Leather,XL,yellow,67,April,1,Thursday,10,4
51,Kayley Brosoli,Non-binary,52,South Evaport,Northern Territory,127,2021-04-01,2021-04-11,605,121,92.0,1,92.0,Shirt,Denim,S,green,49,April,1,Thursday,10,4
51,Kayley Brosoli,Non-binary,52,South Evaport,Northern Territory,127,2021-04-01,2021-04-11,600,1138,102.0,1,102.0,Trousers,Cargo Pants,L,green,42,April,1,Thursday,10,4
51,Kayley Brosoli,Non-binary,52,South Evaport,Northern Territory,479,2021-06-27,2021-07-16,2365,477,118.0,2,236.0,Jacket,Puffer,M,blue,60,June,27,Sunday,19,6
51,Kayley Brosoli,Non-binary,52,South Evaport,Northern Territory,36,2021-08-22,2021-09-04,171,737,109.0,2,218.0,Jacket,Peacoat,M,red,59,August,22,Sunday,13,8
52,Marena Lockhart,Male,47,Chelseahaven,Victoria,352,2021-10-08,2021-10-10,1735,233,106.0,2,212.0,Shirt,Chambray,L,blue,69,October,8,Friday,2,10
52,Marena Lockhart,Male,47,Chelseahaven,Victoria,352,2021-10-08,2021-10-10,1736,146,91.0,2,182.0,Shirt,Linen,S,orange,42,October,8,Friday,2,10
52,Marena Lockhart,Male,47,Chelseahaven,Victoria,352,2021-10-08,2021-10-10,1734,571,100.0,3,300.0,Jacket,Bomber,S,yellow,64,October,8,Friday,2,10
52,Marena Lockhart,Male,47,Chelseahaven,Victoria,352,2021-10-08,2021-10-10,1737,892,94.0,2,188.0,Trousers,Cords,M,green,76,October,8,Friday,2,10
52,Marena Lockhart,Male,47,Chelseahaven,Victoria,352,2021-10-08,2021-10-10,1733,1241,112.0,1,112.0,Trousers,Tracksuit Bottoms,S,green,72,October,8,Friday,2,10
52,Marena Lockhart,Male,47,Chelseahaven,Victoria,352,2021-10-08,2021-10-10,1732,636,93.0,2,186.0,Jacket,Coach,S,orange,55,October,8,Friday,2,10
54,Tore Caras,Genderqueer,62,West Alyssa,Queensland,945,2021-07-04,2021-07-22,4717,580,100.0,2,200.0,Jacket,Bomber,XS,blue,44,July,4,Sunday,18,7
54,Tore Caras,Genderqueer,62,West Alyssa,Queensland,945,2021-07-04,2021-07-22,4715,1008,106.0,3,318.0,Trousers,Wool,L,indigo,41,July,4,Sunday,18,7
54,Tore Caras,Genderqueer,62,West Alyssa,Queensland,575,2021-08-14,2021-08-16,2868,753,109.0,1,109.0,Jacket,Peacoat,L,green,73,August,14,Saturday,2,8
54,Tore Caras,Genderqueer,62,West Alyssa,Queensland,575,2021-08-14,2021-08-16,2871,537,98.0,2,196.0,Jacket,Leather,M,yellow,77,August,14,Saturday,2,8
54,Tore Caras,Genderqueer,62,West Alyssa,Queensland,575,2021-08-14,2021-08-16,2870,78,118.0,3,354.0,Shirt,Flannel,L,orange,59,August,14,Saturday,2,8
54,Tore Caras,Genderqueer,62,West Alyssa,Queensland,945,2021-07-04,2021-07-22,4714,457,118.0,1,118.0,Jacket,Puffer,M,red,62,July,4,Sunday,18,7
54,Tore Caras,Genderqueer,62,West Alyssa,Queensland,945,2021-07-04,2021-07-22,4716,817,117.0,2,234.0,Jacket,Shearling,M,yellow,60,July,4,Sunday,18,7
54,Tore Caras,Genderqueer,62,West Alyssa,Queensland,945,2021-07-04,2021-07-22,4718,899,94.0,2,188.0,Trousers,Cords,XL,blue,65,July,4,Sunday,18,7
54,Tore Caras,Genderqueer,62,West Alyssa,Queensland,575,2021-08-14,2021-08-16,2869,793,91.0,2,182.0,Jacket,Pullover,L,blue,66,August,14,Saturday,2,8
55,Giles Kyne,Polygender,45,Lake Phoenixside,South Australia,526,2021-05-16,2021-05-22,2628,1030,90.0,3,270.0,Trousers,Relaxed Leg,XS,green,80,May,16,Sunday,6,5
55,Giles Kyne,Polygender,45,Lake Phoenixside,South Australia,526,2021-05-16,2021-05-22,2626,1122,102.0,3,306.0,Trousers,Cargo Pants,M,red,52,May,16,Sunday,6,5
55,Giles Kyne,Polygender,45,Lake Phoenixside,South Australia,526,2021-05-16,2021-05-22,2627,343,109.0,2,218.0,Shirt,Mandarin Collar,L,indigo,53,May,16,Sunday,6,5
55,Giles Kyne,Polygender,45,Lake Phoenixside,South Australia,526,2021-05-16,2021-05-22,2624,879,94.0,2,188.0,Trousers,Cords,XL,red,80,May,16,Sunday,6,5
55,Giles Kyne,Polygender,45,Lake Phoenixside,South Australia,526,2021-05-16,2021-05-22,2625,251,95.0,3,285.0,Shirt,Polo,S,orange,78,May,16,Sunday,6,5
55,Giles Kyne,Polygender,45,Lake Phoenixside,South Australia,526,2021-05-16,2021-05-22,2623,1112,115.0,1,115.0,Trousers,Cropped,M,indigo,73,May,16,Sunday,6,5
58,Aurie Margett,Agender,39,Amelieburgh,New South Wales,507,2021-06-20,2021-07-11,2511,1145,102.0,1,102.0,Trousers,Cargo Pants,XS,indigo,51,June,20,Sunday,21,6
58,Aurie Margett,Agender,39,Amelieburgh,New South Wales,298,2021-09-11,2021-09-20,1461,978,97.0,2,194.0,Trousers,Slim-Fit,L,violet,58,September,11,Saturday,9,9
58,Aurie Margett,Agender,39,Amelieburgh,New South Wales,298,2021-09-11,2021-09-20,1464,767,109.0,2,218.0,Jacket,Peacoat,M,violet,77,September,11,Saturday,9,9
58,Aurie Margett,Agender,39,Amelieburgh,New South Wales,507,2021-06-20,2021-07-11,2513,860,113.0,2,226.0,Trousers,Chinos,XS,blue,69,June,20,Sunday,21,6
58,Aurie Margett,Agender,39,Amelieburgh,New South Wales,507,2021-06-20,2021-07-11,2512,310,105.0,3,315.0,Shirt,Cuban Collar,XS,violet,49,June,20,Sunday,21,6
58,Aurie Margett,Agender,39,Amelieburgh,New South Wales,8,2021-04-12,2021-05-01,34,765,109.0,1,109.0,Jacket,Peacoat,XS,violet,54,April,12,Monday,19,4
58,Aurie Margett,Agender,39,Amelieburgh,New South Wales,8,2021-04-12,2021-05-01,35,256,95.0,2,190.0,Shirt,Polo,S,yellow,77,April,12,Monday,19,4
58,Aurie Margett,Agender,39,Amelieburgh,New South Wales,507,2021-06-20,2021-07-11,2514,814,117.0,1,117.0,Jacket,Shearling,XL,orange,60,June,20,Sunday,21,6
58,Aurie Margett,Agender,39,Amelieburgh,New South Wales,507,2021-06-20,2021-07-11,2515,504,102.0,1,102.0,Jacket,Windbreaker,XL,yellow,58,June,20,Sunday,21,6
58,Aurie Margett,Agender,39,Amelieburgh,New South Wales,298,2021-09-11,2021-09-20,1462,667,113.0,2,226.0,Jacket,Parka,M,red,56,September,11,Saturday,9,9
58,Aurie Margett,Agender,39,Amelieburgh,New South Wales,298,2021-09-11,2021-09-20,1465,1081,93.0,3,279.0,Trousers,Joggers,S,violet,63,September,11,Saturday,9,9
58,Aurie Margett,Agender,39,Amelieburgh,New South Wales,298,2021-09-11,2021-09-20,1466,555,98.0,2,196.0,Jacket,Leather,XS,violet,70,September,11,Saturday,9,9
58,Aurie Margett,Agender,39,Amelieburgh,New South Wales,298,2021-09-11,2021-09-20,1463,672,113.0,1,113.0,Jacket,Parka,M,orange,51,September,11,Saturday,9,9
60,Hyacinth Pepper,Agender,20,New Callum,Tasmania,524,2021-07-21,2021-08-01,2615,179,98.0,1,98.0,Shirt,Camp Collared,XL,red,79,July,21,Wednesday,11,7
60,Hyacinth Pepper,Agender,20,New Callum,Tasmania,524,2021-07-21,2021-08-01,2614,794,91.0,3,273.0,Jacket,Pullover,XL,blue,74,July,21,Wednesday,11,7
60,Hyacinth Pepper,Agender,20,New Callum,Tasmania,524,2021-07-21,2021-08-01,2616,485,118.0,3,354.0,Jacket,Puffer,XS,violet,74,July,21,Wednesday,11,7
61,Lin Avraam,Genderqueer,65,Samuelland,South Australia,473,2021-05-19,2021-06-12,2326,104,118.0,2,236.0,Shirt,Flannel,XL,violet,43,May,19,Wednesday,24,5
62,Denice Ledrane,Bigender,32,New Beaumouth,Australian Capital Territory,884,2021-08-16,2021-09-08,4430,1037,90.0,2,180.0,Trousers,Relaxed Leg,M,blue,72,August,16,Monday,23,8
62,Denice Ledrane,Bigender,32,New Beaumouth,Australian Capital Territory,884,2021-08-16,2021-09-08,4437,729,119.0,3,357.0,Jacket,Trench Coat,XL,indigo,64,August,16,Monday,23,8
62,Denice Ledrane,Bigender,32,New Beaumouth,Australian Capital Territory,884,2021-08-16,2021-09-08,4433,133,92.0,3,276.0,Shirt,Denim,L,indigo,58,August,16,Monday,23,8
62,Denice Ledrane,Bigender,32,New Beaumouth,Australian Capital Territory,884,2021-08-16,2021-09-08,4436,532,98.0,1,98.0,Jacket,Leather,M,orange,80,August,16,Monday,23,8
62,Denice Ledrane,Bigender,32,New Beaumouth,Australian Capital Territory,212,2021-10-14,2021-11-08,1032,517,102.0,2,204.0,Jacket,Windbreaker,M,indigo,56,October,14,Thursday,25,10
62,Denice Ledrane,Bigender,32,New Beaumouth,Australian Capital Territory,212,2021-10-14,2021-11-08,1035,172,91.0,2,182.0,Shirt,Linen,M,violet,44,October,14,Thursday,25,10
62,Denice Ledrane,Bigender,32,New Beaumouth,Australian Capital Territory,884,2021-08-16,2021-09-08,4438,1199,105.0,1,105.0,Trousers,Pleated,XL,orange,69,August,16,Monday,23,8
62,Denice Ledrane,Bigender,32,New Beaumouth,Australian Capital Territory,212,2021-10-14,2021-11-08,1036,1006,106.0,1,106.0,Trousers,Wool,S,indigo,45,October,14,Thursday,25,10
62,Denice Ledrane,Bigender,32,New Beaumouth,Australian Capital Territory,212,2021-10-14,2021-11-08,1029,1087,115.0,3,345.0,Trousers,Cropped,M,red,50,October,14,Thursday,25,10
62,Denice Ledrane,Bigender,32,New Beaumouth,Australian Capital Territory,212,2021-10-14,2021-11-08,1031,627,112.0,1,112.0,Jacket,Cardigan,M,violet,75,October,14,Thursday,25,10
62,Denice Ledrane,Bigender,32,New Beaumouth,Australian Capital Territory,212,2021-10-14,2021-11-08,1034,362,94.0,3,282.0,Shirt,Henley,M,yellow,71,October,14,Thursday,25,10
62,Denice Ledrane,Bigender,32,New Beaumouth,Australian Capital Territory,212,2021-10-14,2021-11-08,1030,317,109.0,3,327.0,Shirt,Mandarin Collar,M,red,60,October,14,Thursday,25,10
62,Denice Ledrane,Bigender,32,New Beaumouth,Australian Capital Territory,212,2021-10-14,2021-11-08,1033,1174,99.0,1,99.0,Trousers,High-Waisted,XL,green,78,October,14,Thursday,25,10
62,Denice Ledrane,Bigender,32,New Beaumouth,Australian Capital Territory,884,2021-08-16,2021-09-08,4434,681,113.0,2,226.0,Jacket,Parka,S,green,62,August,16,Monday,23,8
62,Denice Ledrane,Bigender,32,New Beaumouth,Australian Capital Territory,884,2021-08-16,2021-09-08,4435,428,107.0,3,321.0,Jacket,Denim,L,orange,73,August,16,Monday,23,8
62,Denice Ledrane,Bigender,32,New Beaumouth,Australian Capital Territory,884,2021-08-16,2021-09-08,4432,1198,105.0,1,105.0,Trousers,Pleated,L,orange,53,August,16,Monday,23,8
62,Denice Ledrane,Bigender,32,New Beaumouth,Australian Capital Territory,884,2021-08-16,2021-09-08,4431,715,119.0,3,357.0,Jacket,Trench Coat,XS,green,62,August,16,Monday,23,8
64,Annabella Devote,Genderfluid,75,Sanfordborough,South Australia,1,2021-08-30,2021-09-24,1,481,118.0,1,118.0,Jacket,Puffer,S,indigo,62,August,30,Monday,25,8
64,Annabella Devote,Genderfluid,75,Sanfordborough,South Australia,1,2021-08-30,2021-09-24,2,2,96.0,3,288.0,Shirt,Oxford Cloth,M,red,54,August,30,Monday,25,8
64,Annabella Devote,Genderfluid,75,Sanfordborough,South Australia,1,2021-08-30,2021-09-24,0,218,106.0,2,212.0,Shirt,Chambray,L,orange,44,August,30,Monday,25,8
64,Annabella Devote,Genderfluid,75,Sanfordborough,South Australia,1,2021-08-30,2021-09-24,4,691,113.0,3,339.0,Jacket,Parka,S,indigo,53,August,30,Monday,25,8
64,Annabella Devote,Genderfluid,75,Sanfordborough,South Australia,1,2021-08-30,2021-09-24,5,981,106.0,3,318.0,Trousers,Wool,S,red,65,August,30,Monday,25,8
64,Annabella Devote,Genderfluid,75,Sanfordborough,South Australia,1,2021-08-30,2021-09-24,3,1002,106.0,2,212.0,Trousers,Wool,M,blue,52,August,30,Monday,25,8
68,Willa Gaisford,Female,23,West Justin,Western Australia,75,2021-08-24,2021-09-15,324,571,100.0,2,200.0,Jacket,Bomber,S,yellow,64,August,24,Tuesday,22,8
68,Willa Gaisford,Female,23,West Justin,Western Australia,75,2021-08-24,2021-09-15,325,395,119.0,3,357.0,Shirt,Casual Slim Fit,XS,yellow,63,August,24,Tuesday,22,8
68,Willa Gaisford,Female,23,West Justin,Western Australia,75,2021-08-24,2021-09-15,326,604,112.0,3,336.0,Jacket,Cardigan,XL,orange,75,August,24,Tuesday,22,8
68,Willa Gaisford,Female,23,West Justin,Western Australia,247,2021-10-19,2021-11-12,1190,1220,105.0,3,315.0,Trousers,Pleated,XS,violet,58,October,19,Tuesday,24,10
68,Willa Gaisford,Female,23,West Justin,Western Australia,247,2021-10-19,2021-11-12,1191,1208,105.0,1,105.0,Trousers,Pleated,L,green,47,October,19,Tuesday,24,10
68,Willa Gaisford,Female,23,West Justin,Western Australia,247,2021-10-19,2021-11-12,1192,152,91.0,3,273.0,Shirt,Linen,M,yellow,59,October,19,Tuesday,24,10
69,Tiphany Peacop,Bigender,79,East Sofia,Victoria,965,2021-07-24,2021-07-29,4809,966,97.0,1,97.0,Trousers,Slim-Fit,S,blue,49,July,24,Saturday,5,7
69,Tiphany Peacop,Bigender,79,East Sofia,Victoria,965,2021-07-24,2021-07-29,4812,1152,102.0,3,306.0,Trousers,Cargo Pants,M,violet,58,July,24,Saturday,5,7
69,Tiphany Peacop,Bigender,79,East Sofia,Victoria,965,2021-07-24,2021-07-29,4810,1022,90.0,3,270.0,Trousers,Relaxed Leg,M,orange,74,July,24,Saturday,5,7
69,Tiphany Peacop,Bigender,79,East Sofia,Victoria,965,2021-07-24,2021-07-29,4811,288,105.0,2,210.0,Shirt,Cuban Collar,L,orange,65,July,24,Saturday,5,7
69,Tiphany Peacop,Bigender,79,East Sofia,Victoria,965,2021-07-24,2021-07-29,4813,101,118.0,2,236.0,Shirt,Flannel,S,violet,70,July,24,Saturday,5,7
69,Tiphany Peacop,Bigender,79,East Sofia,Victoria,965,2021-07-24,2021-07-29,4808,1115,115.0,1,115.0,Trousers,Cropped,XS,violet,65,July,24,Saturday,5,7
70,Dulcea Shrawley,Female,48,Codyview,Northern Territory,357,2021-02-08,2021-02-13,1764,264,95.0,2,190.0,Shirt,Polo,XL,green,61,February,8,Monday,5,2
70,Dulcea Shrawley,Female,48,Codyview,Northern Territory,357,2021-02-08,2021-02-13,1763,706,119.0,3,357.0,Jacket,Trench Coat,S,orange,41,February,8,Monday,5,2
72,Marinna Heal,Genderfluid,42,Braunhaven,Tasmania,937,2021-06-04,2021-06-25,4678,241,106.0,2,212.0,Shirt,Chambray,S,violet,52,June,4,Friday,21,6
72,Marinna Heal,Genderfluid,42,Braunhaven,Tasmania,937,2021-06-04,2021-06-25,4679,418,119.0,3,357.0,Shirt,Casual Slim Fit,L,violet,65,June,4,Friday,21,6
73,Jehanna Water,Polygender,48,Monahanside,South Australia,809,2021-02-11,2021-02-25,4064,778,91.0,1,91.0,Jacket,Pullover,L,orange,56,February,11,Thursday,14,2
73,Jehanna Water,Polygender,48,Monahanside,South Australia,809,2021-02-11,2021-02-25,4063,512,102.0,1,102.0,Jacket,Windbreaker,M,blue,70,February,11,Thursday,14,2
73,Jehanna Water,Polygender,48,Monahanside,South Australia,809,2021-02-11,2021-02-25,4065,136,92.0,1,92.0,Shirt,Denim,S,violet,54,February,11,Thursday,14,2
73,Jehanna Water,Polygender,48,Monahanside,South Australia,809,2021-02-11,2021-02-25,4061,398,119.0,3,357.0,Shirt,Casual Slim Fit,L,yellow,63,February,11,Thursday,14,2
73,Jehanna Water,Polygender,48,Monahanside,South Australia,809,2021-02-11,2021-02-25,4062,824,117.0,2,234.0,Jacket,Shearling,XL,green,51,February,11,Thursday,14,2
75,Katinka Currier,Non-binary,75,Smythland,South Australia,112,2021-02-04,2021-02-17,510,401,119.0,2,238.0,Shirt,Casual Slim Fit,S,green,72,February,4,Thursday,13,2
75,Katinka Currier,Non-binary,75,Smythland,South Australia,112,2021-02-04,2021-02-17,515,1245,112.0,1,112.0,Trousers,Tracksuit Bottoms,XS,blue,42,February,4,Thursday,13,2
75,Katinka Currier,Non-binary,75,Smythland,South Australia,112,2021-02-04,2021-02-17,513,755,109.0,2,218.0,Jacket,Peacoat,XS,blue,48,February,4,Thursday,13,2
75,Katinka Currier,Non-binary,75,Smythland,South Australia,112,2021-02-04,2021-02-17,511,1166,99.0,1,99.0,Trousers,High-Waisted,S,yellow,56,February,4,Thursday,13,2
75,Katinka Currier,Non-binary,75,Smythland,South Australia,112,2021-02-04,2021-02-17,512,884,94.0,3,282.0,Trousers,Cords,XL,orange,72,February,4,Thursday,13,2
75,Katinka Currier,Non-binary,75,Smythland,South Australia,380,2021-03-22,2021-03-28,1898,616,112.0,2,224.0,Jacket,Cardigan,S,blue,53,March,22,Monday,6,3
75,Katinka Currier,Non-binary,75,Smythland,South Australia,380,2021-03-22,2021-03-28,1894,49,104.0,2,208.0,Shirt,Dress,XL,yellow,75,March,22,Monday,6,3
75,Katinka Currier,Non-binary,75,Smythland,South Australia,112,2021-02-04,2021-02-17,514,259,95.0,1,95.0,Shirt,Polo,XL,yellow,46,February,4,Thursday,13,2
75,Katinka Currier,Non-binary,75,Smythland,South Australia,380,2021-03-22,2021-03-28,1895,182,98.0,3,294.0,Shirt,Camp Collared,M,orange,65,March,22,Monday,6,3
75,Katinka Currier,Non-binary,75,Smythland,South Australia,380,2021-03-22,2021-03-28,1897,522,102.0,1,102.0,Jacket,Windbreaker,M,violet,64,March,22,Monday,6,3
75,Katinka Currier,Non-binary,75,Smythland,South Australia,380,2021-03-22,2021-03-28,1896,1256,112.0,2,224.0,Trousers,Tracksuit Bottoms,S,violet,48,March,22,Monday,6,3
75,Katinka Currier,Non-binary,75,Smythland,South Australia,380,2021-03-22,2021-03-28,1892,87,118.0,1,118.0,Shirt,Flannel,M,green,66,March,22,Monday,6,3
75,Katinka Currier,Non-binary,75,Smythland,South Australia,380,2021-03-22,2021-03-28,1893,393,119.0,3,357.0,Shirt,Casual Slim Fit,L,orange,76,March,22,Monday,6,3
76,Chandra Carine,Agender,51,Hellermouth,New South Wales,943,2021-02-22,2021-03-14,4712,455,118.0,1,118.0,Jacket,Puffer,XS,red,67,February,22,Monday,20,2
76,Chandra Carine,Agender,51,Hellermouth,New South Wales,943,2021-02-22,2021-03-14,4710,1081,93.0,1,93.0,Trousers,Joggers,S,violet,63,February,22,Monday,20,2
76,Chandra Carine,Agender,51,Hellermouth,New South Wales,943,2021-02-22,2021-03-14,4711,217,106.0,3,318.0,Shirt,Chambray,M,orange,43,February,22,Monday,20,2
77,Angela Kester,Male,62,Chloeville,South Australia,489,2021-08-30,2021-09-21,2408,954,97.0,1,97.0,Trousers,Slim-Fit,XL,orange,78,August,30,Monday,22,8
77,Angela Kester,Male,62,Chloeville,South Australia,489,2021-08-30,2021-09-21,2411,1062,93.0,2,186.0,Trousers,Joggers,M,yellow,72,August,30,Monday,22,8
77,Angela Kester,Male,62,Chloeville,South Australia,489,2021-08-30,2021-09-21,2407,74,118.0,3,354.0,Shirt,Flannel,XL,red,72,August,30,Monday,22,8
77,Angela Kester,Male,62,Chloeville,South Australia,489,2021-08-30,2021-09-21,2412,339,109.0,1,109.0,Shirt,Mandarin Collar,XL,blue,71,August,30,Monday,22,8
77,Angela Kester,Male,62,Chloeville,South Australia,489,2021-08-30,2021-09-21,2410,770,91.0,2,182.0,Jacket,Pullover,XS,red,54,August,30,Monday,22,8
77,Angela Kester,Male,62,Chloeville,South Australia,489,2021-08-30,2021-09-21,2409,798,91.0,3,273.0,Jacket,Pullover,L,indigo,50,August,30,Monday,22,8
78,Jethro Pollak,Genderqueer,38,Lake Alihaven,Northern Territory,691,2021-04-03,2021-04-19,3428,928,96.0,2,192.0,Trousers,Drawstring,L,green,43,April,3,Saturday,16,4
78,Jethro Pollak,Genderqueer,38,Lake Alihaven,Northern Territory,37,2021-07-07,2021-07-18,177,645,93.0,2,186.0,Jacket,Coach,XS,green,78,July,7,Wednesday,11,7
78,Jethro Pollak,Genderqueer,38,Lake Alihaven,Northern Territory,37,2021-07-07,2021-07-18,175,605,112.0,3,336.0,Jacket,Cardigan,XS,yellow,46,July,7,Wednesday,11,7
78,Jethro Pollak,Genderqueer,38,Lake Alihaven,Northern Territory,37,2021-07-07,2021-07-18,173,809,117.0,3,351.0,Jacket,Shearling,XL,red,42,July,7,Wednesday,11,7
78,Jethro Pollak,Genderqueer,38,Lake Alihaven,Northern Territory,37,2021-07-07,2021-07-18,174,995,106.0,3,318.0,Trousers,Wool,XS,green,73,July,7,Wednesday,11,7
78,Jethro Pollak,Genderqueer,38,Lake Alihaven,Northern Territory,37,2021-07-07,2021-07-18,176,608,112.0,2,224.0,Jacket,Cardigan,L,yellow,50,July,7,Wednesday,11,7
78,Jethro Pollak,Genderqueer,38,Lake Alihaven,Northern Territory,691,2021-04-03,2021-04-19,3425,2,96.0,2,192.0,Shirt,Oxford Cloth,M,red,54,April,3,Saturday,16,4
78,Jethro Pollak,Genderqueer,38,Lake Alihaven,Northern Territory,691,2021-04-03,2021-04-19,3427,577,100.0,3,300.0,Jacket,Bomber,M,green,61,April,3,Saturday,16,4
78,Jethro Pollak,Genderqueer,38,Lake Alihaven,Northern Territory,691,2021-04-03,2021-04-19,3424,1175,99.0,2,198.0,Trousers,High-Waisted,XS,blue,51,April,3,Saturday,16,4
78,Jethro Pollak,Genderqueer,38,Lake Alihaven,Northern Territory,691,2021-04-03,2021-04-19,3426,1100,115.0,1,115.0,Trousers,Cropped,XS,green,48,April,3,Saturday,16,4
79,Persis Spiteri,Genderfluid,46,Sofiaberg,Australian Capital Territory,527,2021-09-13,2021-10-09,2634,440,107.0,3,321.0,Jacket,Denim,XS,blue,49,September,13,Monday,26,9
79,Persis Spiteri,Genderfluid,46,Sofiaberg,Australian Capital Territory,527,2021-09-13,2021-10-09,2633,519,102.0,2,204.0,Jacket,Windbreaker,XL,indigo,60,September,13,Monday,26,9
79,Persis Spiteri,Genderfluid,46,Sofiaberg,Australian Capital Territory,527,2021-09-13,2021-10-09,2635,788,91.0,1,91.0,Jacket,Pullover,L,green,72,September,13,Monday,26,9
79,Persis Spiteri,Genderfluid,46,Sofiaberg,Australian Capital Territory,527,2021-09-13,2021-10-09,2636,156,91.0,1,91.0,Shirt,Linen,S,green,58,September,13,Monday,26,9
79,Persis Spiteri,Genderfluid,46,Sofiaberg,Australian Capital Territory,527,2021-09-13,2021-10-09,2630,594,100.0,1,100.0,Jacket,Bomber,XL,violet,53,September,13,Monday,26,9
79,Persis Spiteri,Genderfluid,46,Sofiaberg,Australian Capital Territory,527,2021-09-13,2021-10-09,2631,415,119.0,2,238.0,Shirt,Casual Slim Fit,XS,violet,55,September,13,Monday,26,9
79,Persis Spiteri,Genderfluid,46,Sofiaberg,Australian Capital Territory,527,2021-09-13,2021-10-09,2632,114,92.0,1,92.0,Shirt,Denim,XL,orange,67,September,13,Monday,26,9
79,Persis Spiteri,Genderfluid,46,Sofiaberg,Australian Capital Territory,527,2021-09-13,2021-10-09,2629,350,94.0,3,282.0,Shirt,Henley,XS,red,62,September,13,Monday,26,9
81,Lanny Wardale,Female,30,Spencerborough,Western Australia,863,2021-05-10,2021-05-18,4327,650,93.0,3,279.0,Jacket,Coach,XS,blue,51,May,10,Monday,8,5
81,Lanny Wardale,Female,30,Spencerborough,Western Australia,570,2021-03-09,2021-03-14,2851,797,91.0,3,273.0,Jacket,Pullover,M,indigo,72,March,9,Tuesday,5,3
81,Lanny Wardale,Female,30,Spencerborough,Western Australia,863,2021-05-10,2021-05-18,4326,783,91.0,1,91.0,Jacket,Pullover,L,yellow,43,May,10,Monday,8,5
81,Lanny Wardale,Female,30,Spencerborough,Western Australia,570,2021-03-09,2021-03-14,2847,554,98.0,1,98.0,Jacket,Leather,XL,indigo,52,March,9,Tuesday,5,3
81,Lanny Wardale,Female,30,Spencerborough,Western Australia,863,2021-05-10,2021-05-18,4325,472,118.0,3,354.0,Jacket,Puffer,M,green,72,May,10,Monday,8,5
81,Lanny Wardale,Female,30,Spencerborough,Western Australia,570,2021-03-09,2021-03-14,2850,1236,112.0,3,336.0,Trousers,Tracksuit Bottoms,S,yellow,49,March,9,Tuesday,5,3
81,Lanny Wardale,Female,30,Spencerborough,Western Australia,863,2021-05-10,2021-05-18,4324,194,98.0,2,196.0,Shirt,Camp Collared,XL,green,61,May,10,Monday,8,5
81,Lanny Wardale,Female,30,Spencerborough,Western Australia,570,2021-03-09,2021-03-14,2849,457,118.0,1,118.0,Jacket,Puffer,M,red,62,March,9,Tuesday,5,3
81,Lanny Wardale,Female,30,Spencerborough,Western Australia,570,2021-03-09,2021-03-14,2848,23,96.0,3,288.0,Shirt,Oxford Cloth,L,blue,59,March,9,Tuesday,5,3
81,Lanny Wardale,Female,30,Spencerborough,Western Australia,570,2021-03-09,2021-03-14,2844,451,107.0,1,107.0,Jacket,Denim,S,violet,73,March,9,Tuesday,5,3
81,Lanny Wardale,Female,30,Spencerborough,Western Australia,570,2021-03-09,2021-03-14,2846,125,92.0,2,184.0,Shirt,Denim,XS,blue,76,March,9,Tuesday,5,3
81,Lanny Wardale,Female,30,Spencerborough,Western Australia,570,2021-03-09,2021-03-14,2845,111,92.0,2,184.0,Shirt,Denim,S,orange,69,March,9,Tuesday,5,3
83,Kayne Fraczkiewicz,Agender,40,Walshland,Northern Territory,762,2021-08-13,2021-08-20,3816,290,105.0,3,315.0,Shirt,Cuban Collar,XS,yellow,78,August,13,Friday,7,8
83,Kayne Fraczkiewicz,Agender,40,Walshland,Northern Territory,762,2021-08-13,2021-08-20,3815,725,119.0,3,357.0,Jacket,Trench Coat,XS,indigo,56,August,13,Friday,7,8
83,Kayne Fraczkiewicz,Agender,40,Walshland,Northern Territory,762,2021-08-13,2021-08-20,3817,845,113.0,2,226.0,Trousers,Chinos,XS,orange,53,August,13,Friday,7,8
83,Kayne Fraczkiewicz,Agender,40,Walshland,Northern Territory,762,2021-08-13,2021-08-20,3818,617,112.0,1,112.0,Jacket,Cardigan,M,blue,57,August,13,Friday,7,8
83,Kayne Fraczkiewicz,Agender,40,Walshland,Northern Territory,762,2021-08-13,2021-08-20,3814,1086,115.0,2,230.0,Trousers,Cropped,S,red,47,August,13,Friday,7,8
84,Minta Loble,Female,63,Lake Paigemouth,Northern Territory,163,2021-06-12,2021-06-17,777,43,104.0,3,312.0,Shirt,Dress,L,orange,73,June,12,Saturday,5,6
84,Minta Loble,Female,63,Lake Paigemouth,Northern Territory,163,2021-06-12,2021-06-17,778,682,113.0,3,339.0,Jacket,Parka,M,green,71,June,12,Saturday,5,6
84,Minta Loble,Female,63,Lake Paigemouth,Northern Territory,163,2021-06-12,2021-06-17,773,937,96.0,2,192.0,Trousers,Drawstring,M,indigo,58,June,12,Saturday,5,6
84,Minta Loble,Female,63,Lake Paigemouth,Northern Territory,163,2021-06-12,2021-06-17,775,563,100.0,3,300.0,Jacket,Bomber,L,red,50,June,12,Saturday,5,6
84,Minta Loble,Female,63,Lake Paigemouth,Northern Territory,163,2021-06-12,2021-06-17,776,549,98.0,2,196.0,Jacket,Leather,XL,blue,67,June,12,Saturday,5,6
84,Minta Loble,Female,63,Lake Paigemouth,Northern Territory,163,2021-06-12,2021-06-17,779,372,94.0,1,94.0,Shirt,Henley,M,blue,42,June,12,Saturday,5,6
84,Minta Loble,Female,63,Lake Paigemouth,Northern Territory,980,2021-10-19,2021-11-14,4895,305,105.0,3,315.0,Shirt,Cuban Collar,XS,indigo,50,October,19,Tuesday,26,10
84,Minta Loble,Female,63,Lake Paigemouth,Northern Territory,980,2021-10-19,2021-11-14,4896,466,118.0,2,236.0,Jacket,Puffer,S,yellow,48,October,19,Tuesday,26,10
84,Minta Loble,Female,63,Lake Paigemouth,Northern Territory,980,2021-10-19,2021-11-14,4894,1217,105.0,2,210.0,Trousers,Pleated,M,indigo,48,October,19,Tuesday,26,10
84,Minta Loble,Female,63,Lake Paigemouth,Northern Territory,163,2021-06-12,2021-06-17,774,753,109.0,1,109.0,Jacket,Peacoat,L,green,73,June,12,Saturday,5,6
84,Minta Loble,Female,63,Lake Paigemouth,Northern Territory,980,2021-10-19,2021-11-14,4897,1250,112.0,2,224.0,Trousers,Tracksuit Bottoms,XS,indigo,63,October,19,Tuesday,26,10
84,Minta Loble,Female,63,Lake Paigemouth,Northern Territory,163,2021-06-12,2021-06-17,780,153,91.0,2,182.0,Shirt,Linen,L,yellow,72,June,12,Saturday,5,6
84,Minta Loble,Female,63,Lake Paigemouth,Northern Territory,980,2021-10-19,2021-11-14,4899,799,91.0,3,273.0,Jacket,Pullover,XL,indigo,43,October,19,Tuesday,26,10
84,Minta Loble,Female,63,Lake Paigemouth,Northern Territory,980,2021-10-19,2021-11-14,4898,929,96.0,2,192.0,Trousers,Drawstring,XL,green,49,October,19,Tuesday,26,10
85,Cornie Virr,Genderqueer,27,East Chelsea,Northern Territory,472,2021-07-15,2021-07-29,2323,886,94.0,2,188.0,Trousers,Cords,S,yellow,68,July,15,Thursday,14,7
85,Cornie Virr,Genderqueer,27,East Chelsea,Northern Territory,472,2021-07-15,2021-07-29,2320,34,96.0,3,288.0,Shirt,Oxford Cloth,XL,violet,54,July,15,Thursday,14,7
85,Cornie Virr,Genderqueer,27,East Chelsea,Northern Territory,472,2021-07-15,2021-07-29,2321,716,119.0,3,357.0,Jacket,Trench Coat,S,green,53,July,15,Thursday,14,7
85,Cornie Virr,Genderqueer,27,East Chelsea,Northern Territory,472,2021-07-15,2021-07-29,2325,46,104.0,3,312.0,Shirt,Dress,S,yellow,56,July,15,Thursday,14,7
85,Cornie Virr,Genderqueer,27,East Chelsea,Northern Territory,472,2021-07-15,2021-07-29,2322,1207,105.0,3,315.0,Trousers,Pleated,M,green,41,July,15,Thursday,14,7
85,Cornie Virr,Genderqueer,27,East Chelsea,Northern Territory,472,2021-07-15,2021-07-29,2324,511,102.0,2,204.0,Jacket,Windbreaker,S,blue,41,July,15,Thursday,14,7
86,Corinna Maystone,Non-binary,76,Gleasonport,Tasmania,249,2021-05-13,2021-05-26,1206,729,119.0,2,238.0,Jacket,Trench Coat,XL,indigo,64,May,13,Thursday,13,5
86,Corinna Maystone,Non-binary,76,Gleasonport,Tasmania,249,2021-05-13,2021-05-26,1207,935,96.0,2,192.0,Trousers,Drawstring,XS,indigo,61,May,13,Thursday,13,5
86,Corinna Maystone,Non-binary,76,Gleasonport,Tasmania,40,2021-01-07,2021-01-19,191,333,109.0,2,218.0,Shirt,Mandarin Collar,L,green,67,January,7,Thursday,12,1
86,Corinna Maystone,Non-binary,76,Gleasonport,Tasmania,40,2021-01-07,2021-01-19,192,650,93.0,1,93.0,Jacket,Coach,XS,blue,51,January,7,Thursday,12,1
86,Corinna Maystone,Non-binary,76,Gleasonport,Tasmania,40,2021-01-07,2021-01-19,193,479,118.0,3,354.0,Jacket,Puffer,XL,blue,80,January,7,Thursday,12,1
86,Corinna Maystone,Non-binary,76,Gleasonport,Tasmania,40,2021-01-07,2021-01-19,194,688,113.0,3,339.0,Jacket,Parka,L,blue,61,January,7,Thursday,12,1
86,Corinna Maystone,Non-binary,76,Gleasonport,Tasmania,249,2021-05-13,2021-05-26,1204,51,104.0,3,312.0,Shirt,Dress,S,green,60,May,13,Thursday,13,5
86,Corinna Maystone,Non-binary,76,Gleasonport,Tasmania,249,2021-05-13,2021-05-26,1205,547,98.0,2,196.0,Jacket,Leather,M,blue,60,May,13,Thursday,13,5
86,Corinna Maystone,Non-binary,76,Gleasonport,Tasmania,249,2021-05-13,2021-05-26,1201,1186,99.0,2,198.0,Trousers,High-Waisted,S,violet,45,May,13,Thursday,13,5
86,Corinna Maystone,Non-binary,76,Gleasonport,Tasmania,249,2021-05-13,2021-05-26,1202,241,106.0,1,106.0,Shirt,Chambray,S,violet,52,May,13,Thursday,13,5
86,Corinna Maystone,Non-binary,76,Gleasonport,Tasmania,249,2021-05-13,2021-05-26,1203,928,96.0,1,96.0,Trousers,Drawstring,L,green,43,May,13,Thursday,13,5
87,Barbara-anne Salerg,Agender,53,Savannahland,Northern Territory,990,2021-08-17,2021-09-06,4953,125,92.0,3,276.0,Shirt,Denim,XS,blue,76,August,17,Tuesday,20,8
87,Barbara-anne Salerg,Agender,53,Savannahland,Northern Territory,990,2021-08-17,2021-09-06,4949,1119,115.0,1,115.0,Trousers,Cropped,XL,violet,64,August,17,Tuesday,20,8
87,Barbara-anne Salerg,Agender,53,Savannahland,Northern Territory,990,2021-08-17,2021-09-06,4951,1228,112.0,2,224.0,Trousers,Tracksuit Bottoms,L,red,43,August,17,Tuesday,20,8
87,Barbara-anne Salerg,Agender,53,Savannahland,Northern Territory,990,2021-08-17,2021-09-06,4952,1165,99.0,2,198.0,Trousers,High-Waisted,XS,yellow,64,August,17,Tuesday,20,8
87,Barbara-anne Salerg,Agender,53,Savannahland,Northern Territory,990,2021-08-17,2021-09-06,4950,1231,112.0,3,336.0,Trousers,Tracksuit Bottoms,S,orange,59,August,17,Tuesday,20,8
88,Kendall Jakubski,Male,78,Port Liam,South Australia,730,2021-06-20,2021-07-10,3641,221,106.0,3,318.0,Shirt,Chambray,S,yellow,40,June,20,Sunday,20,6
88,Kendall Jakubski,Male,78,Port Liam,South Australia,866,2021-04-11,2021-04-21,4332,653,93.0,2,186.0,Jacket,Coach,L,blue,80,April,11,Sunday,10,4
88,Kendall Jakubski,Male,78,Port Liam,South Australia,730,2021-06-20,2021-07-10,3646,156,91.0,2,182.0,Shirt,Linen,S,green,58,June,20,Sunday,20,6
88,Kendall Jakubski,Male,78,Port Liam,South Australia,730,2021-06-20,2021-07-10,3643,1232,112.0,3,336.0,Trousers,Tracksuit Bottoms,M,orange,47,June,20,Sunday,20,6
88,Kendall Jakubski,Male,78,Port Liam,South Australia,730,2021-06-20,2021-07-10,3644,310,105.0,3,315.0,Shirt,Cuban Collar,XS,violet,49,June,20,Sunday,20,6
88,Kendall Jakubski,Male,78,Port Liam,South Australia,730,2021-06-20,2021-07-10,3645,1177,99.0,1,99.0,Trousers,High-Waisted,M,blue,52,June,20,Sunday,20,6
88,Kendall Jakubski,Male,78,Port Liam,South Australia,730,2021-06-20,2021-07-10,3642,226,106.0,1,106.0,Shirt,Chambray,S,green,63,June,20,Sunday,20,6
88,Kendall Jakubski,Male,78,Port Liam,South Australia,866,2021-04-11,2021-04-21,4335,846,113.0,1,113.0,Trousers,Chinos,S,orange,58,April,11,Sunday,10,4
88,Kendall Jakubski,Male,78,Port Liam,South Australia,866,2021-04-11,2021-04-21,4333,1142,102.0,2,204.0,Trousers,Cargo Pants,M,blue,64,April,11,Sunday,10,4
88,Kendall Jakubski,Male,78,Port Liam,South Australia,866,2021-04-11,2021-04-21,4334,757,109.0,2,218.0,Jacket,Peacoat,M,blue,71,April,11,Sunday,10,4
89,Matthiew Hinckes,Female,51,Lake Hannah,Queensland,269,2021-02-05,2021-02-22,1301,730,119.0,3,357.0,Jacket,Trench Coat,XS,violet,64,February,5,Friday,17,2
89,Matthiew Hinckes,Female,51,Lake Hannah,Queensland,269,2021-02-05,2021-02-22,1300,1210,105.0,3,315.0,Trousers,Pleated,XS,blue,62,February,5,Friday,17,2
89,Matthiew Hinckes,Female,51,Lake Hannah,Queensland,269,2021-02-05,2021-02-22,1302,103,118.0,2,236.0,Shirt,Flannel,L,violet,76,February,5,Friday,17,2
92,Hillary Guiness,Agender,27,Harrismouth,Queensland,695,2021-07-01,2021-07-20,3446,401,119.0,2,238.0,Shirt,Casual Slim Fit,S,green,72,July,1,Thursday,19,7
92,Hillary Guiness,Agender,27,Harrismouth,Queensland,695,2021-07-01,2021-07-20,3448,165,91.0,1,91.0,Shirt,Linen,XS,indigo,70,July,1,Thursday,19,7
92,Hillary Guiness,Agender,27,Harrismouth,Queensland,695,2021-07-01,2021-07-20,3447,18,96.0,1,96.0,Shirt,Oxford Cloth,L,green,52,July,1,Thursday,19,7
92,Hillary Guiness,Agender,27,Harrismouth,Queensland,272,2021-01-20,2021-01-31,1313,826,117.0,1,117.0,Jacket,Shearling,S,blue,72,January,20,Wednesday,11,1
92,Hillary Guiness,Agender,27,Harrismouth,Queensland,195,2021-04-13,2021-04-17,954,370,94.0,2,188.0,Shirt,Henley,XS,blue,61,April,13,Tuesday,4,4
92,Hillary Guiness,Agender,27,Harrismouth,Queensland,695,2021-07-01,2021-07-20,3445,530,98.0,2,196.0,Jacket,Leather,XS,orange,63,July,1,Thursday,19,7
92,Hillary Guiness,Agender,27,Harrismouth,Queensland,195,2021-04-13,2021-04-17,952,495,102.0,3,306.0,Jacket,Windbreaker,XS,orange,70,April,13,Tuesday,4,4
92,Hillary Guiness,Agender,27,Harrismouth,Queensland,695,2021-07-01,2021-07-20,3449,455,118.0,2,236.0,Jacket,Puffer,XS,red,67,July,1,Thursday,19,7
92,Hillary Guiness,Agender,27,Harrismouth,Queensland,195,2021-04-13,2021-04-17,953,1212,105.0,2,210.0,Trousers,Pleated,M,blue,66,April,13,Tuesday,4,4
93,Law Foker,Genderfluid,66,Colestad,Queensland,62,2021-07-30,2021-08-13,274,1045,90.0,2,180.0,Trousers,Relaxed Leg,XS,violet,49,July,30,Friday,14,7
93,Law Foker,Genderfluid,66,Colestad,Queensland,62,2021-07-30,2021-08-13,275,1192,105.0,2,210.0,Trousers,Pleated,M,red,40,July,30,Friday,14,7
94,Otha Skein,Genderqueer,46,East Isla,Western Australia,401,2021-08-14,2021-08-24,1997,392,119.0,1,119.0,Shirt,Casual Slim Fit,M,orange,47,August,14,Saturday,10,8
94,Otha Skein,Genderqueer,46,East Isla,Western Australia,401,2021-08-14,2021-08-24,1999,92,118.0,2,236.0,Shirt,Flannel,M,blue,73,August,14,Saturday,10,8
94,Otha Skein,Genderqueer,46,East Isla,Western Australia,401,2021-08-14,2021-08-24,2001,422,107.0,3,321.0,Jacket,Denim,M,red,43,August,14,Saturday,10,8
94,Otha Skein,Genderqueer,46,East Isla,Western Australia,401,2021-08-14,2021-08-24,1996,791,91.0,2,182.0,Jacket,Pullover,S,blue,73,August,14,Saturday,10,8
94,Otha Skein,Genderqueer,46,East Isla,Western Australia,401,2021-08-14,2021-08-24,1998,137,92.0,1,92.0,Shirt,Denim,M,violet,55,August,14,Saturday,10,8
94,Otha Skein,Genderqueer,46,East Isla,Western Australia,401,2021-08-14,2021-08-24,1995,266,95.0,1,95.0,Shirt,Polo,S,blue,76,August,14,Saturday,10,8
94,Otha Skein,Genderqueer,46,East Isla,Western Australia,401,2021-08-14,2021-08-24,2000,647,93.0,2,186.0,Jacket,Coach,M,green,63,August,14,Saturday,10,8
95,Pierre Rockwill,Non-binary,33,Port Jordan,Western Australia,314,2021-08-14,2021-08-17,1536,815,117.0,3,351.0,Jacket,Shearling,XS,yellow,66,August,14,Saturday,3,8
95,Pierre Rockwill,Non-binary,33,Port Jordan,Western Australia,314,2021-08-14,2021-08-17,1535,869,113.0,2,226.0,Trousers,Chinos,XL,indigo,78,August,14,Saturday,3,8
95,Pierre Rockwill,Non-binary,33,Port Jordan,Western Australia,314,2021-08-14,2021-08-17,1541,935,96.0,3,288.0,Trousers,Drawstring,XS,indigo,61,August,14,Saturday,3,8
95,Pierre Rockwill,Non-binary,33,Port Jordan,Western Australia,314,2021-08-14,2021-08-17,1537,884,94.0,3,282.0,Trousers,Cords,XL,orange,72,August,14,Saturday,3,8
95,Pierre Rockwill,Non-binary,33,Port Jordan,Western Australia,314,2021-08-14,2021-08-17,1539,205,98.0,1,98.0,Shirt,Camp Collared,XS,violet,72,August,14,Saturday,3,8
95,Pierre Rockwill,Non-binary,33,Port Jordan,Western Australia,314,2021-08-14,2021-08-17,1538,1257,112.0,3,336.0,Trousers,Tracksuit Bottoms,M,violet,73,August,14,Saturday,3,8
95,Pierre Rockwill,Non-binary,33,Port Jordan,Western Australia,314,2021-08-14,2021-08-17,1540,829,117.0,3,351.0,Jacket,Shearling,XL,blue,79,August,14,Saturday,3,8
96,Garvy Davioud,Genderfluid,41,Hudsontown,New South Wales,69,2021-03-08,2021-03-28,306,1210,105.0,2,210.0,Trousers,Pleated,XS,blue,62,March,8,Monday,20,3
96,Garvy Davioud,Genderfluid,41,Hudsontown,New South Wales,69,2021-03-08,2021-03-28,308,616,112.0,3,336.0,Jacket,Cardigan,S,blue,53,March,8,Monday,20,3
96,Garvy Davioud,Genderfluid,41,Hudsontown,New South Wales,69,2021-03-08,2021-03-28,305,1059,93.0,1,93.0,Trousers,Joggers,XL,orange,44,March,8,Monday,20,3
96,Garvy Davioud,Genderfluid,41,Hudsontown,New South Wales,69,2021-03-08,2021-03-28,303,103,118.0,1,118.0,Shirt,Flannel,L,violet,76,March,8,Monday,20,3
96,Garvy Davioud,Genderfluid,41,Hudsontown,New South Wales,69,2021-03-08,2021-03-28,307,817,117.0,2,234.0,Jacket,Shearling,M,yellow,60,March,8,Monday,20,3
96,Garvy Davioud,Genderfluid,41,Hudsontown,New South Wales,362,2021-09-30,2021-10-07,1789,1153,102.0,3,306.0,Trousers,Cargo Pants,L,violet,74,September,30,Thursday,7,9
96,Garvy Davioud,Genderfluid,41,Hudsontown,New South Wales,69,2021-03-08,2021-03-28,304,175,98.0,3,294.0,Shirt,Camp Collared,XS,red,77,March,8,Monday,20,3
96,Garvy Davioud,Genderfluid,41,Hudsontown,New South Wales,362,2021-09-30,2021-10-07,1787,788,91.0,1,91.0,Jacket,Pullover,L,green,72,September,30,Thursday,7,9
96,Garvy Davioud,Genderfluid,41,Hudsontown,New South Wales,362,2021-09-30,2021-10-07,1790,816,117.0,1,117.0,Jacket,Shearling,S,yellow,48,September,30,Thursday,7,9
96,Garvy Davioud,Genderfluid,41,Hudsontown,New South Wales,362,2021-09-30,2021-10-07,1788,5,96.0,2,192.0,Shirt,Oxford Cloth,XS,orange,45,September,30,Thursday,7,9
97,Dean McLarty,Female,39,North Ellabury,Northern Territory,477,2021-06-20,2021-06-26,2350,1023,90.0,2,180.0,Trousers,Relaxed Leg,L,orange,78,June,20,Sunday,6,6
97,Dean McLarty,Female,39,North Ellabury,Northern Territory,477,2021-06-20,2021-06-26,2354,95,118.0,2,236.0,Shirt,Flannel,XS,indigo,46,June,20,Sunday,6,6
97,Dean McLarty,Female,39,North Ellabury,Northern Territory,477,2021-06-20,2021-06-26,2351,826,117.0,1,117.0,Jacket,Shearling,S,blue,72,June,20,Sunday,6,6
97,Dean McLarty,Female,39,North Ellabury,Northern Territory,477,2021-06-20,2021-06-26,2352,208,98.0,2,196.0,Shirt,Camp Collared,L,violet,42,June,20,Sunday,6,6
97,Dean McLarty,Female,39,North Ellabury,Northern Territory,919,2021-06-29,2021-07-21,4595,932,96.0,1,96.0,Trousers,Drawstring,M,blue,41,June,29,Tuesday,22,6
97,Dean McLarty,Female,39,North Ellabury,Northern Territory,477,2021-06-20,2021-06-26,2353,680,113.0,1,113.0,Jacket,Parka,XS,green,75,June,20,Sunday,6,6
99,Benji Vineall,Genderqueer,75,Port Madelineberg,Tasmania,324,2021-07-05,2021-07-16,1590,135,92.0,3,276.0,Shirt,Denim,XS,violet,73,July,5,Monday,11,7
99,Benji Vineall,Genderqueer,75,Port Madelineberg,Tasmania,324,2021-07-05,2021-07-16,1589,122,92.0,2,184.0,Shirt,Denim,M,green,66,July,5,Monday,11,7
99,Benji Vineall,Genderqueer,75,Port Madelineberg,Tasmania,324,2021-07-05,2021-07-16,1593,741,109.0,3,327.0,Jacket,Peacoat,S,orange,73,July,5,Monday,11,7
99,Benji Vineall,Genderqueer,75,Port Madelineberg,Tasmania,324,2021-07-05,2021-07-16,1592,269,95.0,2,190.0,Shirt,Polo,XL,blue,70,July,5,Monday,11,7
99,Benji Vineall,Genderqueer,75,Port Madelineberg,Tasmania,324,2021-07-05,2021-07-16,1591,647,93.0,3,279.0,Jacket,Coach,M,green,63,July,5,Monday,11,7
100,Wilhelm Blaber,Genderfluid,69,Lake Callumville,Queensland,780,2021-01-27,2021-01-29,3897,902,94.0,1,94.0,Trousers,Cords,M,indigo,52,January,27,Wednesday,2,1
100,Wilhelm Blaber,Genderfluid,69,Lake Callumville,Queensland,780,2021-01-27,2021-01-29,3898,295,105.0,2,210.0,Shirt,Cuban Collar,XS,green,63,January,27,Wednesday,2,1
100,Wilhelm Blaber,Genderfluid,69,Lake Callumville,Queensland,780,2021-01-27,2021-01-29,3900,1249,112.0,3,336.0,Trousers,Tracksuit Bottoms,XL,blue,68,January,27,Wednesday,2,1
100,Wilhelm Blaber,Genderfluid,69,Lake Callumville,Queensland,447,2021-01-10,2021-01-23,2214,1095,115.0,1,115.0,Trousers,Cropped,XS,yellow,41,January,10,Sunday,13,1
100,Wilhelm Blaber,Genderfluid,69,Lake Callumville,Queensland,447,2021-01-10,2021-01-23,2218,427,107.0,3,321.0,Jacket,Denim,M,orange,48,January,10,Sunday,13,1
100,Wilhelm Blaber,Genderfluid,69,Lake Callumville,Queensland,447,2021-01-10,2021-01-23,2215,1124,102.0,2,204.0,Trousers,Cargo Pants,XL,red,45,January,10,Sunday,13,1
100,Wilhelm Blaber,Genderfluid,69,Lake Callumville,Queensland,447,2021-01-10,2021-01-23,2219,719,119.0,1,119.0,Jacket,Trench Coat,XL,green,53,January,10,Sunday,13,1
100,Wilhelm Blaber,Genderfluid,69,Lake Callumville,Queensland,780,2021-01-27,2021-01-29,3899,21,96.0,1,96.0,Shirt,Oxford Cloth,S,blue,51,January,27,Wednesday,2,1
100,Wilhelm Blaber,Genderfluid,69,Lake Callumville,Queensland,780,2021-01-27,2021-01-29,3901,165,91.0,1,91.0,Shirt,Linen,XS,indigo,70,January,27,Wednesday,2,1
100,Wilhelm Blaber,Genderfluid,69,Lake Callumville,Queensland,780,2021-01-27,2021-01-29,3903,402,119.0,1,119.0,Shirt,Casual Slim Fit,M,green,67,January,27,Wednesday,2,1
100,Wilhelm Blaber,Genderfluid,69,Lake Callumville,Queensland,873,2021-04-25,2021-05-07,4370,418,119.0,1,119.0,Shirt,Casual Slim Fit,L,violet,65,April,25,Sunday,12,4
100,Wilhelm Blaber,Genderfluid,69,Lake Callumville,Queensland,873,2021-04-25,2021-05-07,4371,440,107.0,1,107.0,Jacket,Denim,XS,blue,49,April,25,Sunday,12,4
100,Wilhelm Blaber,Genderfluid,69,Lake Callumville,Queensland,780,2021-01-27,2021-01-29,3902,1217,105.0,1,105.0,Trousers,Pleated,M,indigo,48,January,27,Wednesday,2,1
100,Wilhelm Blaber,Genderfluid,69,Lake Callumville,Queensland,873,2021-04-25,2021-05-07,4374,1126,102.0,1,102.0,Trousers,Cargo Pants,S,orange,60,April,25,Sunday,12,4
100,Wilhelm Blaber,Genderfluid,69,Lake Callumville,Queensland,873,2021-04-25,2021-05-07,4373,731,119.0,2,238.0,Jacket,Trench Coat,S,violet,69,April,25,Sunday,12,4
100,Wilhelm Blaber,Genderfluid,69,Lake Callumville,Queensland,873,2021-04-25,2021-05-07,4372,429,107.0,1,107.0,Jacket,Denim,XL,orange,79,April,25,Sunday,12,4
100,Wilhelm Blaber,Genderfluid,69,Lake Callumville,Queensland,447,2021-01-10,2021-01-23,2216,14,96.0,2,192.0,Shirt,Oxford Cloth,XL,yellow,50,January,10,Sunday,13,1
100,Wilhelm Blaber,Genderfluid,69,Lake Callumville,Queensland,447,2021-01-10,2021-01-23,2217,701,119.0,3,357.0,Jacket,Trench Coat,S,red,54,January,10,Sunday,13,1
102,Hurleigh Sieb,Genderfluid,32,Port Sarah,Queensland,467,2021-02-24,2021-03-10,2306,625,112.0,3,336.0,Jacket,Cardigan,XS,violet,40,February,24,Wednesday,14,2
102,Hurleigh Sieb,Genderfluid,32,Port Sarah,Queensland,621,2021-07-16,2021-08-07,3083,416,119.0,1,119.0,Shirt,Casual Slim Fit,S,violet,50,July,16,Friday,22,7
102,Hurleigh Sieb,Genderfluid,32,Port Sarah,Queensland,621,2021-07-16,2021-08-07,3084,486,118.0,1,118.0,Jacket,Puffer,S,violet,46,July,16,Friday,22,7
102,Hurleigh Sieb,Genderfluid,32,Port Sarah,Queensland,852,2021-04-11,2021-05-08,4277,579,100.0,2,200.0,Jacket,Bomber,XL,green,79,April,11,Sunday,27,4
102,Hurleigh Sieb,Genderfluid,32,Port Sarah,Queensland,621,2021-07-16,2021-08-07,3086,472,118.0,1,118.0,Jacket,Puffer,M,green,72,July,16,Friday,22,7
102,Hurleigh Sieb,Genderfluid,32,Port Sarah,Queensland,852,2021-04-11,2021-05-08,4280,120,92.0,3,276.0,Shirt,Denim,XS,green,66,April,11,Sunday,27,4
102,Hurleigh Sieb,Genderfluid,32,Port Sarah,Queensland,852,2021-04-11,2021-05-08,4278,229,106.0,3,318.0,Shirt,Chambray,XL,green,58,April,11,Sunday,27,4
102,Hurleigh Sieb,Genderfluid,32,Port Sarah,Queensland,852,2021-04-11,2021-05-08,4281,1047,90.0,1,90.0,Trousers,Relaxed Leg,M,violet,46,April,11,Sunday,27,4
102,Hurleigh Sieb,Genderfluid,32,Port Sarah,Queensland,621,2021-07-16,2021-08-07,3085,270,95.0,3,285.0,Shirt,Polo,XS,indigo,47,July,16,Friday,22,7
102,Hurleigh Sieb,Genderfluid,32,Port Sarah,Queensland,467,2021-02-24,2021-03-10,2302,1152,102.0,1,102.0,Trousers,Cargo Pants,M,violet,58,February,24,Wednesday,14,2
102,Hurleigh Sieb,Genderfluid,32,Port Sarah,Queensland,467,2021-02-24,2021-03-10,2305,979,97.0,1,97.0,Trousers,Slim-Fit,XL,violet,48,February,24,Wednesday,14,2
102,Hurleigh Sieb,Genderfluid,32,Port Sarah,Queensland,467,2021-02-24,2021-03-10,2301,356,94.0,1,94.0,Shirt,Henley,S,orange,46,February,24,Wednesday,14,2
102,Hurleigh Sieb,Genderfluid,32,Port Sarah,Queensland,467,2021-02-24,2021-03-10,2304,694,113.0,1,113.0,Jacket,Parka,XL,indigo,78,February,24,Wednesday,14,2
102,Hurleigh Sieb,Genderfluid,32,Port Sarah,Queensland,467,2021-02-24,2021-03-10,2303,1210,105.0,3,315.0,Trousers,Pleated,XS,blue,62,February,24,Wednesday,14,2
102,Hurleigh Sieb,Genderfluid,32,Port Sarah,Queensland,852,2021-04-11,2021-05-08,4279,623,112.0,2,224.0,Jacket,Cardigan,L,indigo,40,April,11,Sunday,27,4
103,Monica Teodorski,Bigender,77,South Nathan,South Australia,464,2021-06-29,2021-07-25,2289,263,95.0,2,190.0,Shirt,Polo,L,green,68,June,29,Tuesday,26,6
103,Monica Teodorski,Bigender,77,South Nathan,South Australia,464,2021-06-29,2021-07-25,2286,498,102.0,2,204.0,Jacket,Windbreaker,L,orange,68,June,29,Tuesday,26,6
103,Monica Teodorski,Bigender,77,South Nathan,South Australia,464,2021-06-29,2021-07-25,2285,1235,112.0,1,112.0,Trousers,Tracksuit Bottoms,XS,yellow,76,June,29,Tuesday,26,6
103,Monica Teodorski,Bigender,77,South Nathan,South Australia,464,2021-06-29,2021-07-25,2290,205,98.0,3,294.0,Shirt,Camp Collared,XS,violet,72,June,29,Tuesday,26,6
103,Monica Teodorski,Bigender,77,South Nathan,South Australia,464,2021-06-29,2021-07-25,2291,691,113.0,3,339.0,Jacket,Parka,S,indigo,53,June,29,Tuesday,26,6
103,Monica Teodorski,Bigender,77,South Nathan,South Australia,464,2021-06-29,2021-07-25,2288,18,96.0,3,288.0,Shirt,Oxford Cloth,L,green,52,June,29,Tuesday,26,6
103,Monica Teodorski,Bigender,77,South Nathan,South Australia,464,2021-06-29,2021-07-25,2287,495,102.0,3,306.0,Jacket,Windbreaker,XS,orange,70,June,29,Tuesday,26,6
104,Nanny Franey,Agender,73,Joelland,Australian Capital Territory,567,2021-06-21,2021-06-23,2829,1234,112.0,1,112.0,Trousers,Tracksuit Bottoms,XL,orange,42,June,21,Monday,2,6
104,Nanny Franey,Agender,73,Joelland,Australian Capital Territory,567,2021-06-21,2021-06-23,2832,827,117.0,1,117.0,Jacket,Shearling,M,blue,73,June,21,Monday,2,6
104,Nanny Franey,Agender,73,Joelland,Australian Capital Territory,567,2021-06-21,2021-06-23,2834,778,91.0,1,91.0,Jacket,Pullover,L,orange,56,June,21,Monday,2,6
104,Nanny Franey,Agender,73,Joelland,Australian Capital Territory,567,2021-06-21,2021-06-23,2833,3,96.0,2,192.0,Shirt,Oxford Cloth,L,red,69,June,21,Monday,2,6
104,Nanny Franey,Agender,73,Joelland,Australian Capital Territory,567,2021-06-21,2021-06-23,2830,556,98.0,1,98.0,Jacket,Leather,S,violet,65,June,21,Monday,2,6
104,Nanny Franey,Agender,73,Joelland,Australian Capital Territory,567,2021-06-21,2021-06-23,2831,1236,112.0,1,112.0,Trousers,Tracksuit Bottoms,S,yellow,49,June,21,Monday,2,6
104,Nanny Franey,Agender,73,Joelland,Australian Capital Territory,567,2021-06-21,2021-06-23,2835,953,97.0,1,97.0,Trousers,Slim-Fit,L,orange,66,June,21,Monday,2,6
106,Rachel Colebrook,Genderqueer,38,Stokestown,Australian Capital Territory,97,2021-03-29,2021-03-31,432,1183,99.0,1,99.0,Trousers,High-Waisted,L,indigo,55,March,29,Monday,2,3
106,Rachel Colebrook,Genderqueer,38,Stokestown,Australian Capital Territory,97,2021-03-29,2021-03-31,433,307,105.0,3,315.0,Shirt,Cuban Collar,M,indigo,58,March,29,Monday,2,3
106,Rachel Colebrook,Genderqueer,38,Stokestown,Australian Capital Territory,97,2021-03-29,2021-03-31,429,120,92.0,1,92.0,Shirt,Denim,XS,green,66,March,29,Monday,2,3
106,Rachel Colebrook,Genderqueer,38,Stokestown,Australian Capital Territory,97,2021-03-29,2021-03-31,431,856,113.0,3,339.0,Trousers,Chinos,S,green,61,March,29,Monday,2,3
106,Rachel Colebrook,Genderqueer,38,Stokestown,Australian Capital Territory,97,2021-03-29,2021-03-31,434,1209,105.0,3,315.0,Trousers,Pleated,XL,green,55,March,29,Monday,2,3
106,Rachel Colebrook,Genderqueer,38,Stokestown,Australian Capital Territory,835,2021-01-02,2021-01-07,4190,922,96.0,2,192.0,Trousers,Drawstring,M,yellow,55,January,2,Saturday,5,1
106,Rachel Colebrook,Genderqueer,38,Stokestown,Australian Capital Territory,835,2021-01-02,2021-01-07,4189,279,95.0,3,285.0,Shirt,Polo,XL,violet,79,January,2,Saturday,5,1
106,Rachel Colebrook,Genderqueer,38,Stokestown,Australian Capital Territory,835,2021-01-02,2021-01-07,4191,379,94.0,3,282.0,Shirt,Henley,XL,indigo,52,January,2,Saturday,5,1
106,Rachel Colebrook,Genderqueer,38,Stokestown,Australian Capital Territory,97,2021-03-29,2021-03-31,430,541,98.0,1,98.0,Jacket,Leather,S,green,77,March,29,Monday,2,3
106,Rachel Colebrook,Genderqueer,38,Stokestown,Australian Capital Territory,97,2021-03-29,2021-03-31,436,476,118.0,1,118.0,Jacket,Puffer,S,blue,76,March,29,Monday,2,3
106,Rachel Colebrook,Genderqueer,38,Stokestown,Australian Capital Territory,835,2021-01-02,2021-01-07,4188,52,104.0,2,208.0,Shirt,Dress,M,green,65,January,2,Saturday,5,1
106,Rachel Colebrook,Genderqueer,38,Stokestown,Australian Capital Territory,835,2021-01-02,2021-01-07,4187,1031,90.0,1,90.0,Trousers,Relaxed Leg,S,green,51,January,2,Saturday,5,1
106,Rachel Colebrook,Genderqueer,38,Stokestown,Australian Capital Territory,97,2021-03-29,2021-03-31,435,545,98.0,1,98.0,Jacket,Leather,XS,blue,77,March,29,Monday,2,3
107,Sandy Yushachkov,Genderfluid,35,Claudiaview,Western Australia,705,2021-01-14,2021-01-25,3507,1111,115.0,1,115.0,Trousers,Cropped,S,indigo,65,January,14,Thursday,11,1
107,Sandy Yushachkov,Genderfluid,35,Claudiaview,Western Australia,705,2021-01-14,2021-01-25,3506,833,117.0,3,351.0,Jacket,Shearling,L,indigo,66,January,14,Thursday,11,1
107,Sandy Yushachkov,Genderfluid,35,Claudiaview,Western Australia,705,2021-01-14,2021-01-25,3505,1007,106.0,2,212.0,Trousers,Wool,M,indigo,56,January,14,Thursday,11,1
107,Sandy Yushachkov,Genderfluid,35,Claudiaview,Western Australia,229,2021-10-08,2021-10-20,1113,523,102.0,2,204.0,Jacket,Windbreaker,L,violet,72,October,8,Friday,12,10
107,Sandy Yushachkov,Genderfluid,35,Claudiaview,Western Australia,597,2021-08-04,2021-08-16,2993,1038,90.0,2,180.0,Trousers,Relaxed Leg,L,blue,61,August,4,Wednesday,12,8
107,Sandy Yushachkov,Genderfluid,35,Claudiaview,Western Australia,705,2021-01-14,2021-01-25,3498,231,106.0,3,318.0,Shirt,Chambray,S,blue,61,January,14,Thursday,11,1
107,Sandy Yushachkov,Genderfluid,35,Claudiaview,Western Australia,229,2021-10-08,2021-10-20,1114,695,113.0,1,113.0,Jacket,Parka,XS,violet,59,October,8,Friday,12,10
107,Sandy Yushachkov,Genderfluid,35,Claudiaview,Western Australia,744,2021-01-25,2021-02-14,3719,43,104.0,2,208.0,Shirt,Dress,L,orange,73,January,25,Monday,20,1
107,Sandy Yushachkov,Genderfluid,35,Claudiaview,Western Australia,705,2021-01-14,2021-01-25,3504,666,113.0,3,339.0,Jacket,Parka,S,red,66,January,14,Thursday,11,1
107,Sandy Yushachkov,Genderfluid,35,Claudiaview,Western Australia,744,2021-01-25,2021-02-14,3715,210,106.0,2,212.0,Shirt,Chambray,XS,red,48,January,25,Monday,20,1
107,Sandy Yushachkov,Genderfluid,35,Claudiaview,Western Australia,744,2021-01-25,2021-02-14,3714,553,98.0,2,196.0,Jacket,Leather,L,indigo,79,January,25,Monday,20,1
107,Sandy Yushachkov,Genderfluid,35,Claudiaview,Western Australia,744,2021-01-25,2021-02-14,3718,1084,93.0,1,93.0,Trousers,Joggers,XL,violet,40,January,25,Monday,20,1
107,Sandy Yushachkov,Genderfluid,35,Claudiaview,Western Australia,744,2021-01-25,2021-02-14,3716,1009,106.0,3,318.0,Trousers,Wool,XL,indigo,51,January,25,Monday,20,1
107,Sandy Yushachkov,Genderfluid,35,Claudiaview,Western Australia,744,2021-01-25,2021-02-14,3717,1058,93.0,1,93.0,Trousers,Joggers,L,orange,49,January,25,Monday,20,1
107,Sandy Yushachkov,Genderfluid,35,Claudiaview,Western Australia,229,2021-10-08,2021-10-20,1115,145,91.0,3,273.0,Shirt,Linen,XS,orange,70,October,8,Friday,12,10
107,Sandy Yushachkov,Genderfluid,35,Claudiaview,Western Australia,705,2021-01-14,2021-01-25,3503,1008,106.0,3,318.0,Trousers,Wool,L,indigo,41,January,14,Thursday,11,1
107,Sandy Yushachkov,Genderfluid,35,Claudiaview,Western Australia,705,2021-01-14,2021-01-25,3500,927,96.0,2,192.0,Trousers,Drawstring,M,green,52,January,14,Thursday,11,1
107,Sandy Yushachkov,Genderfluid,35,Claudiaview,Western Australia,705,2021-01-14,2021-01-25,3502,980,106.0,2,212.0,Trousers,Wool,XS,red,44,January,14,Thursday,11,1
107,Sandy Yushachkov,Genderfluid,35,Claudiaview,Western Australia,705,2021-01-14,2021-01-25,3499,59,104.0,2,208.0,Shirt,Dress,XL,blue,66,January,14,Thursday,11,1
107,Sandy Yushachkov,Genderfluid,35,Claudiaview,Western Australia,705,2021-01-14,2021-01-25,3501,1090,115.0,2,230.0,Trousers,Cropped,XS,orange,78,January,14,Thursday,11,1
108,Merrill Care,Bigender,57,Port Rosemouth,Queensland,963,2021-06-18,2021-07-14,4803,493,102.0,3,306.0,Jacket,Windbreaker,L,red,40,June,18,Friday,26,6
108,Merrill Care,Bigender,57,Port Rosemouth,Queensland,963,2021-06-18,2021-07-14,4799,802,91.0,1,91.0,Jacket,Pullover,M,violet,78,June,18,Friday,26,6
108,Merrill Care,Bigender,57,Port Rosemouth,Queensland,788,2021-10-08,2021-10-13,3952,490,102.0,1,102.0,Jacket,Windbreaker,XS,red,79,October,8,Friday,5,10
108,Merrill Care,Bigender,57,Port Rosemouth,Queensland,963,2021-06-18,2021-07-14,4804,293,105.0,3,315.0,Shirt,Cuban Collar,L,yellow,77,June,18,Friday,26,6
108,Merrill Care,Bigender,57,Port Rosemouth,Queensland,963,2021-06-18,2021-07-14,4801,707,119.0,3,357.0,Jacket,Trench Coat,M,orange,43,June,18,Friday,26,6
108,Merrill Care,Bigender,57,Port Rosemouth,Queensland,788,2021-10-08,2021-10-13,3948,184,98.0,1,98.0,Shirt,Camp Collared,XL,orange,48,October,8,Friday,5,10
108,Merrill Care,Bigender,57,Port Rosemouth,Queensland,788,2021-10-08,2021-10-13,3953,1162,99.0,3,297.0,Trousers,High-Waisted,M,orange,69,October,8,Friday,5,10
108,Merrill Care,Bigender,57,Port Rosemouth,Queensland,788,2021-10-08,2021-10-13,3951,830,117.0,2,234.0,Jacket,Shearling,XS,indigo,68,October,8,Friday,5,10
108,Merrill Care,Bigender,57,Port Rosemouth,Queensland,788,2021-10-08,2021-10-13,3950,18,96.0,3,288.0,Shirt,Oxford Cloth,L,green,52,October,8,Friday,5,10
108,Merrill Care,Bigender,57,Port Rosemouth,Queensland,788,2021-10-08,2021-10-13,3949,528,98.0,2,196.0,Jacket,Leather,L,red,76,October,8,Friday,5,10
108,Merrill Care,Bigender,57,Port Rosemouth,Queensland,888,2021-04-20,2021-05-03,4454,395,119.0,2,238.0,Shirt,Casual Slim Fit,XS,yellow,63,April,20,Tuesday,13,4
108,Merrill Care,Bigender,57,Port Rosemouth,Queensland,963,2021-06-18,2021-07-14,4802,303,105.0,1,105.0,Shirt,Cuban Collar,L,blue,65,June,18,Friday,26,6
108,Merrill Care,Bigender,57,Port Rosemouth,Queensland,963,2021-06-18,2021-07-14,4800,513,102.0,2,204.0,Jacket,Windbreaker,L,blue,41,June,18,Friday,26,6
110,Giralda Trewin,Genderfluid,65,Bartolettifurt,Western Australia,197,2021-04-30,2021-05-01,963,697,113.0,2,226.0,Jacket,Parka,M,violet,75,April,30,Friday,1,4
110,Giralda Trewin,Genderfluid,65,Bartolettifurt,Western Australia,197,2021-04-30,2021-05-01,965,864,113.0,1,113.0,Trousers,Chinos,XL,blue,48,April,30,Friday,1,4
110,Giralda Trewin,Genderfluid,65,Bartolettifurt,Western Australia,197,2021-04-30,2021-05-01,962,1244,112.0,2,224.0,Trousers,Tracksuit Bottoms,XL,green,49,April,30,Friday,1,4
110,Giralda Trewin,Genderfluid,65,Bartolettifurt,Western Australia,197,2021-04-30,2021-05-01,961,1065,93.0,1,93.0,Trousers,Joggers,XS,green,77,April,30,Friday,1,4
110,Giralda Trewin,Genderfluid,65,Bartolettifurt,Western Australia,197,2021-04-30,2021-05-01,964,254,95.0,3,285.0,Shirt,Polo,XL,orange,43,April,30,Friday,1,4
111,Eada Viccary,Female,52,North Edwardshire,Northern Territory,482,2021-08-03,2021-08-09,2381,1133,102.0,3,306.0,Trousers,Cargo Pants,L,yellow,71,August,3,Tuesday,6,8
111,Eada Viccary,Female,52,North Edwardshire,Northern Territory,482,2021-08-03,2021-08-09,2380,724,119.0,2,238.0,Jacket,Trench Coat,XL,blue,69,August,3,Tuesday,6,8
111,Eada Viccary,Female,52,North Edwardshire,Northern Territory,482,2021-08-03,2021-08-09,2379,877,94.0,1,94.0,Trousers,Cords,M,red,68,August,3,Tuesday,6,8
111,Eada Viccary,Female,52,North Edwardshire,Northern Territory,482,2021-08-03,2021-08-09,2378,630,93.0,3,279.0,Jacket,Coach,XS,red,71,August,3,Tuesday,6,8
112,Hadlee Douthwaite,Female,42,West Hamish,South Australia,291,2021-01-12,2021-02-05,1424,806,117.0,1,117.0,Jacket,Shearling,S,red,75,January,12,Tuesday,24,1
112,Hadlee Douthwaite,Female,42,West Hamish,South Australia,291,2021-01-12,2021-02-05,1421,800,91.0,3,273.0,Jacket,Pullover,XS,violet,61,January,12,Tuesday,24,1
112,Hadlee Douthwaite,Female,42,West Hamish,South Australia,291,2021-01-12,2021-02-05,1420,810,117.0,3,351.0,Jacket,Shearling,XS,orange,54,January,12,Tuesday,24,1
112,Hadlee Douthwaite,Female,42,West Hamish,South Australia,291,2021-01-12,2021-02-05,1419,443,107.0,3,321.0,Jacket,Denim,L,blue,42,January,12,Tuesday,24,1
112,Hadlee Douthwaite,Female,42,West Hamish,South Australia,291,2021-01-12,2021-02-05,1423,222,106.0,1,106.0,Shirt,Chambray,M,yellow,62,January,12,Tuesday,24,1
112,Hadlee Douthwaite,Female,42,West Hamish,South Australia,291,2021-01-12,2021-02-05,1422,287,105.0,2,210.0,Shirt,Cuban Collar,M,orange,49,January,12,Tuesday,24,1
113,Hew Cardinal,Agender,57,North Ruby,South Australia,166,2021-07-11,2021-07-14,794,827,117.0,3,351.0,Jacket,Shearling,M,blue,73,July,11,Sunday,3,7
113,Hew Cardinal,Agender,57,North Ruby,South Australia,166,2021-07-11,2021-07-14,797,217,106.0,2,212.0,Shirt,Chambray,M,orange,43,July,11,Sunday,3,7
113,Hew Cardinal,Agender,57,North Ruby,South Australia,166,2021-07-11,2021-07-14,798,430,107.0,3,321.0,Jacket,Denim,XS,yellow,52,July,11,Sunday,3,7
113,Hew Cardinal,Agender,57,North Ruby,South Australia,166,2021-07-11,2021-07-14,795,740,109.0,1,109.0,Jacket,Peacoat,XS,orange,78,July,11,Sunday,3,7
113,Hew Cardinal,Agender,57,North Ruby,South Australia,166,2021-07-11,2021-07-14,796,661,93.0,2,186.0,Jacket,Coach,S,violet,74,July,11,Sunday,3,7
113,Hew Cardinal,Agender,57,North Ruby,South Australia,166,2021-07-11,2021-07-14,793,743,109.0,1,109.0,Jacket,Peacoat,L,orange,45,July,11,Sunday,3,7
116,Erik Osgar,Genderfluid,35,Zacharyborough,Northern Territory,986,2021-08-02,2021-08-15,4931,302,105.0,3,315.0,Shirt,Cuban Collar,M,blue,55,August,2,Monday,13,8
116,Erik Osgar,Genderfluid,35,Zacharyborough,Northern Territory,986,2021-08-02,2021-08-15,4932,1052,93.0,3,279.0,Trousers,Joggers,M,red,43,August,2,Monday,13,8
116,Erik Osgar,Genderfluid,35,Zacharyborough,Northern Territory,986,2021-08-02,2021-08-15,4930,795,91.0,1,91.0,Jacket,Pullover,XS,indigo,78,August,2,Monday,13,8
117,Alexei Hurburt,Female,75,New Ellieland,Tasmania,972,2021-07-22,2021-08-08,4861,163,91.0,1,91.0,Shirt,Linen,L,blue,70,July,22,Thursday,17,7
117,Alexei Hurburt,Female,75,New Ellieland,Tasmania,972,2021-07-22,2021-08-08,4860,478,118.0,2,236.0,Jacket,Puffer,L,blue,48,July,22,Thursday,17,7
117,Alexei Hurburt,Female,75,New Ellieland,Tasmania,972,2021-07-22,2021-08-08,4859,1220,105.0,2,210.0,Trousers,Pleated,XS,violet,58,July,22,Thursday,17,7
117,Alexei Hurburt,Female,75,New Ellieland,Tasmania,972,2021-07-22,2021-08-08,4858,324,109.0,1,109.0,Shirt,Mandarin Collar,XL,orange,59,July,22,Thursday,17,7
117,Alexei Hurburt,Female,75,New Ellieland,Tasmania,972,2021-07-22,2021-08-08,4853,1016,90.0,3,270.0,Trousers,Relaxed Leg,S,red,70,July,22,Thursday,17,7
117,Alexei Hurburt,Female,75,New Ellieland,Tasmania,972,2021-07-22,2021-08-08,4862,846,113.0,2,226.0,Trousers,Chinos,S,orange,58,July,22,Thursday,17,7
117,Alexei Hurburt,Female,75,New Ellieland,Tasmania,972,2021-07-22,2021-08-08,4857,1189,99.0,1,99.0,Trousers,High-Waisted,XL,violet,74,July,22,Thursday,17,7
117,Alexei Hurburt,Female,75,New Ellieland,Tasmania,972,2021-07-22,2021-08-08,4856,952,97.0,3,291.0,Trousers,Slim-Fit,M,orange,44,July,22,Thursday,17,7
117,Alexei Hurburt,Female,75,New Ellieland,Tasmania,972,2021-07-22,2021-08-08,4854,578,100.0,2,200.0,Jacket,Bomber,L,green,78,July,22,Thursday,17,7
117,Alexei Hurburt,Female,75,New Ellieland,Tasmania,972,2021-07-22,2021-08-08,4855,123,92.0,1,92.0,Shirt,Denim,L,green,71,July,22,Thursday,17,7
118,Meghan Simic,Male,57,South Cameron,Australian Capital Territory,821,2021-01-03,2021-01-10,4130,961,97.0,3,291.0,Trousers,Slim-Fit,S,green,70,January,3,Sunday,7,1
118,Meghan Simic,Male,57,South Cameron,Australian Capital Territory,821,2021-01-03,2021-01-10,4131,317,109.0,2,218.0,Shirt,Mandarin Collar,M,red,60,January,3,Sunday,7,1
118,Meghan Simic,Male,57,South Cameron,Australian Capital Territory,821,2021-01-03,2021-01-10,4132,1084,93.0,3,279.0,Trousers,Joggers,XL,violet,40,January,3,Sunday,7,1
120,Didi Garton,Polygender,60,Carterbury,Queensland,12,2021-06-30,2021-07-11,49,632,93.0,2,186.0,Jacket,Coach,M,red,76,June,30,Wednesday,11,6
120,Didi Garton,Polygender,60,Carterbury,Queensland,12,2021-06-30,2021-07-11,50,846,113.0,3,339.0,Trousers,Chinos,S,orange,58,June,30,Wednesday,11,6
120,Didi Garton,Polygender,60,Carterbury,Queensland,12,2021-06-30,2021-07-11,51,180,98.0,1,98.0,Shirt,Camp Collared,XS,orange,52,June,30,Wednesday,11,6
120,Didi Garton,Polygender,60,Carterbury,Queensland,12,2021-06-30,2021-07-11,48,782,91.0,1,91.0,Jacket,Pullover,M,yellow,49,June,30,Wednesday,11,6
123,Yardley Dreamer,Female,22,Jordanborough,Tasmania,926,2021-02-08,2021-02-18,4623,469,118.0,2,236.0,Jacket,Puffer,XL,yellow,65,February,8,Monday,10,2
123,Yardley Dreamer,Female,22,Jordanborough,Tasmania,926,2021-02-08,2021-02-18,4622,426,107.0,2,214.0,Jacket,Denim,S,orange,51,February,8,Monday,10,2
123,Yardley Dreamer,Female,22,Jordanborough,Tasmania,926,2021-02-08,2021-02-18,4624,839,117.0,1,117.0,Jacket,Shearling,XL,violet,70,February,8,Monday,10,2
123,Yardley Dreamer,Female,22,Jordanborough,Tasmania,926,2021-02-08,2021-02-18,4626,865,113.0,1,113.0,Trousers,Chinos,XS,indigo,61,February,8,Monday,10,2
123,Yardley Dreamer,Female,22,Jordanborough,Tasmania,755,2021-04-11,2021-05-06,3788,22,96.0,2,192.0,Shirt,Oxford Cloth,M,blue,57,April,11,Sunday,25,4
123,Yardley Dreamer,Female,22,Jordanborough,Tasmania,755,2021-04-11,2021-05-06,3789,69,104.0,1,104.0,Shirt,Dress,XL,violet,77,April,11,Sunday,25,4
123,Yardley Dreamer,Female,22,Jordanborough,Tasmania,982,2021-03-30,2021-04-07,4908,694,113.0,1,113.0,Jacket,Parka,XL,indigo,78,March,30,Tuesday,8,3
123,Yardley Dreamer,Female,22,Jordanborough,Tasmania,926,2021-02-08,2021-02-18,4628,1148,102.0,3,306.0,Trousers,Cargo Pants,L,indigo,46,February,8,Monday,10,2
123,Yardley Dreamer,Female,22,Jordanborough,Tasmania,926,2021-02-08,2021-02-18,4627,661,93.0,1,93.0,Jacket,Coach,S,violet,74,February,8,Monday,10,2
123,Yardley Dreamer,Female,22,Jordanborough,Tasmania,926,2021-02-08,2021-02-18,4625,810,117.0,2,234.0,Jacket,Shearling,XS,orange,54,February,8,Monday,10,2
123,Yardley Dreamer,Female,22,Jordanborough,Tasmania,452,2021-10-09,2021-10-22,2237,797,91.0,1,91.0,Jacket,Pullover,M,indigo,72,October,9,Saturday,13,10
123,Yardley Dreamer,Female,22,Jordanborough,Tasmania,452,2021-10-09,2021-10-22,2238,526,98.0,1,98.0,Jacket,Leather,S,red,80,October,9,Saturday,13,10
123,Yardley Dreamer,Female,22,Jordanborough,Tasmania,755,2021-04-11,2021-05-06,3786,822,117.0,3,351.0,Jacket,Shearling,M,green,59,April,11,Sunday,25,4
123,Yardley Dreamer,Female,22,Jordanborough,Tasmania,755,2021-04-11,2021-05-06,3784,1135,102.0,3,306.0,Trousers,Cargo Pants,XS,green,63,April,11,Sunday,25,4
123,Yardley Dreamer,Female,22,Jordanborough,Tasmania,755,2021-04-11,2021-05-06,3785,311,105.0,3,315.0,Shirt,Cuban Collar,S,violet,43,April,11,Sunday,25,4
123,Yardley Dreamer,Female,22,Jordanborough,Tasmania,982,2021-03-30,2021-04-07,4909,317,109.0,2,218.0,Shirt,Mandarin Collar,M,red,60,March,30,Tuesday,8,3
123,Yardley Dreamer,Female,22,Jordanborough,Tasmania,982,2021-03-30,2021-04-07,4912,659,93.0,2,186.0,Jacket,Coach,XL,indigo,67,March,30,Tuesday,8,3
123,Yardley Dreamer,Female,22,Jordanborough,Tasmania,755,2021-04-11,2021-05-06,3787,772,91.0,2,182.0,Jacket,Pullover,M,red,55,April,11,Sunday,25,4
123,Yardley Dreamer,Female,22,Jordanborough,Tasmania,982,2021-03-30,2021-04-07,4911,1228,112.0,1,112.0,Trousers,Tracksuit Bottoms,L,red,43,March,30,Tuesday,8,3
123,Yardley Dreamer,Female,22,Jordanborough,Tasmania,982,2021-03-30,2021-04-07,4907,862,113.0,1,113.0,Trousers,Chinos,M,blue,41,March,30,Tuesday,8,3
123,Yardley Dreamer,Female,22,Jordanborough,Tasmania,982,2021-03-30,2021-04-07,4910,909,94.0,3,282.0,Trousers,Cords,XL,violet,73,March,30,Tuesday,8,3
124,Pate De Ambrosis,Non-binary,54,Donnellyfort,New South Wales,21,2021-04-04,2021-04-17,100,298,105.0,2,210.0,Shirt,Cuban Collar,L,green,58,April,4,Sunday,13,4
124,Pate De Ambrosis,Non-binary,54,Donnellyfort,New South Wales,21,2021-04-04,2021-04-17,101,906,94.0,2,188.0,Trousers,Cords,S,violet,65,April,4,Sunday,13,4
124,Pate De Ambrosis,Non-binary,54,Donnellyfort,New South Wales,21,2021-04-04,2021-04-17,99,7,96.0,1,96.0,Shirt,Oxford Cloth,M,orange,77,April,4,Sunday,13,4
125,Lesli Pitfield,Bigender,77,Angelinaville,Tasmania,510,2021-09-29,2021-10-01,2536,1158,99.0,3,297.0,Trousers,High-Waisted,L,red,52,September,29,Wednesday,2,9
125,Lesli Pitfield,Bigender,77,Angelinaville,Tasmania,510,2021-09-29,2021-10-01,2531,1241,112.0,3,336.0,Trousers,Tracksuit Bottoms,S,green,72,September,29,Wednesday,2,9
125,Lesli Pitfield,Bigender,77,Angelinaville,Tasmania,510,2021-09-29,2021-10-01,2537,413,119.0,2,238.0,Shirt,Casual Slim Fit,L,indigo,60,September,29,Wednesday,2,9
125,Lesli Pitfield,Bigender,77,Angelinaville,Tasmania,510,2021-09-29,2021-10-01,2532,49,104.0,1,104.0,Shirt,Dress,XL,yellow,75,September,29,Wednesday,2,9
125,Lesli Pitfield,Bigender,77,Angelinaville,Tasmania,510,2021-09-29,2021-10-01,2534,1034,90.0,3,270.0,Trousers,Relaxed Leg,XL,green,64,September,29,Wednesday,2,9
125,Lesli Pitfield,Bigender,77,Angelinaville,Tasmania,510,2021-09-29,2021-10-01,2533,893,94.0,1,94.0,Trousers,Cords,L,green,62,September,29,Wednesday,2,9
125,Lesli Pitfield,Bigender,77,Angelinaville,Tasmania,510,2021-09-29,2021-10-01,2535,1023,90.0,2,180.0,Trousers,Relaxed Leg,L,orange,78,September,29,Wednesday,2,9
125,Lesli Pitfield,Bigender,77,Angelinaville,Tasmania,510,2021-09-29,2021-10-01,2530,643,93.0,1,93.0,Jacket,Coach,L,yellow,53,September,29,Wednesday,2,9
127,Merl Gayforth,Genderfluid,30,South Adam,Western Australia,107,2021-01-11,2021-02-03,486,242,106.0,2,212.0,Shirt,Chambray,M,violet,72,January,11,Monday,23,1
127,Merl Gayforth,Genderfluid,30,South Adam,Western Australia,107,2021-01-11,2021-02-03,485,882,94.0,1,94.0,Trousers,Cords,M,orange,53,January,11,Monday,23,1
127,Merl Gayforth,Genderfluid,30,South Adam,Western Australia,107,2021-01-11,2021-02-03,483,349,109.0,2,218.0,Shirt,Mandarin Collar,XL,violet,71,January,11,Monday,23,1
127,Merl Gayforth,Genderfluid,30,South Adam,Western Australia,107,2021-01-11,2021-02-03,482,388,119.0,1,119.0,Shirt,Casual Slim Fit,L,red,78,January,11,Monday,23,1
127,Merl Gayforth,Genderfluid,30,South Adam,Western Australia,107,2021-01-11,2021-02-03,481,39,104.0,2,208.0,Shirt,Dress,XL,red,47,January,11,Monday,23,1
127,Merl Gayforth,Genderfluid,30,South Adam,Western Australia,107,2021-01-11,2021-02-03,484,203,98.0,3,294.0,Shirt,Camp Collared,L,indigo,72,January,11,Monday,23,1
128,Daisy Camillo,Male,48,Jacobsland,Northern Territory,938,2021-06-12,2021-06-28,4685,1134,102.0,2,204.0,Trousers,Cargo Pants,XL,yellow,52,June,12,Saturday,16,6
128,Daisy Camillo,Male,48,Jacobsland,Northern Territory,938,2021-06-12,2021-06-28,4684,380,94.0,1,94.0,Shirt,Henley,XS,violet,50,June,12,Saturday,16,6
128,Daisy Camillo,Male,48,Jacobsland,Northern Territory,938,2021-06-12,2021-06-28,4680,810,117.0,3,351.0,Jacket,Shearling,XS,orange,54,June,12,Saturday,16,6
128,Daisy Camillo,Male,48,Jacobsland,Northern Territory,938,2021-06-12,2021-06-28,4686,126,92.0,3,276.0,Shirt,Denim,S,blue,47,June,12,Saturday,16,6
128,Daisy Camillo,Male,48,Jacobsland,Northern Territory,938,2021-06-12,2021-06-28,4682,562,100.0,1,100.0,Jacket,Bomber,M,red,79,June,12,Saturday,16,6
128,Daisy Camillo,Male,48,Jacobsland,Northern Territory,938,2021-06-12,2021-06-28,4683,547,98.0,2,196.0,Jacket,Leather,M,blue,60,June,12,Saturday,16,6
128,Daisy Camillo,Male,48,Jacobsland,Northern Territory,938,2021-06-12,2021-06-28,4681,361,94.0,3,282.0,Shirt,Henley,S,yellow,70,June,12,Saturday,16,6
129,Beatrisa Winterscale,Non-binary,68,Port Harrychester,Western Australia,935,2021-07-01,2021-07-16,4667,926,96.0,2,192.0,Trousers,Drawstring,S,green,73,July,1,Thursday,15,7
129,Beatrisa Winterscale,Non-binary,68,Port Harrychester,Western Australia,935,2021-07-01,2021-07-16,4668,242,106.0,3,318.0,Shirt,Chambray,M,violet,72,July,1,Thursday,15,7
129,Beatrisa Winterscale,Non-binary,68,Port Harrychester,Western Australia,416,2021-10-08,2021-10-25,2064,1141,102.0,3,306.0,Trousers,Cargo Pants,S,blue,63,October,8,Friday,17,10
129,Beatrisa Winterscale,Non-binary,68,Port Harrychester,Western Australia,416,2021-10-08,2021-10-25,2065,270,95.0,1,95.0,Shirt,Polo,XS,indigo,47,October,8,Friday,17,10
129,Beatrisa Winterscale,Non-binary,68,Port Harrychester,Western Australia,202,2021-04-15,2021-04-22,986,1177,99.0,1,99.0,Trousers,High-Waisted,M,blue,52,April,15,Thursday,7,4
129,Beatrisa Winterscale,Non-binary,68,Port Harrychester,Western Australia,202,2021-04-15,2021-04-22,987,174,91.0,3,273.0,Shirt,Linen,XL,violet,73,April,15,Thursday,7,4
129,Beatrisa Winterscale,Non-binary,68,Port Harrychester,Western Australia,202,2021-04-15,2021-04-22,988,224,106.0,1,106.0,Shirt,Chambray,XL,yellow,53,April,15,Thursday,7,4
129,Beatrisa Winterscale,Non-binary,68,Port Harrychester,Western Australia,935,2021-07-01,2021-07-16,4669,262,95.0,3,285.0,Shirt,Polo,M,green,62,July,1,Thursday,15,7
129,Beatrisa Winterscale,Non-binary,68,Port Harrychester,Western Australia,202,2021-04-15,2021-04-22,984,104,118.0,3,354.0,Shirt,Flannel,XL,violet,43,April,15,Thursday,7,4
129,Beatrisa Winterscale,Non-binary,68,Port Harrychester,Western Australia,202,2021-04-15,2021-04-22,985,182,98.0,3,294.0,Shirt,Camp Collared,M,orange,65,April,15,Thursday,7,4
129,Beatrisa Winterscale,Non-binary,68,Port Harrychester,Western Australia,416,2021-10-08,2021-10-25,2069,182,98.0,3,294.0,Shirt,Camp Collared,M,orange,65,October,8,Friday,17,10
129,Beatrisa Winterscale,Non-binary,68,Port Harrychester,Western Australia,935,2021-07-01,2021-07-16,4666,922,96.0,1,96.0,Trousers,Drawstring,M,yellow,55,July,1,Thursday,15,7
129,Beatrisa Winterscale,Non-binary,68,Port Harrychester,Western Australia,935,2021-07-01,2021-07-16,4665,1020,90.0,3,270.0,Trousers,Relaxed Leg,XS,orange,64,July,1,Thursday,15,7
129,Beatrisa Winterscale,Non-binary,68,Port Harrychester,Western Australia,416,2021-10-08,2021-10-25,2067,1027,90.0,3,270.0,Trousers,Relaxed Leg,M,yellow,68,October,8,Friday,17,10
129,Beatrisa Winterscale,Non-binary,68,Port Harrychester,Western Australia,202,2021-04-15,2021-04-22,989,860,113.0,1,113.0,Trousers,Chinos,XS,blue,69,April,15,Thursday,7,4
129,Beatrisa Winterscale,Non-binary,68,Port Harrychester,Western Australia,935,2021-07-01,2021-07-16,4663,843,113.0,1,113.0,Trousers,Chinos,L,red,44,July,1,Thursday,15,7
129,Beatrisa Winterscale,Non-binary,68,Port Harrychester,Western Australia,416,2021-10-08,2021-10-25,2066,217,106.0,3,318.0,Shirt,Chambray,M,orange,43,October,8,Friday,17,10
129,Beatrisa Winterscale,Non-binary,68,Port Harrychester,Western Australia,935,2021-07-01,2021-07-16,4664,1122,102.0,2,204.0,Trousers,Cargo Pants,M,red,52,July,1,Thursday,15,7
129,Beatrisa Winterscale,Non-binary,68,Port Harrychester,Western Australia,935,2021-07-01,2021-07-16,4662,991,106.0,2,212.0,Trousers,Wool,S,yellow,69,July,1,Thursday,15,7
129,Beatrisa Winterscale,Non-binary,68,Port Harrychester,Western Australia,416,2021-10-08,2021-10-25,2068,33,96.0,1,96.0,Shirt,Oxford Cloth,L,violet,73,October,8,Friday,17,10
129,Beatrisa Winterscale,Non-binary,68,Port Harrychester,Western Australia,416,2021-10-08,2021-10-25,2063,798,91.0,1,91.0,Jacket,Pullover,L,indigo,50,October,8,Friday,17,10
133,Bette-ann Harteley,Bigender,49,Shieldsside,Tasmania,234,2021-09-18,2021-10-10,1133,941,96.0,3,288.0,Trousers,Drawstring,S,violet,40,September,18,Saturday,22,9
133,Bette-ann Harteley,Bigender,49,Shieldsside,Tasmania,234,2021-09-18,2021-10-10,1134,244,106.0,3,318.0,Shirt,Chambray,XL,violet,54,September,18,Saturday,22,9
133,Bette-ann Harteley,Bigender,49,Shieldsside,Tasmania,234,2021-09-18,2021-10-10,1135,174,91.0,1,91.0,Shirt,Linen,XL,violet,73,September,18,Saturday,22,9
134,Raul Pockey,Male,64,South Hannah,Victoria,710,2021-02-07,2021-02-08,3535,708,119.0,1,119.0,Jacket,Trench Coat,L,orange,70,February,7,Sunday,1,2
134,Raul Pockey,Male,64,South Hannah,Victoria,710,2021-02-07,2021-02-08,3533,586,100.0,1,100.0,Jacket,Bomber,S,indigo,41,February,7,Sunday,1,2
134,Raul Pockey,Male,64,South Hannah,Victoria,710,2021-02-07,2021-02-08,3531,1083,93.0,1,93.0,Trousers,Joggers,L,violet,60,February,7,Sunday,1,2
134,Raul Pockey,Male,64,South Hannah,Victoria,710,2021-02-07,2021-02-08,3532,649,93.0,1,93.0,Jacket,Coach,XL,green,48,February,7,Sunday,1,2
134,Raul Pockey,Male,64,South Hannah,Victoria,710,2021-02-07,2021-02-08,3534,588,100.0,2,200.0,Jacket,Bomber,L,indigo,51,February,7,Sunday,1,2
135,Mycah Rodie,Genderfluid,25,Port Abigail,Western Australia,723,2021-10-03,2021-10-16,3614,836,117.0,3,351.0,Jacket,Shearling,S,violet,49,October,3,Sunday,13,10
135,Mycah Rodie,Genderfluid,25,Port Abigail,Western Australia,723,2021-10-03,2021-10-16,3615,1009,106.0,1,106.0,Trousers,Wool,XL,indigo,51,October,3,Sunday,13,10
135,Mycah Rodie,Genderfluid,25,Port Abigail,Western Australia,723,2021-10-03,2021-10-16,3616,1050,93.0,3,279.0,Trousers,Joggers,XS,red,65,October,3,Sunday,13,10
135,Mycah Rodie,Genderfluid,25,Port Abigail,Western Australia,723,2021-10-03,2021-10-16,3617,550,98.0,3,294.0,Jacket,Leather,XS,indigo,78,October,3,Sunday,13,10
135,Mycah Rodie,Genderfluid,25,Port Abigail,Western Australia,548,2021-07-17,2021-07-26,2747,831,117.0,2,234.0,Jacket,Shearling,S,indigo,45,July,17,Saturday,9,7
135,Mycah Rodie,Genderfluid,25,Port Abigail,Western Australia,548,2021-07-17,2021-07-26,2746,141,91.0,3,273.0,Shirt,Linen,S,red,67,July,17,Saturday,9,7
139,Vida Matchitt,Male,73,Hudsonberg,Australian Capital Territory,834,2021-02-23,2021-03-08,4183,506,102.0,2,204.0,Jacket,Windbreaker,S,green,65,February,23,Tuesday,13,2
139,Vida Matchitt,Male,73,Hudsonberg,Australian Capital Territory,834,2021-02-23,2021-03-08,4185,240,106.0,3,318.0,Shirt,Chambray,XS,violet,47,February,23,Tuesday,13,2
139,Vida Matchitt,Male,73,Hudsonberg,Australian Capital Territory,834,2021-02-23,2021-03-08,4186,891,94.0,3,282.0,Trousers,Cords,S,green,78,February,23,Tuesday,13,2
139,Vida Matchitt,Male,73,Hudsonberg,Australian Capital Territory,834,2021-02-23,2021-03-08,4184,730,119.0,1,119.0,Jacket,Trench Coat,XS,violet,64,February,23,Tuesday,13,2
142,Valerie D'Errico,Bigender,75,Chelseaview,South Australia,584,2021-06-29,2021-07-01,2926,832,117.0,2,234.0,Jacket,Shearling,M,indigo,74,June,29,Tuesday,2,6
142,Valerie D'Errico,Bigender,75,Chelseaview,South Australia,584,2021-06-29,2021-07-01,2925,357,94.0,1,94.0,Shirt,Henley,M,orange,70,June,29,Tuesday,2,6
142,Valerie D'Errico,Bigender,75,Chelseaview,South Australia,584,2021-06-29,2021-07-01,2928,588,100.0,2,200.0,Jacket,Bomber,L,indigo,51,June,29,Tuesday,2,6
142,Valerie D'Errico,Bigender,75,Chelseaview,South Australia,584,2021-06-29,2021-07-01,2927,660,93.0,2,186.0,Jacket,Coach,XS,violet,58,June,29,Tuesday,2,6
144,Elaina Agate,Male,60,Richardshaven,South Australia,738,2021-07-16,2021-08-09,3692,357,94.0,2,188.0,Shirt,Henley,M,orange,70,July,16,Friday,24,7
144,Elaina Agate,Male,60,Richardshaven,South Australia,738,2021-07-16,2021-08-09,3693,1197,105.0,2,210.0,Trousers,Pleated,M,orange,57,July,16,Friday,24,7
144,Elaina Agate,Male,60,Richardshaven,South Australia,738,2021-07-16,2021-08-09,3691,1195,105.0,3,315.0,Trousers,Pleated,XS,orange,74,July,16,Friday,24,7
144,Elaina Agate,Male,60,Richardshaven,South Australia,738,2021-07-16,2021-08-09,3690,260,95.0,3,285.0,Shirt,Polo,XS,green,45,July,16,Friday,24,7
146,Lawry Mannooch,Agender,50,North Kayla,Western Australia,385,2021-08-08,2021-08-24,1922,1172,99.0,1,99.0,Trousers,High-Waisted,M,green,51,August,8,Sunday,16,8
146,Lawry Mannooch,Agender,50,North Kayla,Western Australia,385,2021-08-08,2021-08-24,1919,278,95.0,2,190.0,Shirt,Polo,L,violet,76,August,8,Sunday,16,8
146,Lawry Mannooch,Agender,50,North Kayla,Western Australia,385,2021-08-08,2021-08-24,1920,440,107.0,2,214.0,Jacket,Denim,XS,blue,49,August,8,Sunday,16,8
146,Lawry Mannooch,Agender,50,North Kayla,Western Australia,385,2021-08-08,2021-08-24,1921,678,113.0,1,113.0,Jacket,Parka,L,yellow,72,August,8,Sunday,16,8
148,Ikey Spohr,Polygender,53,North Scarlettborough,Northern Territory,936,2021-07-16,2021-08-01,4672,292,105.0,3,315.0,Shirt,Cuban Collar,M,yellow,49,July,16,Friday,16,7
148,Ikey Spohr,Polygender,53,North Scarlettborough,Northern Territory,936,2021-07-16,2021-08-01,4670,820,117.0,3,351.0,Jacket,Shearling,XS,green,74,July,16,Friday,16,7
148,Ikey Spohr,Polygender,53,North Scarlettborough,Northern Territory,936,2021-07-16,2021-08-01,4676,1164,99.0,1,99.0,Trousers,High-Waisted,XL,orange,47,July,16,Friday,16,7
148,Ikey Spohr,Polygender,53,North Scarlettborough,Northern Territory,936,2021-07-16,2021-08-01,4677,399,119.0,3,357.0,Shirt,Casual Slim Fit,XL,yellow,78,July,16,Friday,16,7
148,Ikey Spohr,Polygender,53,North Scarlettborough,Northern Territory,936,2021-07-16,2021-08-01,4675,1107,115.0,3,345.0,Trousers,Cropped,M,blue,56,July,16,Friday,16,7
148,Ikey Spohr,Polygender,53,North Scarlettborough,Northern Territory,936,2021-07-16,2021-08-01,4671,235,106.0,3,318.0,Shirt,Chambray,XS,indigo,75,July,16,Friday,16,7
148,Ikey Spohr,Polygender,53,North Scarlettborough,Northern Territory,936,2021-07-16,2021-08-01,4673,405,119.0,3,357.0,Shirt,Casual Slim Fit,XS,blue,55,July,16,Friday,16,7
148,Ikey Spohr,Polygender,53,North Scarlettborough,Northern Territory,936,2021-07-16,2021-08-01,4674,837,117.0,2,234.0,Jacket,Shearling,M,violet,74,July,16,Friday,16,7
150,Biddy Devanney,Male,26,Harryburgh,Tasmania,930,2021-06-22,2021-06-30,4644,276,95.0,3,285.0,Shirt,Polo,S,violet,43,June,22,Tuesday,8,6
150,Biddy Devanney,Male,26,Harryburgh,Tasmania,930,2021-06-22,2021-06-30,4645,1176,99.0,2,198.0,Trousers,High-Waisted,S,blue,75,June,22,Tuesday,8,6
150,Biddy Devanney,Male,26,Harryburgh,Tasmania,930,2021-06-22,2021-06-30,4646,389,119.0,2,238.0,Shirt,Casual Slim Fit,XL,red,47,June,22,Tuesday,8,6
155,Myrle Kelby,Male,80,Port Sophia,New South Wales,430,2021-02-08,2021-03-01,2139,1090,115.0,2,230.0,Trousers,Cropped,XS,orange,78,February,8,Monday,21,2
155,Myrle Kelby,Male,80,Port Sophia,New South Wales,611,2021-05-01,2021-05-25,3043,133,92.0,2,184.0,Shirt,Denim,L,indigo,58,May,1,Saturday,24,5
155,Myrle Kelby,Male,80,Port Sophia,New South Wales,611,2021-05-01,2021-05-25,3045,146,91.0,3,273.0,Shirt,Linen,S,orange,42,May,1,Saturday,24,5
155,Myrle Kelby,Male,80,Port Sophia,New South Wales,611,2021-05-01,2021-05-25,3042,580,100.0,2,200.0,Jacket,Bomber,XS,blue,44,May,1,Saturday,24,5
155,Myrle Kelby,Male,80,Port Sophia,New South Wales,611,2021-05-01,2021-05-25,3044,891,94.0,3,282.0,Trousers,Cords,S,green,78,May,1,Saturday,24,5
155,Myrle Kelby,Male,80,Port Sophia,New South Wales,430,2021-02-08,2021-03-01,2138,777,91.0,1,91.0,Jacket,Pullover,M,orange,60,February,8,Monday,21,2
155,Myrle Kelby,Male,80,Port Sophia,New South Wales,430,2021-02-08,2021-03-01,2137,989,106.0,1,106.0,Trousers,Wool,XL,orange,56,February,8,Monday,21,2
156,Cosmo Leys,Female,24,Kaiberg,Western Australia,671,2021-06-22,2021-07-08,3329,732,119.0,1,119.0,Jacket,Trench Coat,M,violet,61,June,22,Tuesday,16,6
156,Cosmo Leys,Female,24,Kaiberg,Western Australia,671,2021-06-22,2021-07-08,3328,1154,102.0,3,306.0,Trousers,Cargo Pants,XL,violet,77,June,22,Tuesday,16,6
156,Cosmo Leys,Female,24,Kaiberg,Western Australia,671,2021-06-22,2021-07-08,3331,608,112.0,3,336.0,Jacket,Cardigan,L,yellow,50,June,22,Tuesday,16,6
156,Cosmo Leys,Female,24,Kaiberg,Western Australia,302,2021-06-19,2021-07-07,1483,926,96.0,1,96.0,Trousers,Drawstring,S,green,73,June,19,Saturday,18,6
156,Cosmo Leys,Female,24,Kaiberg,Western Australia,302,2021-06-19,2021-07-07,1481,1052,93.0,1,93.0,Trousers,Joggers,M,red,43,June,19,Saturday,18,6
156,Cosmo Leys,Female,24,Kaiberg,Western Australia,671,2021-06-22,2021-07-08,3330,1054,93.0,1,93.0,Trousers,Joggers,XL,red,58,June,22,Tuesday,16,6
156,Cosmo Leys,Female,24,Kaiberg,Western Australia,671,2021-06-22,2021-07-08,3332,343,109.0,3,327.0,Shirt,Mandarin Collar,L,indigo,53,June,22,Tuesday,16,6
156,Cosmo Leys,Female,24,Kaiberg,Western Australia,671,2021-06-22,2021-07-08,3333,335,109.0,1,109.0,Shirt,Mandarin Collar,XS,blue,59,June,22,Tuesday,16,6
156,Cosmo Leys,Female,24,Kaiberg,Western Australia,302,2021-06-19,2021-07-07,1482,528,98.0,2,196.0,Jacket,Leather,L,red,76,June,19,Saturday,18,6
158,Ann-marie Sinden,Genderqueer,33,Johnschester,New South Wales,61,2021-04-16,2021-04-28,271,1180,99.0,1,99.0,Trousers,High-Waisted,XS,indigo,47,April,16,Friday,12,4
158,Ann-marie Sinden,Genderqueer,33,Johnschester,New South Wales,61,2021-04-16,2021-04-28,269,1163,99.0,1,99.0,Trousers,High-Waisted,L,orange,78,April,16,Friday,12,4
158,Ann-marie Sinden,Genderqueer,33,Johnschester,New South Wales,61,2021-04-16,2021-04-28,272,710,119.0,3,357.0,Jacket,Trench Coat,XS,yellow,78,April,16,Friday,12,4
158,Ann-marie Sinden,Genderqueer,33,Johnschester,New South Wales,61,2021-04-16,2021-04-28,270,210,106.0,1,106.0,Shirt,Chambray,XS,red,48,April,16,Friday,12,4
158,Ann-marie Sinden,Genderqueer,33,Johnschester,New South Wales,61,2021-04-16,2021-04-28,273,316,109.0,2,218.0,Shirt,Mandarin Collar,S,red,48,April,16,Friday,12,4
160,Christi Reston,Male,26,Hicklebury,New South Wales,114,2021-08-08,2021-09-02,526,922,96.0,2,192.0,Trousers,Drawstring,M,yellow,55,August,8,Sunday,25,8
160,Christi Reston,Male,26,Hicklebury,New South Wales,114,2021-08-08,2021-09-02,527,260,95.0,2,190.0,Shirt,Polo,XS,green,45,August,8,Sunday,25,8
160,Christi Reston,Male,26,Hicklebury,New South Wales,114,2021-08-08,2021-09-02,528,997,106.0,3,318.0,Trousers,Wool,M,green,41,August,8,Sunday,25,8
160,Christi Reston,Male,26,Hicklebury,New South Wales,114,2021-08-08,2021-09-02,532,171,91.0,1,91.0,Shirt,Linen,S,violet,44,August,8,Sunday,25,8
160,Christi Reston,Male,26,Hicklebury,New South Wales,114,2021-08-08,2021-09-02,530,991,106.0,3,318.0,Trousers,Wool,S,yellow,69,August,8,Sunday,25,8
160,Christi Reston,Male,26,Hicklebury,New South Wales,114,2021-08-08,2021-09-02,531,965,97.0,2,194.0,Trousers,Slim-Fit,XS,blue,55,August,8,Sunday,25,8
160,Christi Reston,Male,26,Hicklebury,New South Wales,114,2021-08-08,2021-09-02,529,740,109.0,1,109.0,Jacket,Peacoat,XS,orange,78,August,8,Sunday,25,8
161,Katalin Tellesson,Agender,29,Port Jade,Western Australia,179,2021-06-10,2021-06-27,864,700,119.0,2,238.0,Jacket,Trench Coat,XS,red,78,June,10,Thursday,17,6
161,Katalin Tellesson,Agender,29,Port Jade,Western Australia,179,2021-06-10,2021-06-27,868,449,107.0,3,321.0,Jacket,Denim,XL,indigo,51,June,10,Thursday,17,6
161,Katalin Tellesson,Agender,29,Port Jade,Western Australia,179,2021-06-10,2021-06-27,863,182,98.0,2,196.0,Shirt,Camp Collared,M,orange,65,June,10,Thursday,17,6
161,Katalin Tellesson,Agender,29,Port Jade,Western Australia,179,2021-06-10,2021-06-27,867,1235,112.0,1,112.0,Trousers,Tracksuit Bottoms,XS,yellow,76,June,10,Thursday,17,6
161,Katalin Tellesson,Agender,29,Port Jade,Western Australia,179,2021-06-10,2021-06-27,866,360,94.0,2,188.0,Shirt,Henley,XS,yellow,42,June,10,Thursday,17,6
161,Katalin Tellesson,Agender,29,Port Jade,Western Australia,179,2021-06-10,2021-06-27,865,788,91.0,3,273.0,Jacket,Pullover,L,green,72,June,10,Thursday,17,6
163,Harrietta Burchatt,Genderfluid,20,Port Elliechester,Australian Capital Territory,449,2021-10-23,2021-11-09,2223,923,96.0,3,288.0,Trousers,Drawstring,L,yellow,68,October,23,Saturday,17,10
163,Harrietta Burchatt,Genderfluid,20,Port Elliechester,Australian Capital Territory,449,2021-10-23,2021-11-09,2224,1094,115.0,2,230.0,Trousers,Cropped,XL,orange,61,October,23,Saturday,17,10
163,Harrietta Burchatt,Genderfluid,20,Port Elliechester,Australian Capital Territory,547,2021-10-19,2021-10-30,2745,48,104.0,2,208.0,Shirt,Dress,L,yellow,56,October,19,Tuesday,11,10
163,Harrietta Burchatt,Genderfluid,20,Port Elliechester,Australian Capital Territory,449,2021-10-23,2021-11-09,2225,425,107.0,1,107.0,Jacket,Denim,XS,orange,60,October,23,Saturday,17,10
163,Harrietta Burchatt,Genderfluid,20,Port Elliechester,Australian Capital Territory,449,2021-10-23,2021-11-09,2226,1177,99.0,1,99.0,Trousers,High-Waisted,M,blue,52,October,23,Saturday,17,10
163,Harrietta Burchatt,Genderfluid,20,Port Elliechester,Australian Capital Territory,547,2021-10-19,2021-10-30,2744,1162,99.0,1,99.0,Trousers,High-Waisted,M,orange,69,October,19,Tuesday,11,10
163,Harrietta Burchatt,Genderfluid,20,Port Elliechester,Australian Capital Territory,547,2021-10-19,2021-10-30,2743,479,118.0,2,236.0,Jacket,Puffer,XL,blue,80,October,19,Tuesday,11,10
163,Harrietta Burchatt,Genderfluid,20,Port Elliechester,Australian Capital Territory,547,2021-10-19,2021-10-30,2740,941,96.0,3,288.0,Trousers,Drawstring,S,violet,40,October,19,Tuesday,11,10
163,Harrietta Burchatt,Genderfluid,20,Port Elliechester,Australian Capital Territory,547,2021-10-19,2021-10-30,2739,1168,99.0,3,297.0,Trousers,High-Waisted,L,yellow,77,October,19,Tuesday,11,10
163,Harrietta Burchatt,Genderfluid,20,Port Elliechester,Australian Capital Territory,547,2021-10-19,2021-10-30,2742,1245,112.0,3,336.0,Trousers,Tracksuit Bottoms,XS,blue,42,October,19,Tuesday,11,10
163,Harrietta Burchatt,Genderfluid,20,Port Elliechester,Australian Capital Territory,57,2021-02-27,2021-03-13,255,1078,93.0,2,186.0,Trousers,Joggers,L,indigo,42,February,27,Saturday,14,2
163,Harrietta Burchatt,Genderfluid,20,Port Elliechester,Australian Capital Territory,57,2021-02-27,2021-03-13,257,808,117.0,1,117.0,Jacket,Shearling,L,red,40,February,27,Saturday,14,2
163,Harrietta Burchatt,Genderfluid,20,Port Elliechester,Australian Capital Territory,547,2021-10-19,2021-10-30,2741,384,94.0,1,94.0,Shirt,Henley,XL,violet,77,October,19,Tuesday,11,10
163,Harrietta Burchatt,Genderfluid,20,Port Elliechester,Australian Capital Territory,547,2021-10-19,2021-10-30,2738,1162,99.0,3,297.0,Trousers,High-Waisted,M,orange,69,October,19,Tuesday,11,10
163,Harrietta Burchatt,Genderfluid,20,Port Elliechester,Australian Capital Territory,547,2021-10-19,2021-10-30,2737,498,102.0,3,306.0,Jacket,Windbreaker,L,orange,68,October,19,Tuesday,11,10
163,Harrietta Burchatt,Genderfluid,20,Port Elliechester,Australian Capital Territory,57,2021-02-27,2021-03-13,256,1148,102.0,3,306.0,Trousers,Cargo Pants,L,indigo,46,February,27,Saturday,14,2
167,Alayne Ipplett,Agender,34,Ellieshire,Australian Capital Territory,64,2021-01-24,2021-02-15,281,623,112.0,2,224.0,Jacket,Cardigan,L,indigo,40,January,24,Sunday,22,1
167,Alayne Ipplett,Agender,34,Ellieshire,Australian Capital Territory,64,2021-01-24,2021-02-15,283,680,113.0,2,226.0,Jacket,Parka,XS,green,75,January,24,Sunday,22,1
167,Alayne Ipplett,Agender,34,Ellieshire,Australian Capital Territory,64,2021-01-24,2021-02-15,282,1012,106.0,1,106.0,Trousers,Wool,M,violet,51,January,24,Sunday,22,1
167,Alayne Ipplett,Agender,34,Ellieshire,Australian Capital Territory,64,2021-01-24,2021-02-15,280,801,91.0,2,182.0,Jacket,Pullover,S,violet,74,January,24,Sunday,22,1
169,Wald Kaine,Female,72,South Georgia,Western Australia,767,2021-04-28,2021-04-30,3841,335,109.0,3,327.0,Shirt,Mandarin Collar,XS,blue,59,April,28,Wednesday,2,4
169,Wald Kaine,Female,72,South Georgia,Western Australia,767,2021-04-28,2021-04-30,3839,694,113.0,2,226.0,Jacket,Parka,XL,indigo,78,April,28,Wednesday,2,4
169,Wald Kaine,Female,72,South Georgia,Western Australia,767,2021-04-28,2021-04-30,3842,448,107.0,2,214.0,Jacket,Denim,L,indigo,67,April,28,Wednesday,2,4
169,Wald Kaine,Female,72,South Georgia,Western Australia,767,2021-04-28,2021-04-30,3840,791,91.0,1,91.0,Jacket,Pullover,S,blue,73,April,28,Wednesday,2,4
171,Mariellen Medendorp,Agender,80,South Gabriel,Western Australia,580,2021-04-30,2021-05-09,2901,37,104.0,2,208.0,Shirt,Dress,M,red,57,April,30,Friday,9,4
171,Mariellen Medendorp,Agender,80,South Gabriel,Western Australia,580,2021-04-30,2021-05-09,2902,159,91.0,2,182.0,Shirt,Linen,XL,green,51,April,30,Friday,9,4
171,Mariellen Medendorp,Agender,80,South Gabriel,Western Australia,580,2021-04-30,2021-05-09,2903,657,93.0,1,93.0,Jacket,Coach,M,indigo,64,April,30,Friday,9,4
171,Mariellen Medendorp,Agender,80,South Gabriel,Western Australia,580,2021-04-30,2021-05-09,2900,433,107.0,2,214.0,Jacket,Denim,L,yellow,44,April,30,Friday,9,4
176,Curtis McCarroll,Male,45,Lake Johnchester,New South Wales,665,2021-03-10,2021-03-26,3296,484,118.0,1,118.0,Jacket,Puffer,XL,indigo,60,March,10,Wednesday,16,3
176,Curtis McCarroll,Male,45,Lake Johnchester,New South Wales,665,2021-03-10,2021-03-26,3295,533,98.0,3,294.0,Jacket,Leather,L,orange,78,March,10,Wednesday,16,3
178,Gunner Murdie,Agender,51,Lewiston,Australian Capital Territory,740,2021-02-05,2021-02-10,3697,396,119.0,3,357.0,Shirt,Casual Slim Fit,S,yellow,45,February,5,Friday,5,2
178,Gunner Murdie,Agender,51,Lewiston,Australian Capital Territory,740,2021-02-05,2021-02-10,3701,704,119.0,2,238.0,Jacket,Trench Coat,XL,red,40,February,5,Friday,5,2
178,Gunner Murdie,Agender,51,Lewiston,Australian Capital Territory,740,2021-02-05,2021-02-10,3700,1076,93.0,2,186.0,Trousers,Joggers,S,indigo,56,February,5,Friday,5,2
178,Gunner Murdie,Agender,51,Lewiston,Australian Capital Territory,740,2021-02-05,2021-02-10,3699,990,106.0,1,106.0,Trousers,Wool,XS,yellow,67,February,5,Friday,5,2
178,Gunner Murdie,Agender,51,Lewiston,Australian Capital Territory,740,2021-02-05,2021-02-10,3698,31,96.0,2,192.0,Shirt,Oxford Cloth,S,violet,41,February,5,Friday,5,2
179,Leeann Gowdie,Agender,52,Callumborough,Queensland,253,2021-09-10,2021-10-02,1227,797,91.0,3,273.0,Jacket,Pullover,M,indigo,72,September,10,Friday,22,9
179,Leeann Gowdie,Agender,52,Callumborough,Queensland,253,2021-09-10,2021-10-02,1228,1065,93.0,2,186.0,Trousers,Joggers,XS,green,77,September,10,Friday,22,9
179,Leeann Gowdie,Agender,52,Callumborough,Queensland,253,2021-09-10,2021-10-02,1229,740,109.0,2,218.0,Jacket,Peacoat,XS,orange,78,September,10,Friday,22,9
179,Leeann Gowdie,Agender,52,Callumborough,Queensland,316,2021-09-12,2021-09-20,1548,103,118.0,3,354.0,Shirt,Flannel,L,violet,76,September,12,Sunday,8,9
179,Leeann Gowdie,Agender,52,Callumborough,Queensland,316,2021-09-12,2021-09-20,1545,1079,93.0,3,279.0,Trousers,Joggers,XL,indigo,66,September,12,Sunday,8,9
179,Leeann Gowdie,Agender,52,Callumborough,Queensland,316,2021-09-12,2021-09-20,1546,170,91.0,1,91.0,Shirt,Linen,XS,violet,56,September,12,Sunday,8,9
179,Leeann Gowdie,Agender,52,Callumborough,Queensland,316,2021-09-12,2021-09-20,1547,1071,93.0,2,186.0,Trousers,Joggers,S,blue,50,September,12,Sunday,8,9
180,Nelli Engall,Genderfluid,21,Chasemouth,Western Australia,22,2021-05-28,2021-06-09,105,172,91.0,2,182.0,Shirt,Linen,M,violet,44,May,28,Friday,12,5
180,Nelli Engall,Genderfluid,21,Chasemouth,Western Australia,22,2021-05-28,2021-06-09,102,20,96.0,1,96.0,Shirt,Oxford Cloth,XS,blue,47,May,28,Friday,12,5
180,Nelli Engall,Genderfluid,21,Chasemouth,Western Australia,22,2021-05-28,2021-06-09,103,1040,90.0,2,180.0,Trousers,Relaxed Leg,XS,indigo,60,May,28,Friday,12,5
180,Nelli Engall,Genderfluid,21,Chasemouth,Western Australia,22,2021-05-28,2021-06-09,104,134,92.0,1,92.0,Shirt,Denim,XL,indigo,58,May,28,Friday,12,5
180,Nelli Engall,Genderfluid,21,Chasemouth,Western Australia,68,2021-02-12,2021-02-18,299,64,104.0,1,104.0,Shirt,Dress,XL,indigo,75,February,12,Friday,6,2
180,Nelli Engall,Genderfluid,21,Chasemouth,Western Australia,68,2021-02-12,2021-02-18,302,78,118.0,1,118.0,Shirt,Flannel,L,orange,59,February,12,Friday,6,2
180,Nelli Engall,Genderfluid,21,Chasemouth,Western Australia,22,2021-05-28,2021-06-09,107,912,96.0,1,96.0,Trousers,Drawstring,M,red,70,May,28,Friday,12,5
180,Nelli Engall,Genderfluid,21,Chasemouth,Western Australia,68,2021-02-12,2021-02-18,300,436,107.0,2,214.0,Jacket,Denim,S,green,49,February,12,Friday,6,2
180,Nelli Engall,Genderfluid,21,Chasemouth,Western Australia,68,2021-02-12,2021-02-18,301,1029,90.0,1,90.0,Trousers,Relaxed Leg,XL,yellow,54,February,12,Friday,6,2
180,Nelli Engall,Genderfluid,21,Chasemouth,Western Australia,22,2021-05-28,2021-06-09,106,321,109.0,3,327.0,Shirt,Mandarin Collar,S,orange,52,May,28,Friday,12,5
180,Nelli Engall,Genderfluid,21,Chasemouth,Western Australia,480,2021-07-15,2021-08-05,2368,1113,115.0,3,345.0,Trousers,Cropped,L,indigo,63,July,15,Thursday,21,7
180,Nelli Engall,Genderfluid,21,Chasemouth,Western Australia,480,2021-07-15,2021-08-05,2369,1044,90.0,2,180.0,Trousers,Relaxed Leg,XL,indigo,58,July,15,Thursday,21,7
180,Nelli Engall,Genderfluid,21,Chasemouth,Western Australia,480,2021-07-15,2021-08-05,2370,1049,90.0,1,90.0,Trousers,Relaxed Leg,XL,violet,42,July,15,Thursday,21,7
180,Nelli Engall,Genderfluid,21,Chasemouth,Western Australia,480,2021-07-15,2021-08-05,2367,1079,93.0,2,186.0,Trousers,Joggers,XL,indigo,66,July,15,Thursday,21,7
181,Puff Newbury,Polygender,27,Port Joshuaside,Northern Territory,367,2021-02-20,2021-03-19,1812,1159,99.0,1,99.0,Trousers,High-Waisted,XL,red,80,February,20,Saturday,27,2
181,Puff Newbury,Polygender,27,Port Joshuaside,Northern Territory,367,2021-02-20,2021-03-19,1815,821,117.0,2,234.0,Jacket,Shearling,S,green,66,February,20,Saturday,27,2
181,Puff Newbury,Polygender,27,Port Joshuaside,Northern Territory,367,2021-02-20,2021-03-19,1809,584,100.0,2,200.0,Jacket,Bomber,XL,blue,47,February,20,Saturday,27,2
181,Puff Newbury,Polygender,27,Port Joshuaside,Northern Territory,367,2021-02-20,2021-03-19,1813,1239,112.0,3,336.0,Trousers,Tracksuit Bottoms,XL,yellow,59,February,20,Saturday,27,2
181,Puff Newbury,Polygender,27,Port Joshuaside,Northern Territory,84,2021-08-26,2021-09-20,371,371,94.0,3,282.0,Shirt,Henley,S,blue,75,August,26,Thursday,25,8
181,Puff Newbury,Polygender,27,Port Joshuaside,Northern Territory,84,2021-08-26,2021-09-20,370,1074,93.0,1,93.0,Trousers,Joggers,XL,blue,52,August,26,Thursday,25,8
181,Puff Newbury,Polygender,27,Port Joshuaside,Northern Territory,84,2021-08-26,2021-09-20,372,191,98.0,2,196.0,Shirt,Camp Collared,S,green,60,August,26,Thursday,25,8
181,Puff Newbury,Polygender,27,Port Joshuaside,Northern Territory,367,2021-02-20,2021-03-19,1811,666,113.0,2,226.0,Jacket,Parka,S,red,66,February,20,Saturday,27,2
181,Puff Newbury,Polygender,27,Port Joshuaside,Northern Territory,367,2021-02-20,2021-03-19,1814,1183,99.0,3,297.0,Trousers,High-Waisted,L,indigo,55,February,20,Saturday,27,2
181,Puff Newbury,Polygender,27,Port Joshuaside,Northern Territory,367,2021-02-20,2021-03-19,1810,197,98.0,2,196.0,Shirt,Camp Collared,M,blue,65,February,20,Saturday,27,2
183,Martin O'Mailey,Female,44,New Angelina,Queensland,840,2021-06-30,2021-07-08,4218,108,92.0,3,276.0,Shirt,Denim,L,red,52,June,30,Wednesday,8,6
183,Martin O'Mailey,Female,44,New Angelina,Queensland,633,2021-07-02,2021-07-13,3139,1179,99.0,3,297.0,Trousers,High-Waisted,XL,blue,65,July,2,Friday,11,7
183,Martin O'Mailey,Female,44,New Angelina,Queensland,633,2021-07-02,2021-07-13,3140,215,106.0,2,212.0,Shirt,Chambray,XS,orange,76,July,2,Friday,11,7
183,Martin O'Mailey,Female,44,New Angelina,Queensland,633,2021-07-02,2021-07-13,3138,267,95.0,2,190.0,Shirt,Polo,M,blue,49,July,2,Friday,11,7
183,Martin O'Mailey,Female,44,New Angelina,Queensland,633,2021-07-02,2021-07-13,3136,383,94.0,3,282.0,Shirt,Henley,L,violet,51,July,2,Friday,11,7
183,Martin O'Mailey,Female,44,New Angelina,Queensland,633,2021-07-02,2021-07-13,3134,993,106.0,1,106.0,Trousers,Wool,L,yellow,46,July,2,Friday,11,7
183,Martin O'Mailey,Female,44,New Angelina,Queensland,633,2021-07-02,2021-07-13,3135,988,106.0,1,106.0,Trousers,Wool,L,orange,56,July,2,Friday,11,7
183,Martin O'Mailey,Female,44,New Angelina,Queensland,812,2021-07-09,2021-07-13,4078,796,91.0,1,91.0,Jacket,Pullover,S,indigo,44,July,9,Friday,4,7
183,Martin O'Mailey,Female,44,New Angelina,Queensland,812,2021-07-09,2021-07-13,4079,7,96.0,3,288.0,Shirt,Oxford Cloth,M,orange,77,July,9,Friday,4,7
183,Martin O'Mailey,Female,44,New Angelina,Queensland,633,2021-07-02,2021-07-13,3137,720,119.0,2,238.0,Jacket,Trench Coat,XS,blue,59,July,2,Friday,11,7
183,Martin O'Mailey,Female,44,New Angelina,Queensland,840,2021-06-30,2021-07-08,4219,1088,115.0,2,230.0,Trousers,Cropped,L,red,63,June,30,Wednesday,8,6
183,Martin O'Mailey,Female,44,New Angelina,Queensland,840,2021-06-30,2021-07-08,4217,548,98.0,1,98.0,Jacket,Leather,L,blue,62,June,30,Wednesday,8,6
183,Martin O'Mailey,Female,44,New Angelina,Queensland,812,2021-07-09,2021-07-13,4080,717,119.0,2,238.0,Jacket,Trench Coat,M,green,67,July,9,Friday,4,7
183,Martin O'Mailey,Female,44,New Angelina,Queensland,840,2021-06-30,2021-07-08,4216,757,109.0,2,218.0,Jacket,Peacoat,M,blue,71,June,30,Wednesday,8,6
183,Martin O'Mailey,Female,44,New Angelina,Queensland,840,2021-06-30,2021-07-08,4215,600,112.0,1,112.0,Jacket,Cardigan,XS,orange,46,June,30,Wednesday,8,6
183,Martin O'Mailey,Female,44,New Angelina,Queensland,840,2021-06-30,2021-07-08,4214,1139,102.0,2,204.0,Trousers,Cargo Pants,XL,green,65,June,30,Wednesday,8,6
183,Martin O'Mailey,Female,44,New Angelina,Queensland,812,2021-07-09,2021-07-13,4081,900,94.0,2,188.0,Trousers,Cords,XS,indigo,47,July,9,Friday,4,7
185,Darrelle Padson,Polygender,67,Violetborough,Victoria,448,2021-08-20,2021-08-31,2222,95,118.0,2,236.0,Shirt,Flannel,XS,indigo,46,August,20,Friday,11,8
185,Darrelle Padson,Polygender,67,Violetborough,Victoria,448,2021-08-20,2021-08-31,2220,1030,90.0,2,180.0,Trousers,Relaxed Leg,XS,green,80,August,20,Friday,11,8
185,Darrelle Padson,Polygender,67,Violetborough,Victoria,448,2021-08-20,2021-08-31,2221,136,92.0,2,184.0,Shirt,Denim,S,violet,54,August,20,Friday,11,8
187,Trenton Lydiard,Genderfluid,70,West Isabelton,Queensland,790,2021-05-16,2021-05-27,3962,1218,105.0,3,315.0,Trousers,Pleated,L,indigo,73,May,16,Sunday,11,5
187,Trenton Lydiard,Genderfluid,70,West Isabelton,Queensland,790,2021-05-16,2021-05-27,3963,293,105.0,2,210.0,Shirt,Cuban Collar,L,yellow,77,May,16,Sunday,11,5
187,Trenton Lydiard,Genderfluid,70,West Isabelton,Queensland,790,2021-05-16,2021-05-27,3964,189,98.0,2,196.0,Shirt,Camp Collared,XL,yellow,44,May,16,Sunday,11,5
187,Trenton Lydiard,Genderfluid,70,West Isabelton,Queensland,790,2021-05-16,2021-05-27,3960,877,94.0,1,94.0,Trousers,Cords,M,red,68,May,16,Sunday,11,5
187,Trenton Lydiard,Genderfluid,70,West Isabelton,Queensland,790,2021-05-16,2021-05-27,3965,1013,106.0,3,318.0,Trousers,Wool,L,violet,61,May,16,Sunday,11,5
187,Trenton Lydiard,Genderfluid,70,West Isabelton,Queensland,790,2021-05-16,2021-05-27,3961,718,119.0,2,238.0,Jacket,Trench Coat,L,green,73,May,16,Sunday,11,5
187,Trenton Lydiard,Genderfluid,70,West Isabelton,Queensland,790,2021-05-16,2021-05-27,3958,1021,90.0,3,270.0,Trousers,Relaxed Leg,S,orange,47,May,16,Sunday,11,5
187,Trenton Lydiard,Genderfluid,70,West Isabelton,Queensland,790,2021-05-16,2021-05-27,3959,727,119.0,3,357.0,Jacket,Trench Coat,M,indigo,42,May,16,Sunday,11,5
189,Deedee Pashe,Bigender,28,Lake Abigailhaven,Western Australia,916,2021-10-12,2021-10-19,4591,118,92.0,1,92.0,Shirt,Denim,L,yellow,75,October,12,Tuesday,7,10
189,Deedee Pashe,Bigender,28,Lake Abigailhaven,Western Australia,916,2021-10-12,2021-10-19,4590,324,109.0,1,109.0,Shirt,Mandarin Collar,XL,orange,59,October,12,Tuesday,7,10
189,Deedee Pashe,Bigender,28,Lake Abigailhaven,Western Australia,911,2021-08-23,2021-09-06,4572,979,97.0,1,97.0,Trousers,Slim-Fit,XL,violet,48,August,23,Monday,14,8
189,Deedee Pashe,Bigender,28,Lake Abigailhaven,Western Australia,911,2021-08-23,2021-09-06,4573,372,94.0,2,188.0,Shirt,Henley,M,blue,42,August,23,Monday,14,8
189,Deedee Pashe,Bigender,28,Lake Abigailhaven,Western Australia,916,2021-10-12,2021-10-19,4589,904,94.0,1,94.0,Trousers,Cords,XL,indigo,70,October,12,Tuesday,7,10
189,Deedee Pashe,Bigender,28,Lake Abigailhaven,Western Australia,265,2021-07-04,2021-07-29,1284,813,117.0,1,117.0,Jacket,Shearling,L,orange,58,July,4,Sunday,25,7
189,Deedee Pashe,Bigender,28,Lake Abigailhaven,Western Australia,265,2021-07-04,2021-07-29,1285,630,93.0,1,93.0,Jacket,Coach,XS,red,71,July,4,Sunday,25,7
189,Deedee Pashe,Bigender,28,Lake Abigailhaven,Western Australia,265,2021-07-04,2021-07-29,1286,462,118.0,1,118.0,Jacket,Puffer,M,orange,61,July,4,Sunday,25,7
189,Deedee Pashe,Bigender,28,Lake Abigailhaven,Western Australia,265,2021-07-04,2021-07-29,1282,364,94.0,1,94.0,Shirt,Henley,XL,yellow,55,July,4,Sunday,25,7
189,Deedee Pashe,Bigender,28,Lake Abigailhaven,Western Australia,265,2021-07-04,2021-07-29,1281,742,109.0,2,218.0,Jacket,Peacoat,M,orange,47,July,4,Sunday,25,7
189,Deedee Pashe,Bigender,28,Lake Abigailhaven,Western Australia,911,2021-08-23,2021-09-06,4574,915,96.0,1,96.0,Trousers,Drawstring,XS,orange,41,August,23,Monday,14,8
189,Deedee Pashe,Bigender,28,Lake Abigailhaven,Western Australia,265,2021-07-04,2021-07-29,1280,1029,90.0,2,180.0,Trousers,Relaxed Leg,XL,yellow,54,July,4,Sunday,25,7
189,Deedee Pashe,Bigender,28,Lake Abigailhaven,Western Australia,265,2021-07-04,2021-07-29,1283,479,118.0,1,118.0,Jacket,Puffer,XL,blue,80,July,4,Sunday,25,7
189,Deedee Pashe,Bigender,28,Lake Abigailhaven,Western Australia,911,2021-08-23,2021-09-06,4575,87,118.0,1,118.0,Shirt,Flannel,M,green,66,August,23,Monday,14,8
191,Isis Doel,Agender,76,Grimesstad,Northern Territory,245,2021-05-06,2021-05-10,1185,1050,93.0,2,186.0,Trousers,Joggers,XS,red,65,May,6,Thursday,4,5
191,Isis Doel,Agender,76,Grimesstad,Northern Territory,245,2021-05-06,2021-05-10,1182,1059,93.0,3,279.0,Trousers,Joggers,XL,orange,44,May,6,Thursday,4,5
191,Isis Doel,Agender,76,Grimesstad,Northern Territory,245,2021-05-06,2021-05-10,1183,655,93.0,2,186.0,Jacket,Coach,XS,indigo,42,May,6,Thursday,4,5
191,Isis Doel,Agender,76,Grimesstad,Northern Territory,245,2021-05-06,2021-05-10,1184,472,118.0,3,354.0,Jacket,Puffer,M,green,72,May,6,Thursday,4,5
192,Tommy Ebunoluwa,Female,63,East Mason,Tasmania,504,2021-01-13,2021-02-08,2493,754,109.0,3,327.0,Jacket,Peacoat,XL,green,68,January,13,Wednesday,26,1
192,Tommy Ebunoluwa,Female,63,East Mason,Tasmania,504,2021-01-13,2021-02-08,2498,554,98.0,1,98.0,Jacket,Leather,XL,indigo,52,January,13,Wednesday,26,1
192,Tommy Ebunoluwa,Female,63,East Mason,Tasmania,504,2021-01-13,2021-02-08,2494,425,107.0,1,107.0,Jacket,Denim,XS,orange,60,January,13,Wednesday,26,1
192,Tommy Ebunoluwa,Female,63,East Mason,Tasmania,504,2021-01-13,2021-02-08,2496,618,112.0,3,336.0,Jacket,Cardigan,L,blue,68,January,13,Wednesday,26,1
192,Tommy Ebunoluwa,Female,63,East Mason,Tasmania,504,2021-01-13,2021-02-08,2495,1068,93.0,2,186.0,Trousers,Joggers,L,green,43,January,13,Wednesday,26,1
192,Tommy Ebunoluwa,Female,63,East Mason,Tasmania,504,2021-01-13,2021-02-08,2499,1086,115.0,3,345.0,Trousers,Cropped,S,red,47,January,13,Wednesday,26,1
192,Tommy Ebunoluwa,Female,63,East Mason,Tasmania,504,2021-01-13,2021-02-08,2497,350,94.0,1,94.0,Shirt,Henley,XS,red,62,January,13,Wednesday,26,1
195,Tobye De Caville,Genderfluid,72,West Baileyville,New South Wales,54,2021-04-25,2021-05-17,247,268,95.0,1,95.0,Shirt,Polo,L,blue,77,April,25,Sunday,22,4
195,Tobye De Caville,Genderfluid,72,West Baileyville,New South Wales,54,2021-04-25,2021-05-17,245,843,113.0,2,226.0,Trousers,Chinos,L,red,44,April,25,Sunday,22,4
195,Tobye De Caville,Genderfluid,72,West Baileyville,New South Wales,54,2021-04-25,2021-05-17,248,512,102.0,2,204.0,Jacket,Windbreaker,M,blue,70,April,25,Sunday,22,4
195,Tobye De Caville,Genderfluid,72,West Baileyville,New South Wales,54,2021-04-25,2021-05-17,246,974,97.0,2,194.0,Trousers,Slim-Fit,XL,indigo,66,April,25,Sunday,22,4
196,Erroll Michelle,Genderqueer,25,New Ava,South Australia,518,2021-06-03,2021-06-18,2574,781,91.0,2,182.0,Jacket,Pullover,S,yellow,42,June,3,Thursday,15,6
196,Erroll Michelle,Genderqueer,25,New Ava,South Australia,518,2021-06-03,2021-06-18,2577,740,109.0,3,327.0,Jacket,Peacoat,XS,orange,78,June,3,Thursday,15,6
196,Erroll Michelle,Genderqueer,25,New Ava,South Australia,518,2021-06-03,2021-06-18,2576,934,96.0,3,288.0,Trousers,Drawstring,XL,blue,60,June,3,Thursday,15,6
196,Erroll Michelle,Genderqueer,25,New Ava,South Australia,518,2021-06-03,2021-06-18,2575,816,117.0,1,117.0,Jacket,Shearling,S,yellow,48,June,3,Thursday,15,6
196,Erroll Michelle,Genderqueer,25,New Ava,South Australia,518,2021-06-03,2021-06-18,2573,199,98.0,2,196.0,Shirt,Camp Collared,XL,blue,51,June,3,Thursday,15,6
198,Yevette Weekes,Genderqueer,66,Gardenchester,Victoria,761,2021-10-03,2021-10-25,3813,505,102.0,1,102.0,Jacket,Windbreaker,XS,green,57,October,3,Sunday,22,10
198,Yevette Weekes,Genderqueer,66,Gardenchester,Victoria,761,2021-10-03,2021-10-25,3812,1201,105.0,3,315.0,Trousers,Pleated,S,yellow,71,October,3,Sunday,22,10
199,Clayson Mealing,Genderqueer,65,Lake Declanland,South Australia,326,2021-06-22,2021-07-01,1597,550,98.0,1,98.0,Jacket,Leather,XS,indigo,78,June,22,Tuesday,9,6
199,Clayson Mealing,Genderqueer,65,Lake Declanland,South Australia,326,2021-06-22,2021-07-01,1598,695,113.0,3,339.0,Jacket,Parka,XS,violet,59,June,22,Tuesday,9,6
199,Clayson Mealing,Genderqueer,65,Lake Declanland,South Australia,326,2021-06-22,2021-07-01,1596,390,119.0,2,238.0,Shirt,Casual Slim Fit,XS,orange,43,June,22,Tuesday,9,6
201,Loni Tort,Polygender,58,Joelmouth,Australian Capital Territory,288,2021-10-13,2021-10-16,1395,84,118.0,3,354.0,Shirt,Flannel,XL,yellow,72,October,13,Wednesday,3,10
201,Loni Tort,Polygender,58,Joelmouth,Australian Capital Territory,288,2021-10-13,2021-10-16,1402,847,113.0,2,226.0,Trousers,Chinos,M,orange,73,October,13,Wednesday,3,10
201,Loni Tort,Polygender,58,Joelmouth,Australian Capital Territory,288,2021-10-13,2021-10-16,1397,715,119.0,1,119.0,Jacket,Trench Coat,XS,green,62,October,13,Wednesday,3,10
201,Loni Tort,Polygender,58,Joelmouth,Australian Capital Territory,288,2021-10-13,2021-10-16,1396,519,102.0,3,306.0,Jacket,Windbreaker,XL,indigo,60,October,13,Wednesday,3,10
201,Loni Tort,Polygender,58,Joelmouth,Australian Capital Territory,288,2021-10-13,2021-10-16,1401,1203,105.0,1,105.0,Trousers,Pleated,L,yellow,62,October,13,Wednesday,3,10
201,Loni Tort,Polygender,58,Joelmouth,Australian Capital Territory,288,2021-10-13,2021-10-16,1398,519,102.0,3,306.0,Jacket,Windbreaker,XL,indigo,60,October,13,Wednesday,3,10
201,Loni Tort,Polygender,58,Joelmouth,Australian Capital Territory,658,2021-05-23,2021-06-05,3262,908,94.0,3,282.0,Trousers,Cords,L,violet,74,May,23,Sunday,13,5
201,Loni Tort,Polygender,58,Joelmouth,Australian Capital Territory,658,2021-05-23,2021-06-05,3269,42,104.0,1,104.0,Shirt,Dress,M,orange,53,May,23,Sunday,13,5
201,Loni Tort,Polygender,58,Joelmouth,Australian Capital Territory,658,2021-05-23,2021-06-05,3263,195,98.0,2,196.0,Shirt,Camp Collared,XS,blue,47,May,23,Sunday,13,5
201,Loni Tort,Polygender,58,Joelmouth,Australian Capital Territory,658,2021-05-23,2021-06-05,3267,1204,105.0,2,210.0,Trousers,Pleated,XL,yellow,52,May,23,Sunday,13,5
201,Loni Tort,Polygender,58,Joelmouth,Australian Capital Territory,658,2021-05-23,2021-06-05,3266,692,113.0,1,113.0,Jacket,Parka,M,indigo,66,May,23,Sunday,13,5
201,Loni Tort,Polygender,58,Joelmouth,Australian Capital Territory,658,2021-05-23,2021-06-05,3265,439,107.0,2,214.0,Jacket,Denim,XL,green,59,May,23,Sunday,13,5
201,Loni Tort,Polygender,58,Joelmouth,Australian Capital Territory,288,2021-10-13,2021-10-16,1400,888,94.0,3,282.0,Trousers,Cords,L,yellow,62,October,13,Wednesday,3,10
201,Loni Tort,Polygender,58,Joelmouth,Australian Capital Territory,288,2021-10-13,2021-10-16,1399,788,91.0,2,182.0,Jacket,Pullover,L,green,72,October,13,Wednesday,3,10
201,Loni Tort,Polygender,58,Joelmouth,Australian Capital Territory,658,2021-05-23,2021-06-05,3268,271,95.0,1,95.0,Shirt,Polo,S,indigo,50,May,23,Sunday,13,5
201,Loni Tort,Polygender,58,Joelmouth,Australian Capital Territory,288,2021-10-13,2021-10-16,1403,395,119.0,1,119.0,Shirt,Casual Slim Fit,XS,yellow,63,October,13,Wednesday,3,10
201,Loni Tort,Polygender,58,Joelmouth,Australian Capital Territory,658,2021-05-23,2021-06-05,3264,1123,102.0,3,306.0,Trousers,Cargo Pants,L,red,61,May,23,Sunday,13,5
203,Angil Crunden,Non-binary,30,Lake Elijah,Australian Capital Territory,537,2021-02-14,2021-03-13,2677,1232,112.0,3,336.0,Trousers,Tracksuit Bottoms,M,orange,47,February,14,Sunday,27,2
203,Angil Crunden,Non-binary,30,Lake Elijah,Australian Capital Territory,537,2021-02-14,2021-03-13,2676,1248,112.0,3,336.0,Trousers,Tracksuit Bottoms,L,blue,72,February,14,Sunday,27,2
203,Angil Crunden,Non-binary,30,Lake Elijah,Australian Capital Territory,537,2021-02-14,2021-03-13,2675,1022,90.0,3,270.0,Trousers,Relaxed Leg,M,orange,74,February,14,Sunday,27,2
204,Bird McGarvie,Female,60,East Jakeberg,New South Wales,13,2021-10-15,2021-10-31,56,1249,112.0,2,224.0,Trousers,Tracksuit Bottoms,XL,blue,68,October,15,Friday,16,10
204,Bird McGarvie,Female,60,East Jakeberg,New South Wales,13,2021-10-15,2021-10-31,55,835,117.0,1,117.0,Jacket,Shearling,XS,violet,75,October,15,Friday,16,10
204,Bird McGarvie,Female,60,East Jakeberg,New South Wales,13,2021-10-15,2021-10-31,54,800,91.0,2,182.0,Jacket,Pullover,XS,violet,61,October,15,Friday,16,10
204,Bird McGarvie,Female,60,East Jakeberg,New South Wales,13,2021-10-15,2021-10-31,57,753,109.0,2,218.0,Jacket,Peacoat,L,green,73,October,15,Friday,16,10
204,Bird McGarvie,Female,60,East Jakeberg,New South Wales,13,2021-10-15,2021-10-31,52,217,106.0,2,212.0,Shirt,Chambray,M,orange,43,October,15,Friday,16,10
204,Bird McGarvie,Female,60,East Jakeberg,New South Wales,13,2021-10-15,2021-10-31,53,95,118.0,3,354.0,Shirt,Flannel,XS,indigo,46,October,15,Friday,16,10
204,Bird McGarvie,Female,60,East Jakeberg,New South Wales,13,2021-10-15,2021-10-31,58,114,92.0,3,276.0,Shirt,Denim,XL,orange,67,October,15,Friday,16,10
206,Crin Johnikin,Polygender,66,South Clairetown,Queensland,409,2021-05-03,2021-05-11,2029,772,91.0,2,182.0,Jacket,Pullover,M,red,55,May,3,Monday,8,5
206,Crin Johnikin,Polygender,66,South Clairetown,Queensland,199,2021-05-17,2021-05-18,972,249,95.0,3,285.0,Shirt,Polo,XL,red,76,May,17,Monday,1,5
206,Crin Johnikin,Polygender,66,South Clairetown,Queensland,199,2021-05-17,2021-05-18,970,1057,93.0,3,279.0,Trousers,Joggers,M,orange,52,May,17,Monday,1,5
206,Crin Johnikin,Polygender,66,South Clairetown,Queensland,28,2021-08-19,2021-09-04,130,684,113.0,3,339.0,Jacket,Parka,XL,green,55,August,19,Thursday,16,8
206,Crin Johnikin,Polygender,66,South Clairetown,Queensland,409,2021-05-03,2021-05-11,2032,279,95.0,3,285.0,Shirt,Polo,XL,violet,79,May,3,Monday,8,5
206,Crin Johnikin,Polygender,66,South Clairetown,Queensland,409,2021-05-03,2021-05-11,2030,579,100.0,3,300.0,Jacket,Bomber,XL,green,79,May,3,Monday,8,5
206,Crin Johnikin,Polygender,66,South Clairetown,Queensland,409,2021-05-03,2021-05-11,2031,1141,102.0,2,204.0,Trousers,Cargo Pants,S,blue,63,May,3,Monday,8,5
206,Crin Johnikin,Polygender,66,South Clairetown,Queensland,28,2021-08-19,2021-09-04,128,2,96.0,2,192.0,Shirt,Oxford Cloth,M,red,54,August,19,Thursday,16,8
206,Crin Johnikin,Polygender,66,South Clairetown,Queensland,28,2021-08-19,2021-09-04,129,761,109.0,2,218.0,Jacket,Peacoat,S,indigo,49,August,19,Thursday,16,8
206,Crin Johnikin,Polygender,66,South Clairetown,Queensland,28,2021-08-19,2021-09-04,134,803,91.0,2,182.0,Jacket,Pullover,L,violet,78,August,19,Thursday,16,8
206,Crin Johnikin,Polygender,66,South Clairetown,Queensland,28,2021-08-19,2021-09-04,131,922,96.0,2,192.0,Trousers,Drawstring,M,yellow,55,August,19,Thursday,16,8
206,Crin Johnikin,Polygender,66,South Clairetown,Queensland,390,2021-01-20,2021-01-24,1943,405,119.0,3,357.0,Shirt,Casual Slim Fit,XS,blue,55,January,20,Wednesday,4,1
206,Crin Johnikin,Polygender,66,South Clairetown,Queensland,390,2021-01-20,2021-01-24,1944,685,113.0,2,226.0,Jacket,Parka,XS,blue,67,January,20,Wednesday,4,1
206,Crin Johnikin,Polygender,66,South Clairetown,Queensland,28,2021-08-19,2021-09-04,132,1053,93.0,2,186.0,Trousers,Joggers,L,red,63,August,19,Thursday,16,8
206,Crin Johnikin,Polygender,66,South Clairetown,Queensland,28,2021-08-19,2021-09-04,133,1259,112.0,3,336.0,Trousers,Tracksuit Bottoms,XL,violet,60,August,19,Thursday,16,8
206,Crin Johnikin,Polygender,66,South Clairetown,Queensland,28,2021-08-19,2021-09-04,126,1158,99.0,1,99.0,Trousers,High-Waisted,L,red,52,August,19,Thursday,16,8
206,Crin Johnikin,Polygender,66,South Clairetown,Queensland,28,2021-08-19,2021-09-04,125,226,106.0,2,212.0,Shirt,Chambray,S,green,63,August,19,Thursday,16,8
206,Crin Johnikin,Polygender,66,South Clairetown,Queensland,28,2021-08-19,2021-09-04,124,19,96.0,2,192.0,Shirt,Oxford Cloth,XL,green,42,August,19,Thursday,16,8
206,Crin Johnikin,Polygender,66,South Clairetown,Queensland,390,2021-01-20,2021-01-24,1942,1101,115.0,3,345.0,Trousers,Cropped,S,green,71,January,20,Wednesday,4,1
206,Crin Johnikin,Polygender,66,South Clairetown,Queensland,28,2021-08-19,2021-09-04,127,730,119.0,1,119.0,Jacket,Trench Coat,XS,violet,64,August,19,Thursday,16,8
206,Crin Johnikin,Polygender,66,South Clairetown,Queensland,409,2021-05-03,2021-05-11,2033,1230,112.0,3,336.0,Trousers,Tracksuit Bottoms,XS,orange,57,May,3,Monday,8,5
206,Crin Johnikin,Polygender,66,South Clairetown,Queensland,199,2021-05-17,2021-05-18,971,655,93.0,3,279.0,Jacket,Coach,XS,indigo,42,May,17,Monday,1,5
206,Crin Johnikin,Polygender,66,South Clairetown,Queensland,199,2021-05-17,2021-05-18,969,78,118.0,2,236.0,Shirt,Flannel,L,orange,59,May,17,Monday,1,5
207,Brade Caught,Genderqueer,56,Elijahburgh,Queensland,644,2021-03-13,2021-03-22,3199,454,107.0,2,214.0,Jacket,Denim,XL,violet,63,March,13,Saturday,9,3
207,Brade Caught,Genderqueer,56,Elijahburgh,Queensland,760,2021-07-09,2021-07-11,3811,1188,99.0,1,99.0,Trousers,High-Waisted,L,violet,68,July,9,Friday,2,7
207,Brade Caught,Genderqueer,56,Elijahburgh,Queensland,644,2021-03-13,2021-03-22,3201,1,96.0,2,192.0,Shirt,Oxford Cloth,S,red,53,March,13,Saturday,9,3
207,Brade Caught,Genderqueer,56,Elijahburgh,Queensland,644,2021-03-13,2021-03-22,3200,167,91.0,3,273.0,Shirt,Linen,M,indigo,72,March,13,Saturday,9,3
207,Brade Caught,Genderqueer,56,Elijahburgh,Queensland,760,2021-07-09,2021-07-11,3807,661,93.0,2,186.0,Jacket,Coach,S,violet,74,July,9,Friday,2,7
207,Brade Caught,Genderqueer,56,Elijahburgh,Queensland,760,2021-07-09,2021-07-11,3809,311,105.0,2,210.0,Shirt,Cuban Collar,S,violet,43,July,9,Friday,2,7
207,Brade Caught,Genderqueer,56,Elijahburgh,Queensland,760,2021-07-09,2021-07-11,3808,1234,112.0,1,112.0,Trousers,Tracksuit Bottoms,XL,orange,42,July,9,Friday,2,7
207,Brade Caught,Genderqueer,56,Elijahburgh,Queensland,760,2021-07-09,2021-07-11,3810,1026,90.0,3,270.0,Trousers,Relaxed Leg,S,yellow,43,July,9,Friday,2,7
207,Brade Caught,Genderqueer,56,Elijahburgh,Queensland,760,2021-07-09,2021-07-11,3806,502,102.0,1,102.0,Jacket,Windbreaker,M,yellow,52,July,9,Friday,2,7
207,Brade Caught,Genderqueer,56,Elijahburgh,Queensland,760,2021-07-09,2021-07-11,3805,729,119.0,1,119.0,Jacket,Trench Coat,XL,indigo,64,July,9,Friday,2,7
207,Brade Caught,Genderqueer,56,Elijahburgh,Queensland,296,2021-10-22,2021-10-25,1448,466,118.0,3,354.0,Jacket,Puffer,S,yellow,48,October,22,Friday,3,10
207,Brade Caught,Genderqueer,56,Elijahburgh,Queensland,296,2021-10-22,2021-10-25,1449,103,118.0,3,354.0,Shirt,Flannel,L,violet,76,October,22,Friday,3,10
207,Brade Caught,Genderqueer,56,Elijahburgh,Queensland,296,2021-10-22,2021-10-25,1446,100,118.0,1,118.0,Shirt,Flannel,XS,violet,72,October,22,Friday,3,10
207,Brade Caught,Genderqueer,56,Elijahburgh,Queensland,296,2021-10-22,2021-10-25,1450,343,109.0,2,218.0,Shirt,Mandarin Collar,L,indigo,53,October,22,Friday,3,10
207,Brade Caught,Genderqueer,56,Elijahburgh,Queensland,296,2021-10-22,2021-10-25,1447,49,104.0,2,208.0,Shirt,Dress,XL,yellow,75,October,22,Friday,3,10
207,Brade Caught,Genderqueer,56,Elijahburgh,Queensland,644,2021-03-13,2021-03-22,3202,957,97.0,3,291.0,Trousers,Slim-Fit,M,yellow,55,March,13,Saturday,9,3
208,Shaylyn Musla,Bigender,71,Josephland,South Australia,159,2021-09-05,2021-09-13,746,118,92.0,2,184.0,Shirt,Denim,L,yellow,75,September,5,Sunday,8,9
208,Shaylyn Musla,Bigender,71,Josephland,South Australia,159,2021-09-05,2021-09-13,749,410,119.0,3,357.0,Shirt,Casual Slim Fit,XS,indigo,57,September,5,Sunday,8,9
208,Shaylyn Musla,Bigender,71,Josephland,South Australia,159,2021-09-05,2021-09-13,748,209,98.0,2,196.0,Shirt,Camp Collared,XL,violet,40,September,5,Sunday,8,9
208,Shaylyn Musla,Bigender,71,Josephland,South Australia,159,2021-09-05,2021-09-13,747,172,91.0,2,182.0,Shirt,Linen,M,violet,44,September,5,Sunday,8,9
209,Lauryn Deport,Female,29,Bayermouth,South Australia,347,2021-05-29,2021-06-14,1701,953,97.0,2,194.0,Trousers,Slim-Fit,L,orange,66,May,29,Saturday,16,5
209,Lauryn Deport,Female,29,Bayermouth,South Australia,347,2021-05-29,2021-06-14,1704,644,93.0,3,279.0,Jacket,Coach,XL,yellow,68,May,29,Saturday,16,5
209,Lauryn Deport,Female,29,Bayermouth,South Australia,347,2021-05-29,2021-06-14,1702,489,118.0,1,118.0,Jacket,Puffer,XL,violet,40,May,29,Saturday,16,5
209,Lauryn Deport,Female,29,Bayermouth,South Australia,347,2021-05-29,2021-06-14,1703,957,97.0,1,97.0,Trousers,Slim-Fit,M,yellow,55,May,29,Saturday,16,5
209,Lauryn Deport,Female,29,Bayermouth,South Australia,103,2021-06-16,2021-06-24,469,78,118.0,3,354.0,Shirt,Flannel,L,orange,59,June,16,Wednesday,8,6
209,Lauryn Deport,Female,29,Bayermouth,South Australia,955,2021-01-20,2021-02-05,4770,938,96.0,3,288.0,Trousers,Drawstring,L,indigo,77,January,20,Wednesday,16,1
209,Lauryn Deport,Female,29,Bayermouth,South Australia,103,2021-06-16,2021-06-24,466,740,109.0,3,327.0,Jacket,Peacoat,XS,orange,78,June,16,Wednesday,8,6
209,Lauryn Deport,Female,29,Bayermouth,South Australia,103,2021-06-16,2021-06-24,465,663,93.0,3,279.0,Jacket,Coach,L,violet,80,June,16,Wednesday,8,6
209,Lauryn Deport,Female,29,Bayermouth,South Australia,955,2021-01-20,2021-02-05,4768,966,97.0,1,97.0,Trousers,Slim-Fit,S,blue,49,January,20,Wednesday,16,1
209,Lauryn Deport,Female,29,Bayermouth,South Australia,103,2021-06-16,2021-06-24,463,756,109.0,3,327.0,Jacket,Peacoat,S,blue,50,June,16,Wednesday,8,6
209,Lauryn Deport,Female,29,Bayermouth,South Australia,103,2021-06-16,2021-06-24,462,772,91.0,1,91.0,Jacket,Pullover,M,red,55,June,16,Wednesday,8,6
209,Lauryn Deport,Female,29,Bayermouth,South Australia,955,2021-01-20,2021-02-05,4767,393,119.0,1,119.0,Shirt,Casual Slim Fit,L,orange,76,January,20,Wednesday,16,1
209,Lauryn Deport,Female,29,Bayermouth,South Australia,955,2021-01-20,2021-02-05,4769,1229,112.0,3,336.0,Trousers,Tracksuit Bottoms,XL,red,45,January,20,Wednesday,16,1
209,Lauryn Deport,Female,29,Bayermouth,South Australia,103,2021-06-16,2021-06-24,468,9,96.0,2,192.0,Shirt,Oxford Cloth,XL,orange,43,June,16,Wednesday,8,6
209,Lauryn Deport,Female,29,Bayermouth,South Australia,955,2021-01-20,2021-02-05,4766,131,92.0,1,92.0,Shirt,Denim,S,indigo,69,January,20,Wednesday,16,1
209,Lauryn Deport,Female,29,Bayermouth,South Australia,103,2021-06-16,2021-06-24,467,549,98.0,2,196.0,Jacket,Leather,XL,blue,67,June,16,Wednesday,8,6
209,Lauryn Deport,Female,29,Bayermouth,South Australia,103,2021-06-16,2021-06-24,464,159,91.0,1,91.0,Shirt,Linen,XL,green,51,June,16,Wednesday,8,6
211,Rowena Doe,Non-binary,52,Codyfort,New South Wales,739,2021-09-14,2021-09-23,3694,645,93.0,2,186.0,Jacket,Coach,XS,green,78,September,14,Tuesday,9,9
211,Rowena Doe,Non-binary,52,Codyfort,New South Wales,739,2021-09-14,2021-09-23,3695,47,104.0,2,208.0,Shirt,Dress,M,yellow,61,September,14,Tuesday,9,9
211,Rowena Doe,Non-binary,52,Codyfort,New South Wales,739,2021-09-14,2021-09-23,3696,539,98.0,3,294.0,Jacket,Leather,XL,yellow,67,September,14,Tuesday,9,9
212,Evelyn Chevolleau,Polygender,79,Port Logan,Western Australia,414,2021-01-02,2021-01-03,2054,625,112.0,1,112.0,Jacket,Cardigan,XS,violet,40,January,2,Saturday,1,1
212,Evelyn Chevolleau,Polygender,79,Port Logan,Western Australia,414,2021-01-02,2021-01-03,2053,932,96.0,1,96.0,Trousers,Drawstring,M,blue,41,January,2,Saturday,1,1
212,Evelyn Chevolleau,Polygender,79,Port Logan,Western Australia,414,2021-01-02,2021-01-03,2052,233,106.0,3,318.0,Shirt,Chambray,L,blue,69,January,2,Saturday,1,1
214,Whitaker Pashen,Female,55,Justinport,Queensland,731,2021-06-21,2021-07-02,3648,176,98.0,3,294.0,Shirt,Camp Collared,S,red,67,June,21,Monday,11,6
214,Whitaker Pashen,Female,55,Justinport,Queensland,731,2021-06-21,2021-07-02,3649,431,107.0,2,214.0,Jacket,Denim,S,yellow,43,June,21,Monday,11,6
214,Whitaker Pashen,Female,55,Justinport,Queensland,731,2021-06-21,2021-07-02,3647,696,113.0,1,113.0,Jacket,Parka,S,violet,67,June,21,Monday,11,6
218,Worthington Knapton,Non-binary,78,Lake Lucas,Queensland,576,2021-04-26,2021-05-05,2874,968,97.0,2,194.0,Trousers,Slim-Fit,L,blue,49,April,26,Monday,9,4
218,Worthington Knapton,Non-binary,78,Lake Lucas,Queensland,576,2021-04-26,2021-05-05,2875,748,109.0,3,327.0,Jacket,Peacoat,L,yellow,63,April,26,Monday,9,4
218,Worthington Knapton,Non-binary,78,Lake Lucas,Queensland,576,2021-04-26,2021-05-05,2872,1073,93.0,1,93.0,Trousers,Joggers,L,blue,75,April,26,Monday,9,4
218,Worthington Knapton,Non-binary,78,Lake Lucas,Queensland,576,2021-04-26,2021-05-05,2876,395,119.0,1,119.0,Shirt,Casual Slim Fit,XS,yellow,63,April,26,Monday,9,4
218,Worthington Knapton,Non-binary,78,Lake Lucas,Queensland,576,2021-04-26,2021-05-05,2873,605,112.0,3,336.0,Jacket,Cardigan,XS,yellow,46,April,26,Monday,9,4
219,Jerald MacMeeking,Male,44,Connellyport,Tasmania,808,2021-10-13,2021-10-30,4058,378,94.0,3,282.0,Shirt,Henley,L,indigo,44,October,13,Wednesday,17,10
219,Jerald MacMeeking,Male,44,Connellyport,Tasmania,808,2021-10-13,2021-10-30,4057,1195,105.0,1,105.0,Trousers,Pleated,XS,orange,74,October,13,Wednesday,17,10
219,Jerald MacMeeking,Male,44,Connellyport,Tasmania,808,2021-10-13,2021-10-30,4056,309,105.0,2,210.0,Shirt,Cuban Collar,XL,indigo,53,October,13,Wednesday,17,10
219,Jerald MacMeeking,Male,44,Connellyport,Tasmania,808,2021-10-13,2021-10-30,4060,850,113.0,2,226.0,Trousers,Chinos,XS,yellow,41,October,13,Wednesday,17,10
219,Jerald MacMeeking,Male,44,Connellyport,Tasmania,808,2021-10-13,2021-10-30,4059,551,98.0,1,98.0,Jacket,Leather,S,indigo,40,October,13,Wednesday,17,10
221,Araldo Washtell,Polygender,43,East Gabriel,Australian Capital Territory,974,2021-01-22,2021-02-18,4869,540,98.0,1,98.0,Jacket,Leather,XS,green,57,January,22,Friday,27,1
221,Araldo Washtell,Polygender,43,East Gabriel,Australian Capital Territory,974,2021-01-22,2021-02-18,4872,719,119.0,2,238.0,Jacket,Trench Coat,XL,green,53,January,22,Friday,27,1
221,Araldo Washtell,Polygender,43,East Gabriel,Australian Capital Territory,974,2021-01-22,2021-02-18,4870,821,117.0,1,117.0,Jacket,Shearling,S,green,66,January,22,Friday,27,1
221,Araldo Washtell,Polygender,43,East Gabriel,Australian Capital Territory,974,2021-01-22,2021-02-18,4868,104,118.0,2,236.0,Shirt,Flannel,XL,violet,43,January,22,Friday,27,1
221,Araldo Washtell,Polygender,43,East Gabriel,Australian Capital Territory,974,2021-01-22,2021-02-18,4867,183,98.0,2,196.0,Shirt,Camp Collared,L,orange,63,January,22,Friday,27,1
221,Araldo Washtell,Polygender,43,East Gabriel,Australian Capital Territory,974,2021-01-22,2021-02-18,4866,1038,90.0,1,90.0,Trousers,Relaxed Leg,L,blue,61,January,22,Friday,27,1
221,Araldo Washtell,Polygender,43,East Gabriel,Australian Capital Territory,974,2021-01-22,2021-02-18,4865,293,105.0,2,210.0,Shirt,Cuban Collar,L,yellow,77,January,22,Friday,27,1
221,Araldo Washtell,Polygender,43,East Gabriel,Australian Capital Territory,974,2021-01-22,2021-02-18,4871,955,97.0,1,97.0,Trousers,Slim-Fit,XS,yellow,59,January,22,Friday,27,1
223,Saxe Stormonth,Non-binary,51,Lake Owen,South Australia,512,2021-10-13,2021-11-05,2547,589,100.0,2,200.0,Jacket,Bomber,XL,indigo,50,October,13,Wednesday,23,10
223,Saxe Stormonth,Non-binary,51,Lake Owen,South Australia,512,2021-10-13,2021-11-05,2546,818,117.0,3,351.0,Jacket,Shearling,L,yellow,58,October,13,Wednesday,23,10
224,Shelbi Impson,Genderfluid,78,Hansenberg,New South Wales,172,2021-01-05,2021-01-27,835,1245,112.0,3,336.0,Trousers,Tracksuit Bottoms,XS,blue,42,January,5,Tuesday,22,1
224,Shelbi Impson,Genderfluid,78,Hansenberg,New South Wales,172,2021-01-05,2021-01-27,832,1156,99.0,2,198.0,Trousers,High-Waisted,S,red,80,January,5,Tuesday,22,1
224,Shelbi Impson,Genderfluid,78,Hansenberg,New South Wales,172,2021-01-05,2021-01-27,831,413,119.0,1,119.0,Shirt,Casual Slim Fit,L,indigo,60,January,5,Tuesday,22,1
224,Shelbi Impson,Genderfluid,78,Hansenberg,New South Wales,172,2021-01-05,2021-01-27,834,706,119.0,3,357.0,Jacket,Trench Coat,S,orange,41,January,5,Tuesday,22,1
224,Shelbi Impson,Genderfluid,78,Hansenberg,New South Wales,172,2021-01-05,2021-01-27,833,683,113.0,3,339.0,Jacket,Parka,L,green,55,January,5,Tuesday,22,1
224,Shelbi Impson,Genderfluid,78,Hansenberg,New South Wales,172,2021-01-05,2021-01-27,830,574,100.0,3,300.0,Jacket,Bomber,XL,yellow,50,January,5,Tuesday,22,1
225,Monty Gowen,Genderfluid,75,Muellerfurt,Queensland,619,2021-02-25,2021-03-04,3077,922,96.0,1,96.0,Trousers,Drawstring,M,yellow,55,February,25,Thursday,7,2
225,Monty Gowen,Genderfluid,75,Muellerfurt,Queensland,619,2021-02-25,2021-03-04,3076,251,95.0,3,285.0,Shirt,Polo,S,orange,78,February,25,Thursday,7,2
225,Monty Gowen,Genderfluid,75,Muellerfurt,Queensland,715,2021-10-19,2021-11-12,3564,583,100.0,3,300.0,Jacket,Bomber,L,blue,64,October,19,Tuesday,24,10
225,Monty Gowen,Genderfluid,75,Muellerfurt,Queensland,619,2021-02-25,2021-03-04,3075,130,92.0,1,92.0,Shirt,Denim,XS,indigo,79,February,25,Thursday,7,2
225,Monty Gowen,Genderfluid,75,Muellerfurt,Queensland,715,2021-10-19,2021-11-12,3565,607,112.0,3,336.0,Jacket,Cardigan,M,yellow,64,October,19,Tuesday,24,10
225,Monty Gowen,Genderfluid,75,Muellerfurt,Queensland,715,2021-10-19,2021-11-12,3562,831,117.0,3,351.0,Jacket,Shearling,S,indigo,45,October,19,Tuesday,24,10
225,Monty Gowen,Genderfluid,75,Muellerfurt,Queensland,715,2021-10-19,2021-11-12,3561,598,112.0,1,112.0,Jacket,Cardigan,L,red,41,October,19,Tuesday,24,10
225,Monty Gowen,Genderfluid,75,Muellerfurt,Queensland,715,2021-10-19,2021-11-12,3563,1214,105.0,3,315.0,Trousers,Pleated,XL,blue,55,October,19,Tuesday,24,10
227,Isaak Ferrarone,Non-binary,26,South Holly,Tasmania,481,2021-08-20,2021-09-12,2376,339,109.0,3,327.0,Shirt,Mandarin Collar,XL,blue,71,August,20,Friday,23,8
227,Isaak Ferrarone,Non-binary,26,South Holly,Tasmania,481,2021-08-20,2021-09-12,2373,1197,105.0,3,315.0,Trousers,Pleated,M,orange,57,August,20,Friday,23,8
227,Isaak Ferrarone,Non-binary,26,South Holly,Tasmania,481,2021-08-20,2021-09-12,2374,395,119.0,2,238.0,Shirt,Casual Slim Fit,XS,yellow,63,August,20,Friday,23,8
227,Isaak Ferrarone,Non-binary,26,South Holly,Tasmania,481,2021-08-20,2021-09-12,2377,201,98.0,3,294.0,Shirt,Camp Collared,S,indigo,50,August,20,Friday,23,8
227,Isaak Ferrarone,Non-binary,26,South Holly,Tasmania,481,2021-08-20,2021-09-12,2371,1000,106.0,2,212.0,Trousers,Wool,XS,blue,58,August,20,Friday,23,8
227,Isaak Ferrarone,Non-binary,26,South Holly,Tasmania,481,2021-08-20,2021-09-12,2375,1038,90.0,3,270.0,Trousers,Relaxed Leg,L,blue,61,August,20,Friday,23,8
227,Isaak Ferrarone,Non-binary,26,South Holly,Tasmania,481,2021-08-20,2021-09-12,2372,329,109.0,1,109.0,Shirt,Mandarin Collar,XL,yellow,43,August,20,Friday,23,8
228,Zaria Garken,Female,40,Towneport,Northern Territory,711,2021-06-22,2021-07-08,3541,198,98.0,2,196.0,Shirt,Camp Collared,L,blue,56,June,22,Tuesday,16,6
228,Zaria Garken,Female,40,Towneport,Northern Territory,711,2021-06-22,2021-07-08,3537,876,94.0,3,282.0,Trousers,Cords,S,red,67,June,22,Tuesday,16,6
228,Zaria Garken,Female,40,Towneport,Northern Territory,711,2021-06-22,2021-07-08,3540,706,119.0,2,238.0,Jacket,Trench Coat,S,orange,41,June,22,Tuesday,16,6
228,Zaria Garken,Female,40,Towneport,Northern Territory,711,2021-06-22,2021-07-08,3539,296,105.0,1,105.0,Shirt,Cuban Collar,S,green,58,June,22,Tuesday,16,6
228,Zaria Garken,Female,40,Towneport,Northern Territory,236,2021-07-15,2021-08-08,1141,17,96.0,2,192.0,Shirt,Oxford Cloth,M,green,60,July,15,Thursday,24,7
228,Zaria Garken,Female,40,Towneport,Northern Territory,711,2021-06-22,2021-07-08,3536,644,93.0,1,93.0,Jacket,Coach,XL,yellow,68,June,22,Tuesday,16,6
228,Zaria Garken,Female,40,Towneport,Northern Territory,236,2021-07-15,2021-08-08,1145,1189,99.0,1,99.0,Trousers,High-Waisted,XL,violet,74,July,15,Thursday,24,7
228,Zaria Garken,Female,40,Towneport,Northern Territory,236,2021-07-15,2021-08-08,1146,160,91.0,2,182.0,Shirt,Linen,XS,blue,53,July,15,Thursday,24,7
228,Zaria Garken,Female,40,Towneport,Northern Territory,236,2021-07-15,2021-08-08,1143,844,113.0,1,113.0,Trousers,Chinos,XL,red,71,July,15,Thursday,24,7
228,Zaria Garken,Female,40,Towneport,Northern Territory,236,2021-07-15,2021-08-08,1144,640,93.0,1,93.0,Jacket,Coach,XS,yellow,52,July,15,Thursday,24,7
228,Zaria Garken,Female,40,Towneport,Northern Territory,711,2021-06-22,2021-07-08,3538,58,104.0,1,104.0,Shirt,Dress,L,blue,61,June,22,Tuesday,16,6
228,Zaria Garken,Female,40,Towneport,Northern Territory,236,2021-07-15,2021-08-08,1142,566,100.0,1,100.0,Jacket,Bomber,S,orange,49,July,15,Thursday,24,7
230,Bourke Pembery,Bigender,21,Wildermanside,Tasmania,696,2021-09-01,2021-09-27,3452,453,107.0,3,321.0,Jacket,Denim,L,violet,50,September,1,Wednesday,26,9
230,Bourke Pembery,Bigender,21,Wildermanside,Tasmania,696,2021-09-01,2021-09-27,3451,1167,99.0,2,198.0,Trousers,High-Waisted,M,yellow,45,September,1,Wednesday,26,9
230,Bourke Pembery,Bigender,21,Wildermanside,Tasmania,696,2021-09-01,2021-09-27,3450,83,118.0,3,354.0,Shirt,Flannel,L,yellow,80,September,1,Wednesday,26,9
232,Kaitlyn Pinare,Male,24,Lake Matilda,Northern Territory,973,2021-09-04,2021-09-24,4863,450,107.0,2,214.0,Jacket,Denim,XS,violet,65,September,4,Saturday,20,9
232,Kaitlyn Pinare,Male,24,Lake Matilda,Northern Territory,973,2021-09-04,2021-09-24,4864,255,95.0,3,285.0,Shirt,Polo,XS,yellow,79,September,4,Saturday,20,9
233,Beverlie Blance,Agender,33,Casperfurt,South Australia,625,2021-07-17,2021-07-28,3102,138,92.0,2,184.0,Shirt,Denim,L,violet,78,July,17,Saturday,11,7
233,Beverlie Blance,Agender,33,Casperfurt,South Australia,625,2021-07-17,2021-07-28,3103,311,105.0,2,210.0,Shirt,Cuban Collar,S,violet,43,July,17,Saturday,11,7
233,Beverlie Blance,Agender,33,Casperfurt,South Australia,625,2021-07-17,2021-07-28,3101,415,119.0,2,238.0,Shirt,Casual Slim Fit,XS,violet,55,July,17,Saturday,11,7
234,Duncan Walliker,Genderfluid,37,West Zoe,Victoria,217,2021-07-18,2021-07-31,1057,1149,102.0,3,306.0,Trousers,Cargo Pants,XL,indigo,64,July,18,Sunday,13,7
234,Duncan Walliker,Genderfluid,37,West Zoe,Victoria,217,2021-07-18,2021-07-31,1058,865,113.0,1,113.0,Trousers,Chinos,XS,indigo,61,July,18,Sunday,13,7
234,Duncan Walliker,Genderfluid,37,West Zoe,Victoria,305,2021-07-09,2021-07-26,1494,504,102.0,1,102.0,Jacket,Windbreaker,XL,yellow,58,July,9,Friday,17,7
234,Duncan Walliker,Genderfluid,37,West Zoe,Victoria,305,2021-07-09,2021-07-26,1496,308,105.0,2,210.0,Shirt,Cuban Collar,L,indigo,65,July,9,Friday,17,7
234,Duncan Walliker,Genderfluid,37,West Zoe,Victoria,217,2021-07-18,2021-07-31,1062,1058,93.0,1,93.0,Trousers,Joggers,L,orange,49,July,18,Sunday,13,7
234,Duncan Walliker,Genderfluid,37,West Zoe,Victoria,217,2021-07-18,2021-07-31,1063,1029,90.0,3,270.0,Trousers,Relaxed Leg,XL,yellow,54,July,18,Sunday,13,7
234,Duncan Walliker,Genderfluid,37,West Zoe,Victoria,217,2021-07-18,2021-07-31,1059,871,113.0,3,339.0,Trousers,Chinos,S,violet,64,July,18,Sunday,13,7
234,Duncan Walliker,Genderfluid,37,West Zoe,Victoria,217,2021-07-18,2021-07-31,1061,277,95.0,3,285.0,Shirt,Polo,M,violet,77,July,18,Sunday,13,7
234,Duncan Walliker,Genderfluid,37,West Zoe,Victoria,217,2021-07-18,2021-07-31,1060,245,95.0,2,190.0,Shirt,Polo,XS,red,40,July,18,Sunday,13,7
234,Duncan Walliker,Genderfluid,37,West Zoe,Victoria,305,2021-07-09,2021-07-26,1493,706,119.0,3,357.0,Jacket,Trench Coat,S,orange,41,July,9,Friday,17,7
234,Duncan Walliker,Genderfluid,37,West Zoe,Victoria,305,2021-07-09,2021-07-26,1495,188,98.0,2,196.0,Shirt,Camp Collared,L,yellow,71,July,9,Friday,17,7
236,Anders Couvert,Non-binary,80,East Sienna,New South Wales,79,2021-03-16,2021-03-25,352,947,97.0,1,97.0,Trousers,Slim-Fit,M,red,67,March,16,Tuesday,9,3
236,Anders Couvert,Non-binary,80,East Sienna,New South Wales,79,2021-03-16,2021-03-25,351,1244,112.0,3,336.0,Trousers,Tracksuit Bottoms,XL,green,49,March,16,Tuesday,9,3
236,Anders Couvert,Non-binary,80,East Sienna,New South Wales,356,2021-04-01,2021-04-15,1758,1209,105.0,2,210.0,Trousers,Pleated,XL,green,55,April,1,Thursday,14,4
236,Anders Couvert,Non-binary,80,East Sienna,New South Wales,356,2021-04-01,2021-04-15,1760,716,119.0,3,357.0,Jacket,Trench Coat,S,green,53,April,1,Thursday,14,4
236,Anders Couvert,Non-binary,80,East Sienna,New South Wales,356,2021-04-01,2021-04-15,1759,1169,99.0,2,198.0,Trousers,High-Waisted,XL,yellow,78,April,1,Thursday,14,4
236,Anders Couvert,Non-binary,80,East Sienna,New South Wales,178,2021-02-02,2021-02-08,861,307,105.0,1,105.0,Shirt,Cuban Collar,M,indigo,58,February,2,Tuesday,6,2
236,Anders Couvert,Non-binary,80,East Sienna,New South Wales,178,2021-02-02,2021-02-08,860,593,100.0,1,100.0,Jacket,Bomber,L,violet,68,February,2,Tuesday,6,2
236,Anders Couvert,Non-binary,80,East Sienna,New South Wales,356,2021-04-01,2021-04-15,1762,727,119.0,1,119.0,Jacket,Trench Coat,M,indigo,42,April,1,Thursday,14,4
236,Anders Couvert,Non-binary,80,East Sienna,New South Wales,356,2021-04-01,2021-04-15,1761,149,91.0,1,91.0,Shirt,Linen,XL,orange,59,April,1,Thursday,14,4
236,Anders Couvert,Non-binary,80,East Sienna,New South Wales,79,2021-03-16,2021-03-25,350,499,102.0,1,102.0,Jacket,Windbreaker,XL,orange,67,March,16,Tuesday,9,3
236,Anders Couvert,Non-binary,80,East Sienna,New South Wales,356,2021-04-01,2021-04-15,1757,554,98.0,3,294.0,Jacket,Leather,XL,indigo,52,April,1,Thursday,14,4
236,Anders Couvert,Non-binary,80,East Sienna,New South Wales,356,2021-04-01,2021-04-15,1756,397,119.0,3,357.0,Shirt,Casual Slim Fit,M,yellow,76,April,1,Thursday,14,4
236,Anders Couvert,Non-binary,80,East Sienna,New South Wales,79,2021-03-16,2021-03-25,349,481,118.0,2,236.0,Jacket,Puffer,S,indigo,62,March,16,Tuesday,9,3
236,Anders Couvert,Non-binary,80,East Sienna,New South Wales,178,2021-02-02,2021-02-08,862,1023,90.0,1,90.0,Trousers,Relaxed Leg,L,orange,78,February,2,Tuesday,6,2
237,Cassaundra Sliman,Agender,71,Lake Mollyburgh,New South Wales,142,2021-06-15,2021-07-12,668,8,96.0,3,288.0,Shirt,Oxford Cloth,L,orange,48,June,15,Tuesday,27,6
237,Cassaundra Sliman,Agender,71,Lake Mollyburgh,New South Wales,142,2021-06-15,2021-07-12,674,712,119.0,1,119.0,Jacket,Trench Coat,M,yellow,54,June,15,Tuesday,27,6
237,Cassaundra Sliman,Agender,71,Lake Mollyburgh,New South Wales,142,2021-06-15,2021-07-12,675,932,96.0,3,288.0,Trousers,Drawstring,M,blue,41,June,15,Tuesday,27,6
237,Cassaundra Sliman,Agender,71,Lake Mollyburgh,New South Wales,142,2021-06-15,2021-07-12,669,843,113.0,2,226.0,Trousers,Chinos,L,red,44,June,15,Tuesday,27,6
237,Cassaundra Sliman,Agender,71,Lake Mollyburgh,New South Wales,142,2021-06-15,2021-07-12,676,630,93.0,3,279.0,Jacket,Coach,XS,red,71,June,15,Tuesday,27,6
237,Cassaundra Sliman,Agender,71,Lake Mollyburgh,New South Wales,142,2021-06-15,2021-07-12,671,575,100.0,3,300.0,Jacket,Bomber,XS,green,48,June,15,Tuesday,27,6
237,Cassaundra Sliman,Agender,71,Lake Mollyburgh,New South Wales,142,2021-06-15,2021-07-12,670,131,92.0,3,276.0,Shirt,Denim,S,indigo,69,June,15,Tuesday,27,6
237,Cassaundra Sliman,Agender,71,Lake Mollyburgh,New South Wales,142,2021-06-15,2021-07-12,673,1237,112.0,3,336.0,Trousers,Tracksuit Bottoms,M,yellow,80,June,15,Tuesday,27,6
237,Cassaundra Sliman,Agender,71,Lake Mollyburgh,New South Wales,142,2021-06-15,2021-07-12,672,717,119.0,3,357.0,Jacket,Trench Coat,M,green,67,June,15,Tuesday,27,6
238,Hilda Peter,Non-binary,30,New Sophie,Tasmania,468,2021-04-15,2021-04-17,2308,365,94.0,1,94.0,Shirt,Henley,XS,green,61,April,15,Thursday,2,4
238,Hilda Peter,Non-binary,30,New Sophie,Tasmania,468,2021-04-15,2021-04-17,2311,171,91.0,1,91.0,Shirt,Linen,S,violet,44,April,15,Thursday,2,4
238,Hilda Peter,Non-binary,30,New Sophie,Tasmania,468,2021-04-15,2021-04-17,2312,940,96.0,1,96.0,Trousers,Drawstring,XS,violet,62,April,15,Thursday,2,4
238,Hilda Peter,Non-binary,30,New Sophie,Tasmania,468,2021-04-15,2021-04-17,2307,287,105.0,1,105.0,Shirt,Cuban Collar,M,orange,49,April,15,Thursday,2,4
238,Hilda Peter,Non-binary,30,New Sophie,Tasmania,468,2021-04-15,2021-04-17,2310,331,109.0,3,327.0,Shirt,Mandarin Collar,S,green,74,April,15,Thursday,2,4
238,Hilda Peter,Non-binary,30,New Sophie,Tasmania,468,2021-04-15,2021-04-17,2309,242,106.0,2,212.0,Shirt,Chambray,M,violet,72,April,15,Thursday,2,4
239,Daria Embleton,Genderfluid,63,North Sophie,Australian Capital Territory,315,2021-04-05,2021-04-25,1544,145,91.0,3,273.0,Shirt,Linen,XS,orange,70,April,5,Monday,20,4
239,Daria Embleton,Genderfluid,63,North Sophie,Australian Capital Territory,315,2021-04-05,2021-04-25,1543,1089,115.0,1,115.0,Trousers,Cropped,XL,red,78,April,5,Monday,20,4
239,Daria Embleton,Genderfluid,63,North Sophie,Australian Capital Territory,315,2021-04-05,2021-04-25,1542,677,113.0,1,113.0,Jacket,Parka,M,yellow,46,April,5,Monday,20,4
240,Brian Finnes,Genderqueer,25,New Codyville,Victoria,792,2021-07-16,2021-08-12,3980,131,92.0,2,184.0,Shirt,Denim,S,indigo,69,July,16,Friday,27,7
240,Brian Finnes,Genderqueer,25,New Codyville,Victoria,792,2021-07-16,2021-08-12,3974,971,97.0,2,194.0,Trousers,Slim-Fit,S,indigo,41,July,16,Friday,27,7
240,Brian Finnes,Genderqueer,25,New Codyville,Victoria,792,2021-07-16,2021-08-12,3976,205,98.0,2,196.0,Shirt,Camp Collared,XS,violet,72,July,16,Friday,27,7
240,Brian Finnes,Genderqueer,25,New Codyville,Victoria,792,2021-07-16,2021-08-12,3972,283,105.0,2,210.0,Shirt,Cuban Collar,L,red,45,July,16,Friday,27,7
240,Brian Finnes,Genderqueer,25,New Codyville,Victoria,792,2021-07-16,2021-08-12,3973,725,119.0,1,119.0,Jacket,Trench Coat,XS,indigo,56,July,16,Friday,27,7
240,Brian Finnes,Genderqueer,25,New Codyville,Victoria,792,2021-07-16,2021-08-12,3978,1008,106.0,2,212.0,Trousers,Wool,L,indigo,41,July,16,Friday,27,7
240,Brian Finnes,Genderqueer,25,New Codyville,Victoria,792,2021-07-16,2021-08-12,3975,621,112.0,3,336.0,Jacket,Cardigan,S,indigo,61,July,16,Friday,27,7
240,Brian Finnes,Genderqueer,25,New Codyville,Victoria,792,2021-07-16,2021-08-12,3977,158,91.0,1,91.0,Shirt,Linen,L,green,72,July,16,Friday,27,7
240,Brian Finnes,Genderqueer,25,New Codyville,Victoria,792,2021-07-16,2021-08-12,3979,477,118.0,3,354.0,Jacket,Puffer,M,blue,60,July,16,Friday,27,7
240,Brian Finnes,Genderqueer,25,New Codyville,Victoria,184,2021-09-15,2021-09-29,893,31,96.0,2,192.0,Shirt,Oxford Cloth,S,violet,41,September,15,Wednesday,14,9
240,Brian Finnes,Genderqueer,25,New Codyville,Victoria,184,2021-09-15,2021-09-29,895,318,109.0,2,218.0,Shirt,Mandarin Collar,L,red,54,September,15,Wednesday,14,9
240,Brian Finnes,Genderqueer,25,New Codyville,Victoria,184,2021-09-15,2021-09-29,894,1100,115.0,2,230.0,Trousers,Cropped,XS,green,48,September,15,Wednesday,14,9
241,Valentine Marley,Bigender,61,New Ava,Queensland,181,2021-01-29,2021-02-13,875,463,118.0,1,118.0,Jacket,Puffer,L,orange,66,January,29,Friday,15,1
241,Valentine Marley,Bigender,61,New Ava,Queensland,713,2021-07-14,2021-08-09,3553,873,113.0,2,226.0,Trousers,Chinos,L,violet,62,July,14,Wednesday,26,7
241,Valentine Marley,Bigender,61,New Ava,Queensland,713,2021-07-14,2021-08-09,3550,524,102.0,1,102.0,Jacket,Windbreaker,XL,violet,54,July,14,Wednesday,26,7
241,Valentine Marley,Bigender,61,New Ava,Queensland,181,2021-01-29,2021-02-13,876,506,102.0,3,306.0,Jacket,Windbreaker,S,green,65,January,29,Friday,15,1
241,Valentine Marley,Bigender,61,New Ava,Queensland,713,2021-07-14,2021-08-09,3551,162,91.0,1,91.0,Shirt,Linen,M,blue,58,July,14,Wednesday,26,7
241,Valentine Marley,Bigender,61,New Ava,Queensland,713,2021-07-14,2021-08-09,3549,173,91.0,2,182.0,Shirt,Linen,L,violet,70,July,14,Wednesday,26,7
241,Valentine Marley,Bigender,61,New Ava,Queensland,713,2021-07-14,2021-08-09,3552,1250,112.0,2,224.0,Trousers,Tracksuit Bottoms,XS,indigo,63,July,14,Wednesday,26,7
241,Valentine Marley,Bigender,61,New Ava,Queensland,713,2021-07-14,2021-08-09,3554,326,109.0,2,218.0,Shirt,Mandarin Collar,S,yellow,76,July,14,Wednesday,26,7
244,Faunie Cooney,Male,38,Port Chelseaport,Victoria,949,2021-02-02,2021-02-17,4729,850,113.0,1,113.0,Trousers,Chinos,XS,yellow,41,February,2,Tuesday,15,2
244,Faunie Cooney,Male,38,Port Chelseaport,Victoria,949,2021-02-02,2021-02-17,4732,316,109.0,3,327.0,Shirt,Mandarin Collar,S,red,48,February,2,Tuesday,15,2
244,Faunie Cooney,Male,38,Port Chelseaport,Victoria,519,2021-08-23,2021-09-12,2585,924,96.0,1,96.0,Trousers,Drawstring,XL,yellow,48,August,23,Monday,20,8
244,Faunie Cooney,Male,38,Port Chelseaport,Victoria,519,2021-08-23,2021-09-12,2586,652,93.0,2,186.0,Jacket,Coach,M,blue,54,August,23,Monday,20,8
244,Faunie Cooney,Male,38,Port Chelseaport,Victoria,519,2021-08-23,2021-09-12,2583,391,119.0,2,238.0,Shirt,Casual Slim Fit,S,orange,54,August,23,Monday,20,8
244,Faunie Cooney,Male,38,Port Chelseaport,Victoria,949,2021-02-02,2021-02-17,4728,621,112.0,3,336.0,Jacket,Cardigan,S,indigo,61,February,2,Tuesday,15,2
244,Faunie Cooney,Male,38,Port Chelseaport,Victoria,949,2021-02-02,2021-02-17,4731,870,113.0,1,113.0,Trousers,Chinos,XS,violet,72,February,2,Tuesday,15,2
244,Faunie Cooney,Male,38,Port Chelseaport,Victoria,949,2021-02-02,2021-02-17,4730,827,117.0,1,117.0,Jacket,Shearling,M,blue,73,February,2,Tuesday,15,2
244,Faunie Cooney,Male,38,Port Chelseaport,Victoria,949,2021-02-02,2021-02-17,4733,914,96.0,2,192.0,Trousers,Drawstring,XL,red,77,February,2,Tuesday,15,2
244,Faunie Cooney,Male,38,Port Chelseaport,Victoria,519,2021-08-23,2021-09-12,2580,156,91.0,2,182.0,Shirt,Linen,S,green,58,August,23,Monday,20,8
244,Faunie Cooney,Male,38,Port Chelseaport,Victoria,519,2021-08-23,2021-09-12,2581,823,117.0,1,117.0,Jacket,Shearling,L,green,66,August,23,Monday,20,8
244,Faunie Cooney,Male,38,Port Chelseaport,Victoria,519,2021-08-23,2021-09-12,2582,550,98.0,1,98.0,Jacket,Leather,XS,indigo,78,August,23,Monday,20,8
244,Faunie Cooney,Male,38,Port Chelseaport,Victoria,461,2021-02-14,2021-02-19,2271,688,113.0,2,226.0,Jacket,Parka,L,blue,61,February,14,Sunday,5,2
244,Faunie Cooney,Male,38,Port Chelseaport,Victoria,461,2021-02-14,2021-02-19,2272,1096,115.0,2,230.0,Trousers,Cropped,S,yellow,65,February,14,Sunday,5,2
244,Faunie Cooney,Male,38,Port Chelseaport,Victoria,461,2021-02-14,2021-02-19,2273,944,96.0,2,192.0,Trousers,Drawstring,XL,violet,80,February,14,Sunday,5,2
244,Faunie Cooney,Male,38,Port Chelseaport,Victoria,519,2021-08-23,2021-09-12,2578,230,106.0,3,318.0,Shirt,Chambray,XS,blue,76,August,23,Monday,20,8
244,Faunie Cooney,Male,38,Port Chelseaport,Victoria,519,2021-08-23,2021-09-12,2579,1029,90.0,2,180.0,Trousers,Relaxed Leg,XL,yellow,54,August,23,Monday,20,8
244,Faunie Cooney,Male,38,Port Chelseaport,Victoria,519,2021-08-23,2021-09-12,2584,161,91.0,2,182.0,Shirt,Linen,S,blue,77,August,23,Monday,20,8
244,Faunie Cooney,Male,38,Port Chelseaport,Victoria,461,2021-02-14,2021-02-19,2268,13,96.0,1,96.0,Shirt,Oxford Cloth,L,yellow,75,February,14,Sunday,5,2
244,Faunie Cooney,Male,38,Port Chelseaport,Victoria,461,2021-02-14,2021-02-19,2270,835,117.0,3,351.0,Jacket,Shearling,XS,violet,75,February,14,Sunday,5,2
244,Faunie Cooney,Male,38,Port Chelseaport,Victoria,461,2021-02-14,2021-02-19,2269,1072,93.0,1,93.0,Trousers,Joggers,M,blue,78,February,14,Sunday,5,2
246,Lucias Forsythe,Bigender,40,West Kiara,Tasmania,328,2021-04-14,2021-05-08,1609,1145,102.0,1,102.0,Trousers,Cargo Pants,XS,indigo,51,April,14,Wednesday,24,4
246,Lucias Forsythe,Bigender,40,West Kiara,Tasmania,328,2021-04-14,2021-05-08,1608,1069,93.0,3,279.0,Trousers,Joggers,XL,green,56,April,14,Wednesday,24,4
246,Lucias Forsythe,Bigender,40,West Kiara,Tasmania,328,2021-04-14,2021-05-08,1607,8,96.0,1,96.0,Shirt,Oxford Cloth,L,orange,48,April,14,Wednesday,24,4
247,Atlante McGrotty,Female,57,Mayerland,Victoria,987,2021-07-13,2021-08-09,4936,452,107.0,2,214.0,Jacket,Denim,M,violet,43,July,13,Tuesday,27,7
247,Atlante McGrotty,Female,57,Mayerland,Victoria,987,2021-07-13,2021-08-09,4935,307,105.0,1,105.0,Shirt,Cuban Collar,M,indigo,58,July,13,Tuesday,27,7
247,Atlante McGrotty,Female,57,Mayerland,Victoria,669,2021-06-18,2021-07-02,3322,960,97.0,1,97.0,Trousers,Slim-Fit,XS,green,74,June,18,Friday,14,6
247,Atlante McGrotty,Female,57,Mayerland,Victoria,669,2021-06-18,2021-07-02,3323,555,98.0,1,98.0,Jacket,Leather,XS,violet,70,June,18,Friday,14,6
247,Atlante McGrotty,Female,57,Mayerland,Victoria,987,2021-07-13,2021-08-09,4937,1158,99.0,2,198.0,Trousers,High-Waisted,L,red,52,July,13,Tuesday,27,7
247,Atlante McGrotty,Female,57,Mayerland,Victoria,669,2021-06-18,2021-07-02,3321,672,113.0,2,226.0,Jacket,Parka,M,orange,51,June,18,Friday,14,6
247,Atlante McGrotty,Female,57,Mayerland,Victoria,987,2021-07-13,2021-08-09,4938,180,98.0,3,294.0,Shirt,Camp Collared,XS,orange,52,July,13,Tuesday,27,7
247,Atlante McGrotty,Female,57,Mayerland,Victoria,987,2021-07-13,2021-08-09,4934,27,96.0,1,96.0,Shirt,Oxford Cloth,M,indigo,62,July,13,Tuesday,27,7
247,Atlante McGrotty,Female,57,Mayerland,Victoria,987,2021-07-13,2021-08-09,4933,1101,115.0,2,230.0,Trousers,Cropped,S,green,71,July,13,Tuesday,27,7
250,Lavina Dartnell,Polygender,23,Boyleberg,Queensland,460,2021-06-07,2021-06-17,2265,447,107.0,2,214.0,Jacket,Denim,M,indigo,52,June,7,Monday,10,6
250,Lavina Dartnell,Polygender,23,Boyleberg,Queensland,261,2021-02-06,2021-03-01,1264,425,107.0,1,107.0,Jacket,Denim,XS,orange,60,February,6,Saturday,23,2
250,Lavina Dartnell,Polygender,23,Boyleberg,Queensland,261,2021-02-06,2021-03-01,1262,920,96.0,3,288.0,Trousers,Drawstring,XS,yellow,41,February,6,Saturday,23,2
250,Lavina Dartnell,Polygender,23,Boyleberg,Queensland,261,2021-02-06,2021-03-01,1263,886,94.0,3,282.0,Trousers,Cords,S,yellow,68,February,6,Saturday,23,2
250,Lavina Dartnell,Polygender,23,Boyleberg,Queensland,261,2021-02-06,2021-03-01,1261,961,97.0,2,194.0,Trousers,Slim-Fit,S,green,70,February,6,Saturday,23,2
250,Lavina Dartnell,Polygender,23,Boyleberg,Queensland,460,2021-06-07,2021-06-17,2266,967,97.0,1,97.0,Trousers,Slim-Fit,M,blue,75,June,7,Monday,10,6
250,Lavina Dartnell,Polygender,23,Boyleberg,Queensland,460,2021-06-07,2021-06-17,2267,422,107.0,2,214.0,Jacket,Denim,M,red,43,June,7,Monday,10,6
251,Jeanne Pringer,Female,78,Wilsonside,Australian Capital Territory,85,2021-03-10,2021-03-22,374,379,94.0,1,94.0,Shirt,Henley,XL,indigo,52,March,10,Wednesday,12,3
251,Jeanne Pringer,Female,78,Wilsonside,Australian Capital Territory,85,2021-03-10,2021-03-22,373,442,107.0,1,107.0,Jacket,Denim,M,blue,61,March,10,Wednesday,12,3
251,Jeanne Pringer,Female,78,Wilsonside,Australian Capital Territory,85,2021-03-10,2021-03-22,375,613,112.0,3,336.0,Jacket,Cardigan,L,green,63,March,10,Wednesday,12,3
254,Scot Billany,Male,44,Beiermouth,Queensland,850,2021-04-08,2021-04-27,4268,368,94.0,2,188.0,Shirt,Henley,L,green,41,April,8,Thursday,19,4
254,Scot Billany,Male,44,Beiermouth,Queensland,850,2021-04-08,2021-04-27,4269,616,112.0,3,336.0,Jacket,Cardigan,S,blue,53,April,8,Thursday,19,4
254,Scot Billany,Male,44,Beiermouth,Queensland,751,2021-06-20,2021-07-06,3765,241,106.0,1,106.0,Shirt,Chambray,S,violet,52,June,20,Sunday,16,6
254,Scot Billany,Male,44,Beiermouth,Queensland,751,2021-06-20,2021-07-06,3763,728,119.0,2,238.0,Jacket,Trench Coat,L,indigo,71,June,20,Sunday,16,6
254,Scot Billany,Male,44,Beiermouth,Queensland,850,2021-04-08,2021-04-27,4271,700,119.0,2,238.0,Jacket,Trench Coat,XS,red,78,April,8,Thursday,19,4
254,Scot Billany,Male,44,Beiermouth,Queensland,751,2021-06-20,2021-07-06,3767,612,112.0,3,336.0,Jacket,Cardigan,M,green,46,June,20,Sunday,16,6
254,Scot Billany,Male,44,Beiermouth,Queensland,850,2021-04-08,2021-04-27,4272,533,98.0,2,196.0,Jacket,Leather,L,orange,78,April,8,Thursday,19,4
254,Scot Billany,Male,44,Beiermouth,Queensland,751,2021-06-20,2021-07-06,3762,789,91.0,1,91.0,Jacket,Pullover,XL,green,65,June,20,Sunday,16,6
254,Scot Billany,Male,44,Beiermouth,Queensland,751,2021-06-20,2021-07-06,3766,1147,102.0,3,306.0,Trousers,Cargo Pants,M,indigo,51,June,20,Sunday,16,6
254,Scot Billany,Male,44,Beiermouth,Queensland,850,2021-04-08,2021-04-27,4270,652,93.0,2,186.0,Jacket,Coach,M,blue,54,April,8,Thursday,19,4
254,Scot Billany,Male,44,Beiermouth,Queensland,751,2021-06-20,2021-07-06,3764,1035,90.0,3,270.0,Trousers,Relaxed Leg,XS,blue,54,June,20,Sunday,16,6
256,Dulcia Gawthorpe,Bigender,46,North Lillian,Australian Capital Territory,297,2021-06-15,2021-06-27,1460,971,97.0,2,194.0,Trousers,Slim-Fit,S,indigo,41,June,15,Tuesday,12,6
256,Dulcia Gawthorpe,Bigender,46,North Lillian,Australian Capital Territory,297,2021-06-15,2021-06-27,1459,757,109.0,1,109.0,Jacket,Peacoat,M,blue,71,June,15,Tuesday,12,6
256,Dulcia Gawthorpe,Bigender,46,North Lillian,Australian Capital Territory,232,2021-05-02,2021-05-16,1124,794,91.0,3,273.0,Jacket,Pullover,XL,blue,74,May,2,Sunday,14,5
256,Dulcia Gawthorpe,Bigender,46,North Lillian,Australian Capital Territory,232,2021-05-02,2021-05-16,1125,246,95.0,2,190.0,Shirt,Polo,S,red,60,May,2,Sunday,14,5
256,Dulcia Gawthorpe,Bigender,46,North Lillian,Australian Capital Territory,232,2021-05-02,2021-05-16,1126,447,107.0,2,214.0,Jacket,Denim,M,indigo,52,May,2,Sunday,14,5
256,Dulcia Gawthorpe,Bigender,46,North Lillian,Australian Capital Territory,297,2021-06-15,2021-06-27,1455,752,109.0,1,109.0,Jacket,Peacoat,M,green,49,June,15,Tuesday,12,6
256,Dulcia Gawthorpe,Bigender,46,North Lillian,Australian Capital Territory,297,2021-06-15,2021-06-27,1456,892,94.0,3,282.0,Trousers,Cords,M,green,76,June,15,Tuesday,12,6
256,Dulcia Gawthorpe,Bigender,46,North Lillian,Australian Capital Territory,297,2021-06-15,2021-06-27,1457,672,113.0,2,226.0,Jacket,Parka,M,orange,51,June,15,Tuesday,12,6
256,Dulcia Gawthorpe,Bigender,46,North Lillian,Australian Capital Territory,297,2021-06-15,2021-06-27,1458,854,113.0,2,226.0,Trousers,Chinos,XL,yellow,59,June,15,Tuesday,12,6
256,Dulcia Gawthorpe,Bigender,46,North Lillian,Australian Capital Territory,232,2021-05-02,2021-05-16,1128,1182,99.0,3,297.0,Trousers,High-Waisted,M,indigo,61,May,2,Sunday,14,5
256,Dulcia Gawthorpe,Bigender,46,North Lillian,Australian Capital Territory,232,2021-05-02,2021-05-16,1127,43,104.0,3,312.0,Shirt,Dress,L,orange,73,May,2,Sunday,14,5
256,Dulcia Gawthorpe,Bigender,46,North Lillian,Australian Capital Territory,297,2021-06-15,2021-06-27,1453,416,119.0,2,238.0,Shirt,Casual Slim Fit,S,violet,50,June,15,Tuesday,12,6
256,Dulcia Gawthorpe,Bigender,46,North Lillian,Australian Capital Territory,297,2021-06-15,2021-06-27,1454,845,113.0,1,113.0,Trousers,Chinos,XS,orange,53,June,15,Tuesday,12,6
256,Dulcia Gawthorpe,Bigender,46,North Lillian,Australian Capital Territory,297,2021-06-15,2021-06-27,1451,1235,112.0,3,336.0,Trousers,Tracksuit Bottoms,XS,yellow,76,June,15,Tuesday,12,6
256,Dulcia Gawthorpe,Bigender,46,North Lillian,Australian Capital Territory,297,2021-06-15,2021-06-27,1452,247,95.0,1,95.0,Shirt,Polo,M,red,70,June,15,Tuesday,12,6
257,Trista Aspray,Genderfluid,61,Johnstonshire,Australian Capital Territory,98,2021-04-29,2021-05-08,441,982,106.0,3,318.0,Trousers,Wool,M,red,58,April,29,Thursday,9,4
257,Trista Aspray,Genderfluid,61,Johnstonshire,Australian Capital Territory,98,2021-04-29,2021-05-08,440,1103,115.0,1,115.0,Trousers,Cropped,L,green,55,April,29,Thursday,9,4
257,Trista Aspray,Genderfluid,61,Johnstonshire,Australian Capital Territory,98,2021-04-29,2021-05-08,437,1022,90.0,2,180.0,Trousers,Relaxed Leg,M,orange,74,April,29,Thursday,9,4
257,Trista Aspray,Genderfluid,61,Johnstonshire,Australian Capital Territory,98,2021-04-29,2021-05-08,439,943,96.0,1,96.0,Trousers,Drawstring,L,violet,62,April,29,Thursday,9,4
257,Trista Aspray,Genderfluid,61,Johnstonshire,Australian Capital Territory,98,2021-04-29,2021-05-08,442,645,93.0,1,93.0,Jacket,Coach,XS,green,78,April,29,Thursday,9,4
257,Trista Aspray,Genderfluid,61,Johnstonshire,Australian Capital Territory,98,2021-04-29,2021-05-08,438,431,107.0,2,214.0,Jacket,Denim,S,yellow,43,April,29,Thursday,9,4
258,Mira Heinonen,Female,62,South Declan,Queensland,381,2021-04-11,2021-05-03,1903,703,119.0,3,357.0,Jacket,Trench Coat,L,red,70,April,11,Sunday,22,4
258,Mira Heinonen,Female,62,South Declan,Queensland,381,2021-04-11,2021-05-03,1904,1079,93.0,2,186.0,Trousers,Joggers,XL,indigo,66,April,11,Sunday,22,4
258,Mira Heinonen,Female,62,South Declan,Queensland,381,2021-04-11,2021-05-03,1900,440,107.0,3,321.0,Jacket,Denim,XS,blue,49,April,11,Sunday,22,4
258,Mira Heinonen,Female,62,South Declan,Queensland,381,2021-04-11,2021-05-03,1899,842,113.0,3,339.0,Trousers,Chinos,M,red,54,April,11,Sunday,22,4
258,Mira Heinonen,Female,62,South Declan,Queensland,381,2021-04-11,2021-05-03,1905,1114,115.0,3,345.0,Trousers,Cropped,XL,indigo,58,April,11,Sunday,22,4
258,Mira Heinonen,Female,62,South Declan,Queensland,381,2021-04-11,2021-05-03,1901,472,118.0,3,354.0,Jacket,Puffer,M,green,72,April,11,Sunday,22,4
258,Mira Heinonen,Female,62,South Declan,Queensland,793,2021-01-27,2021-02-03,3981,372,94.0,1,94.0,Shirt,Henley,M,blue,42,January,27,Wednesday,7,1
258,Mira Heinonen,Female,62,South Declan,Queensland,381,2021-04-11,2021-05-03,1902,1218,105.0,3,315.0,Trousers,Pleated,L,indigo,73,April,11,Sunday,22,4
258,Mira Heinonen,Female,62,South Declan,Queensland,793,2021-01-27,2021-02-03,3983,783,91.0,3,273.0,Jacket,Pullover,L,yellow,43,January,27,Wednesday,7,1
258,Mira Heinonen,Female,62,South Declan,Queensland,793,2021-01-27,2021-02-03,3982,970,97.0,3,291.0,Trousers,Slim-Fit,XS,indigo,74,January,27,Wednesday,7,1
258,Mira Heinonen,Female,62,South Declan,Queensland,793,2021-01-27,2021-02-03,3985,222,106.0,1,106.0,Shirt,Chambray,M,yellow,62,January,27,Wednesday,7,1
258,Mira Heinonen,Female,62,South Declan,Queensland,793,2021-01-27,2021-02-03,3984,987,106.0,2,212.0,Trousers,Wool,M,orange,75,January,27,Wednesday,7,1
258,Mira Heinonen,Female,62,South Declan,Queensland,793,2021-01-27,2021-02-03,3986,849,113.0,2,226.0,Trousers,Chinos,XL,orange,48,January,27,Wednesday,7,1
258,Mira Heinonen,Female,62,South Declan,Queensland,793,2021-01-27,2021-02-03,3987,72,118.0,3,354.0,Shirt,Flannel,M,red,68,January,27,Wednesday,7,1
260,Whitney Scarman,Female,27,Trompview,Tasmania,30,2021-07-07,2021-07-26,142,411,119.0,2,238.0,Shirt,Casual Slim Fit,S,indigo,65,July,7,Wednesday,19,7
260,Whitney Scarman,Female,27,Trompview,Tasmania,30,2021-07-07,2021-07-26,139,407,119.0,2,238.0,Shirt,Casual Slim Fit,M,blue,61,July,7,Wednesday,19,7
260,Whitney Scarman,Female,27,Trompview,Tasmania,30,2021-07-07,2021-07-26,144,462,118.0,3,354.0,Jacket,Puffer,M,orange,61,July,7,Wednesday,19,7
260,Whitney Scarman,Female,27,Trompview,Tasmania,30,2021-07-07,2021-07-26,143,1167,99.0,1,99.0,Trousers,High-Waisted,M,yellow,45,July,7,Wednesday,19,7
260,Whitney Scarman,Female,27,Trompview,Tasmania,30,2021-07-07,2021-07-26,140,325,109.0,2,218.0,Shirt,Mandarin Collar,XS,yellow,45,July,7,Wednesday,19,7
260,Whitney Scarman,Female,27,Trompview,Tasmania,30,2021-07-07,2021-07-26,141,2,96.0,1,96.0,Shirt,Oxford Cloth,M,red,54,July,7,Wednesday,19,7
260,Whitney Scarman,Female,27,Trompview,Tasmania,704,2021-07-21,2021-07-27,3497,63,104.0,2,208.0,Shirt,Dress,L,indigo,71,July,21,Wednesday,6,7
260,Whitney Scarman,Female,27,Trompview,Tasmania,704,2021-07-21,2021-07-27,3495,44,104.0,2,208.0,Shirt,Dress,XL,orange,78,July,21,Wednesday,6,7
260,Whitney Scarman,Female,27,Trompview,Tasmania,704,2021-07-21,2021-07-27,3494,673,113.0,3,339.0,Jacket,Parka,L,orange,77,July,21,Wednesday,6,7
260,Whitney Scarman,Female,27,Trompview,Tasmania,704,2021-07-21,2021-07-27,3496,1080,93.0,2,186.0,Trousers,Joggers,XS,violet,50,July,21,Wednesday,6,7
263,Ringo Sollars,Genderfluid,22,West Cameron,Western Australia,243,2021-07-06,2021-07-11,1175,389,119.0,1,119.0,Shirt,Casual Slim Fit,XL,red,47,July,6,Tuesday,5,7
263,Ringo Sollars,Genderfluid,22,West Cameron,Western Australia,243,2021-07-06,2021-07-11,1176,567,100.0,3,300.0,Jacket,Bomber,M,orange,69,July,6,Tuesday,5,7
264,Vite Durrant,Male,40,Port Michael,Queensland,552,2021-01-10,2021-01-17,2761,84,118.0,3,354.0,Shirt,Flannel,XL,yellow,72,January,10,Sunday,7,1
264,Vite Durrant,Male,40,Port Michael,Queensland,552,2021-01-10,2021-01-17,2759,1138,102.0,2,204.0,Trousers,Cargo Pants,L,green,42,January,10,Sunday,7,1
264,Vite Durrant,Male,40,Port Michael,Queensland,552,2021-01-10,2021-01-17,2760,1114,115.0,3,345.0,Trousers,Cropped,XL,indigo,58,January,10,Sunday,7,1
264,Vite Durrant,Male,40,Port Michael,Queensland,552,2021-01-10,2021-01-17,2756,610,112.0,2,224.0,Jacket,Cardigan,XS,green,40,January,10,Sunday,7,1
264,Vite Durrant,Male,40,Port Michael,Queensland,552,2021-01-10,2021-01-17,2758,898,94.0,2,188.0,Trousers,Cords,L,blue,77,January,10,Sunday,7,1
264,Vite Durrant,Male,40,Port Michael,Queensland,552,2021-01-10,2021-01-17,2757,857,113.0,3,339.0,Trousers,Chinos,M,green,49,January,10,Sunday,7,1
265,Ianthe Magowan,Male,52,Lake Laurenview,Tasmania,776,2021-09-02,2021-09-27,3874,419,119.0,2,238.0,Shirt,Casual Slim Fit,XL,violet,57,September,2,Thursday,25,9
265,Ianthe Magowan,Male,52,Lake Laurenview,Tasmania,776,2021-09-02,2021-09-27,3875,694,113.0,2,226.0,Jacket,Parka,XL,indigo,78,September,2,Thursday,25,9
265,Ianthe Magowan,Male,52,Lake Laurenview,Tasmania,776,2021-09-02,2021-09-27,3872,372,94.0,2,188.0,Shirt,Henley,M,blue,42,September,2,Thursday,25,9
265,Ianthe Magowan,Male,52,Lake Laurenview,Tasmania,776,2021-09-02,2021-09-27,3873,789,91.0,1,91.0,Jacket,Pullover,XL,green,65,September,2,Thursday,25,9
266,Sheff Ruoss,Non-binary,55,Laylabury,New South Wales,915,2021-04-17,2021-05-04,4585,575,100.0,3,300.0,Jacket,Bomber,XS,green,48,April,17,Saturday,17,4
266,Sheff Ruoss,Non-binary,55,Laylabury,New South Wales,915,2021-04-17,2021-05-04,4586,1131,102.0,3,306.0,Trousers,Cargo Pants,S,yellow,48,April,17,Saturday,17,4
266,Sheff Ruoss,Non-binary,55,Laylabury,New South Wales,915,2021-04-17,2021-05-04,4581,236,106.0,2,212.0,Shirt,Chambray,S,indigo,59,April,17,Saturday,17,4
266,Sheff Ruoss,Non-binary,55,Laylabury,New South Wales,915,2021-04-17,2021-05-04,4584,53,104.0,1,104.0,Shirt,Dress,L,green,52,April,17,Saturday,17,4
266,Sheff Ruoss,Non-binary,55,Laylabury,New South Wales,313,2021-06-02,2021-06-11,1529,1129,102.0,2,204.0,Trousers,Cargo Pants,XL,orange,61,June,2,Wednesday,9,6
266,Sheff Ruoss,Non-binary,55,Laylabury,New South Wales,313,2021-06-02,2021-06-11,1532,123,92.0,3,276.0,Shirt,Denim,L,green,71,June,2,Wednesday,9,6
266,Sheff Ruoss,Non-binary,55,Laylabury,New South Wales,915,2021-04-17,2021-05-04,4582,216,106.0,1,106.0,Shirt,Chambray,S,orange,69,April,17,Saturday,17,4
266,Sheff Ruoss,Non-binary,55,Laylabury,New South Wales,915,2021-04-17,2021-05-04,4583,23,96.0,1,96.0,Shirt,Oxford Cloth,L,blue,59,April,17,Saturday,17,4
266,Sheff Ruoss,Non-binary,55,Laylabury,New South Wales,915,2021-04-17,2021-05-04,4588,1000,106.0,1,106.0,Trousers,Wool,XS,blue,58,April,17,Saturday,17,4
266,Sheff Ruoss,Non-binary,55,Laylabury,New South Wales,915,2021-04-17,2021-05-04,4587,1171,99.0,2,198.0,Trousers,High-Waisted,S,green,73,April,17,Saturday,17,4
266,Sheff Ruoss,Non-binary,55,Laylabury,New South Wales,313,2021-06-02,2021-06-11,1534,2,96.0,1,96.0,Shirt,Oxford Cloth,M,red,54,June,2,Wednesday,9,6
266,Sheff Ruoss,Non-binary,55,Laylabury,New South Wales,313,2021-06-02,2021-06-11,1530,1063,93.0,3,279.0,Trousers,Joggers,L,yellow,58,June,2,Wednesday,9,6
266,Sheff Ruoss,Non-binary,55,Laylabury,New South Wales,313,2021-06-02,2021-06-11,1531,420,107.0,2,214.0,Jacket,Denim,XS,red,60,June,2,Wednesday,9,6
266,Sheff Ruoss,Non-binary,55,Laylabury,New South Wales,313,2021-06-02,2021-06-11,1533,527,98.0,3,294.0,Jacket,Leather,M,red,54,June,2,Wednesday,9,6
266,Sheff Ruoss,Non-binary,55,Laylabury,New South Wales,313,2021-06-02,2021-06-11,1527,540,98.0,3,294.0,Jacket,Leather,XS,green,57,June,2,Wednesday,9,6
266,Sheff Ruoss,Non-binary,55,Laylabury,New South Wales,313,2021-06-02,2021-06-11,1528,196,98.0,1,98.0,Shirt,Camp Collared,S,blue,75,June,2,Wednesday,9,6
267,Lionel Mansel,Bigender,45,Lukefurt,Western Australia,205,2021-02-03,2021-02-04,999,502,102.0,2,204.0,Jacket,Windbreaker,M,yellow,52,February,3,Wednesday,1,2
267,Lionel Mansel,Bigender,45,Lukefurt,Western Australia,205,2021-02-03,2021-02-04,1000,506,102.0,2,204.0,Jacket,Windbreaker,S,green,65,February,3,Wednesday,1,2
267,Lionel Mansel,Bigender,45,Lukefurt,Western Australia,677,2021-07-05,2021-07-08,3368,827,117.0,3,351.0,Jacket,Shearling,M,blue,73,July,5,Monday,3,7
267,Lionel Mansel,Bigender,45,Lukefurt,Western Australia,677,2021-07-05,2021-07-08,3369,958,97.0,3,291.0,Trousers,Slim-Fit,L,yellow,64,July,5,Monday,3,7
267,Lionel Mansel,Bigender,45,Lukefurt,Western Australia,205,2021-02-03,2021-02-04,1001,230,106.0,1,106.0,Shirt,Chambray,XS,blue,76,February,3,Wednesday,1,2
267,Lionel Mansel,Bigender,45,Lukefurt,Western Australia,677,2021-07-05,2021-07-08,3364,838,117.0,2,234.0,Jacket,Shearling,L,violet,61,July,5,Monday,3,7
267,Lionel Mansel,Bigender,45,Lukefurt,Western Australia,677,2021-07-05,2021-07-08,3367,66,104.0,3,312.0,Shirt,Dress,S,violet,69,July,5,Monday,3,7
267,Lionel Mansel,Bigender,45,Lukefurt,Western Australia,677,2021-07-05,2021-07-08,3366,311,105.0,2,210.0,Shirt,Cuban Collar,S,violet,43,July,5,Monday,3,7
267,Lionel Mansel,Bigender,45,Lukefurt,Western Australia,677,2021-07-05,2021-07-08,3365,56,104.0,1,104.0,Shirt,Dress,S,blue,46,July,5,Monday,3,7
268,Muire Ashtonhurst,Male,47,West Michael,South Australia,993,2021-03-29,2021-04-11,4966,339,109.0,1,109.0,Shirt,Mandarin Collar,XL,blue,71,March,29,Monday,13,3
268,Muire Ashtonhurst,Male,47,West Michael,South Australia,993,2021-03-29,2021-04-11,4967,361,94.0,3,282.0,Shirt,Henley,S,yellow,70,March,29,Monday,13,3
268,Muire Ashtonhurst,Male,47,West Michael,South Australia,993,2021-03-29,2021-04-11,4968,623,112.0,3,336.0,Jacket,Cardigan,L,indigo,40,March,29,Monday,13,3
268,Muire Ashtonhurst,Male,47,West Michael,South Australia,993,2021-03-29,2021-04-11,4969,1074,93.0,2,186.0,Trousers,Joggers,XL,blue,52,March,29,Monday,13,3
268,Muire Ashtonhurst,Male,47,West Michael,South Australia,993,2021-03-29,2021-04-11,4970,525,98.0,2,196.0,Jacket,Leather,XS,red,67,March,29,Monday,13,3
269,Rutger Hugonnet,Bigender,20,New Jadehaven,New South Wales,437,2021-08-25,2021-09-05,2169,308,105.0,3,315.0,Shirt,Cuban Collar,L,indigo,65,August,25,Wednesday,11,8
269,Rutger Hugonnet,Bigender,20,New Jadehaven,New South Wales,437,2021-08-25,2021-09-05,2170,523,102.0,1,102.0,Jacket,Windbreaker,L,violet,72,August,25,Wednesday,11,8
269,Rutger Hugonnet,Bigender,20,New Jadehaven,New South Wales,437,2021-08-25,2021-09-05,2166,243,106.0,2,212.0,Shirt,Chambray,L,violet,53,August,25,Wednesday,11,8
269,Rutger Hugonnet,Bigender,20,New Jadehaven,New South Wales,437,2021-08-25,2021-09-05,2171,1176,99.0,3,297.0,Trousers,High-Waisted,S,blue,75,August,25,Wednesday,11,8
269,Rutger Hugonnet,Bigender,20,New Jadehaven,New South Wales,859,2021-03-26,2021-04-09,4310,740,109.0,1,109.0,Jacket,Peacoat,XS,orange,78,March,26,Friday,14,3
269,Rutger Hugonnet,Bigender,20,New Jadehaven,New South Wales,859,2021-03-26,2021-04-09,4311,400,119.0,1,119.0,Shirt,Casual Slim Fit,XS,green,69,March,26,Friday,14,3
269,Rutger Hugonnet,Bigender,20,New Jadehaven,New South Wales,859,2021-03-26,2021-04-09,4313,147,91.0,3,273.0,Shirt,Linen,M,orange,42,March,26,Friday,14,3
269,Rutger Hugonnet,Bigender,20,New Jadehaven,New South Wales,859,2021-03-26,2021-04-09,4312,180,98.0,2,196.0,Shirt,Camp Collared,XS,orange,52,March,26,Friday,14,3
269,Rutger Hugonnet,Bigender,20,New Jadehaven,New South Wales,437,2021-08-25,2021-09-05,2168,43,104.0,3,312.0,Shirt,Dress,L,orange,73,August,25,Wednesday,11,8
269,Rutger Hugonnet,Bigender,20,New Jadehaven,New South Wales,437,2021-08-25,2021-09-05,2167,363,94.0,1,94.0,Shirt,Henley,L,yellow,62,August,25,Wednesday,11,8
272,Kendre Etherton,Genderqueer,22,New Angelinaberg,Victoria,925,2021-07-16,2021-08-12,4620,440,107.0,1,107.0,Jacket,Denim,XS,blue,49,July,16,Friday,27,7
272,Kendre Etherton,Genderqueer,22,New Angelinaberg,Victoria,925,2021-07-16,2021-08-12,4619,511,102.0,3,306.0,Jacket,Windbreaker,S,blue,41,July,16,Friday,27,7
272,Kendre Etherton,Genderqueer,22,New Angelinaberg,Victoria,925,2021-07-16,2021-08-12,4621,209,98.0,2,196.0,Shirt,Camp Collared,XL,violet,40,July,16,Friday,27,7
272,Kendre Etherton,Genderqueer,22,New Angelinaberg,Victoria,971,2021-08-26,2021-09-12,4850,1179,99.0,3,297.0,Trousers,High-Waisted,XL,blue,65,August,26,Thursday,17,8
272,Kendre Etherton,Genderqueer,22,New Angelinaberg,Victoria,971,2021-08-26,2021-09-12,4852,332,109.0,1,109.0,Shirt,Mandarin Collar,M,green,57,August,26,Thursday,17,8
272,Kendre Etherton,Genderqueer,22,New Angelinaberg,Victoria,971,2021-08-26,2021-09-12,4851,1207,105.0,3,315.0,Trousers,Pleated,M,green,41,August,26,Thursday,17,8
272,Kendre Etherton,Genderqueer,22,New Angelinaberg,Victoria,925,2021-07-16,2021-08-12,4618,629,112.0,2,224.0,Jacket,Cardigan,XL,violet,64,July,16,Friday,27,7
272,Kendre Etherton,Genderqueer,22,New Angelinaberg,Victoria,925,2021-07-16,2021-08-12,4617,880,94.0,1,94.0,Trousers,Cords,XS,orange,70,July,16,Friday,27,7
273,Dag Schiefersten,Bigender,46,Noahmouth,Northern Territory,92,2021-01-12,2021-01-30,407,991,106.0,3,318.0,Trousers,Wool,S,yellow,69,January,12,Tuesday,18,1
273,Dag Schiefersten,Bigender,46,Noahmouth,Northern Territory,92,2021-01-12,2021-01-30,406,234,106.0,2,212.0,Shirt,Chambray,XL,blue,43,January,12,Tuesday,18,1
273,Dag Schiefersten,Bigender,46,Noahmouth,Northern Territory,92,2021-01-12,2021-01-30,405,994,106.0,3,318.0,Trousers,Wool,XL,yellow,72,January,12,Tuesday,18,1
273,Dag Schiefersten,Bigender,46,Noahmouth,Northern Territory,92,2021-01-12,2021-01-30,404,434,107.0,3,321.0,Jacket,Denim,XL,yellow,56,January,12,Tuesday,18,1
276,Silas Chaman,Genderfluid,56,Gardenport,Victoria,683,2021-01-01,2021-01-05,3390,4,96.0,3,288.0,Shirt,Oxford Cloth,XL,red,47,January,1,Friday,4,1
276,Silas Chaman,Genderfluid,56,Gardenport,Victoria,683,2021-01-01,2021-01-05,3393,973,97.0,2,194.0,Trousers,Slim-Fit,L,indigo,48,January,1,Friday,4,1
276,Silas Chaman,Genderfluid,56,Gardenport,Victoria,683,2021-01-01,2021-01-05,3395,576,100.0,1,100.0,Jacket,Bomber,S,green,54,January,1,Friday,4,1
276,Silas Chaman,Genderfluid,56,Gardenport,Victoria,683,2021-01-01,2021-01-05,3394,1016,90.0,3,270.0,Trousers,Relaxed Leg,S,red,70,January,1,Friday,4,1
276,Silas Chaman,Genderfluid,56,Gardenport,Victoria,683,2021-01-01,2021-01-05,3392,1054,93.0,1,93.0,Trousers,Joggers,XL,red,58,January,1,Friday,4,1
276,Silas Chaman,Genderfluid,56,Gardenport,Victoria,683,2021-01-01,2021-01-05,3391,753,109.0,2,218.0,Jacket,Peacoat,L,green,73,January,1,Friday,4,1
278,Michele Osmant,Non-binary,73,North Josephmouth,Queensland,897,2021-08-26,2021-09-17,4494,30,96.0,3,288.0,Shirt,Oxford Cloth,XS,violet,74,August,26,Thursday,22,8
278,Michele Osmant,Non-binary,73,North Josephmouth,Queensland,897,2021-08-26,2021-09-17,4495,91,118.0,3,354.0,Shirt,Flannel,S,blue,43,August,26,Thursday,22,8
278,Michele Osmant,Non-binary,73,North Josephmouth,Queensland,897,2021-08-26,2021-09-17,4496,331,109.0,1,109.0,Shirt,Mandarin Collar,S,green,74,August,26,Thursday,22,8
278,Michele Osmant,Non-binary,73,North Josephmouth,Queensland,897,2021-08-26,2021-09-17,4497,589,100.0,2,200.0,Jacket,Bomber,XL,indigo,50,August,26,Thursday,22,8
278,Michele Osmant,Non-binary,73,North Josephmouth,Queensland,897,2021-08-26,2021-09-17,4501,546,98.0,3,294.0,Jacket,Leather,S,blue,75,August,26,Thursday,22,8
278,Michele Osmant,Non-binary,73,North Josephmouth,Queensland,897,2021-08-26,2021-09-17,4500,820,117.0,3,351.0,Jacket,Shearling,XS,green,74,August,26,Thursday,22,8
278,Michele Osmant,Non-binary,73,North Josephmouth,Queensland,897,2021-08-26,2021-09-17,4499,873,113.0,1,113.0,Trousers,Chinos,L,violet,62,August,26,Thursday,22,8
278,Michele Osmant,Non-binary,73,North Josephmouth,Queensland,897,2021-08-26,2021-09-17,4498,819,117.0,1,117.0,Jacket,Shearling,XL,yellow,63,August,26,Thursday,22,8
282,Wren Helgass,Female,59,Port Hannahburgh,Australian Capital Territory,427,2021-01-27,2021-02-10,2123,266,95.0,2,190.0,Shirt,Polo,S,blue,76,January,27,Wednesday,14,1
282,Wren Helgass,Female,59,Port Hannahburgh,Australian Capital Territory,427,2021-01-27,2021-02-10,2126,969,97.0,3,291.0,Trousers,Slim-Fit,XL,blue,47,January,27,Wednesday,14,1
282,Wren Helgass,Female,59,Port Hannahburgh,Australian Capital Territory,427,2021-01-27,2021-02-10,2125,752,109.0,3,327.0,Jacket,Peacoat,M,green,49,January,27,Wednesday,14,1
282,Wren Helgass,Female,59,Port Hannahburgh,Australian Capital Territory,427,2021-01-27,2021-02-10,2124,1231,112.0,3,336.0,Trousers,Tracksuit Bottoms,S,orange,59,January,27,Wednesday,14,1
282,Wren Helgass,Female,59,Port Hannahburgh,Australian Capital Territory,471,2021-07-08,2021-07-10,2319,376,94.0,3,282.0,Shirt,Henley,S,indigo,45,July,8,Thursday,2,7
282,Wren Helgass,Female,59,Port Hannahburgh,Australian Capital Territory,471,2021-07-08,2021-07-10,2318,589,100.0,3,300.0,Jacket,Bomber,XL,indigo,50,July,8,Thursday,2,7
282,Wren Helgass,Female,59,Port Hannahburgh,Australian Capital Territory,471,2021-07-08,2021-07-10,2317,689,113.0,2,226.0,Jacket,Parka,XL,blue,47,July,8,Thursday,2,7
282,Wren Helgass,Female,59,Port Hannahburgh,Australian Capital Territory,427,2021-01-27,2021-02-10,2127,766,109.0,1,109.0,Jacket,Peacoat,S,violet,73,January,27,Wednesday,14,1
282,Wren Helgass,Female,59,Port Hannahburgh,Australian Capital Territory,471,2021-07-08,2021-07-10,2316,775,91.0,3,273.0,Jacket,Pullover,XS,orange,79,July,8,Thursday,2,7
282,Wren Helgass,Female,59,Port Hannahburgh,Australian Capital Territory,427,2021-01-27,2021-02-10,2130,90,118.0,3,354.0,Shirt,Flannel,XS,blue,62,January,27,Wednesday,14,1
282,Wren Helgass,Female,59,Port Hannahburgh,Australian Capital Territory,542,2021-02-10,2021-02-14,2702,969,97.0,1,97.0,Trousers,Slim-Fit,XL,blue,47,February,10,Wednesday,4,2
282,Wren Helgass,Female,59,Port Hannahburgh,Australian Capital Territory,542,2021-02-10,2021-02-14,2701,507,102.0,3,306.0,Jacket,Windbreaker,M,green,63,February,10,Wednesday,4,2
282,Wren Helgass,Female,59,Port Hannahburgh,Australian Capital Territory,427,2021-01-27,2021-02-10,2131,710,119.0,2,238.0,Jacket,Trench Coat,XS,yellow,78,January,27,Wednesday,14,1
282,Wren Helgass,Female,59,Port Hannahburgh,Australian Capital Territory,427,2021-01-27,2021-02-10,2128,586,100.0,2,200.0,Jacket,Bomber,S,indigo,41,January,27,Wednesday,14,1
282,Wren Helgass,Female,59,Port Hannahburgh,Australian Capital Territory,427,2021-01-27,2021-02-10,2129,27,96.0,3,288.0,Shirt,Oxford Cloth,M,indigo,62,January,27,Wednesday,14,1
282,Wren Helgass,Female,59,Port Hannahburgh,Australian Capital Territory,542,2021-02-10,2021-02-14,2703,1045,90.0,3,270.0,Trousers,Relaxed Leg,XS,violet,49,February,10,Wednesday,4,2
282,Wren Helgass,Female,59,Port Hannahburgh,Australian Capital Territory,942,2021-06-09,2021-06-10,4705,867,113.0,1,113.0,Trousers,Chinos,M,indigo,64,June,9,Wednesday,1,6
282,Wren Helgass,Female,59,Port Hannahburgh,Australian Capital Territory,942,2021-06-09,2021-06-10,4706,192,98.0,1,98.0,Shirt,Camp Collared,M,green,41,June,9,Wednesday,1,6
282,Wren Helgass,Female,59,Port Hannahburgh,Australian Capital Territory,942,2021-06-09,2021-06-10,4708,251,95.0,2,190.0,Shirt,Polo,S,orange,78,June,9,Wednesday,1,6
282,Wren Helgass,Female,59,Port Hannahburgh,Australian Capital Territory,942,2021-06-09,2021-06-10,4707,383,94.0,3,282.0,Shirt,Henley,L,violet,51,June,9,Wednesday,1,6
282,Wren Helgass,Female,59,Port Hannahburgh,Australian Capital Territory,511,2021-08-22,2021-09-12,2538,608,112.0,1,112.0,Jacket,Cardigan,L,yellow,50,August,22,Sunday,21,8
282,Wren Helgass,Female,59,Port Hannahburgh,Australian Capital Territory,511,2021-08-22,2021-09-12,2539,1252,112.0,2,224.0,Trousers,Tracksuit Bottoms,M,indigo,59,August,22,Sunday,21,8
282,Wren Helgass,Female,59,Port Hannahburgh,Australian Capital Territory,511,2021-08-22,2021-09-12,2545,681,113.0,3,339.0,Jacket,Parka,S,green,62,August,22,Sunday,21,8
282,Wren Helgass,Female,59,Port Hannahburgh,Australian Capital Territory,942,2021-06-09,2021-06-10,4709,646,93.0,2,186.0,Jacket,Coach,S,green,60,June,9,Wednesday,1,6
282,Wren Helgass,Female,59,Port Hannahburgh,Australian Capital Territory,542,2021-02-10,2021-02-14,2706,821,117.0,3,351.0,Jacket,Shearling,S,green,66,February,10,Wednesday,4,2
282,Wren Helgass,Female,59,Port Hannahburgh,Australian Capital Territory,542,2021-02-10,2021-02-14,2705,931,96.0,2,192.0,Trousers,Drawstring,S,blue,48,February,10,Wednesday,4,2
282,Wren Helgass,Female,59,Port Hannahburgh,Australian Capital Territory,542,2021-02-10,2021-02-14,2704,1127,102.0,2,204.0,Trousers,Cargo Pants,M,orange,51,February,10,Wednesday,4,2
282,Wren Helgass,Female,59,Port Hannahburgh,Australian Capital Territory,511,2021-08-22,2021-09-12,2544,1094,115.0,2,230.0,Trousers,Cropped,XL,orange,61,August,22,Sunday,21,8
282,Wren Helgass,Female,59,Port Hannahburgh,Australian Capital Territory,511,2021-08-22,2021-09-12,2541,1220,105.0,3,315.0,Trousers,Pleated,XS,violet,58,August,22,Sunday,21,8
282,Wren Helgass,Female,59,Port Hannahburgh,Australian Capital Territory,511,2021-08-22,2021-09-12,2542,565,100.0,2,200.0,Jacket,Bomber,XS,orange,80,August,22,Sunday,21,8
282,Wren Helgass,Female,59,Port Hannahburgh,Australian Capital Territory,511,2021-08-22,2021-09-12,2543,758,109.0,3,327.0,Jacket,Peacoat,L,blue,64,August,22,Sunday,21,8
282,Wren Helgass,Female,59,Port Hannahburgh,Australian Capital Territory,511,2021-08-22,2021-09-12,2540,147,91.0,2,182.0,Shirt,Linen,M,orange,42,August,22,Sunday,21,8
283,Jaymee Dalrymple,Male,23,New George,New South Wales,446,2021-03-26,2021-03-30,2210,932,96.0,3,288.0,Trousers,Drawstring,M,blue,41,March,26,Friday,4,3
283,Jaymee Dalrymple,Male,23,New George,New South Wales,446,2021-03-26,2021-03-30,2211,33,96.0,2,192.0,Shirt,Oxford Cloth,L,violet,73,March,26,Friday,4,3
283,Jaymee Dalrymple,Male,23,New George,New South Wales,446,2021-03-26,2021-03-30,2213,725,119.0,1,119.0,Jacket,Trench Coat,XS,indigo,56,March,26,Friday,4,3
283,Jaymee Dalrymple,Male,23,New George,New South Wales,446,2021-03-26,2021-03-30,2209,201,98.0,3,294.0,Shirt,Camp Collared,S,indigo,50,March,26,Friday,4,3
283,Jaymee Dalrymple,Male,23,New George,New South Wales,446,2021-03-26,2021-03-30,2212,541,98.0,3,294.0,Jacket,Leather,S,green,77,March,26,Friday,4,3
286,Gert Brackstone,Polygender,34,Charlotteville,Queensland,439,2021-08-24,2021-09-06,2177,164,91.0,2,182.0,Shirt,Linen,XL,blue,47,August,24,Tuesday,13,8
286,Gert Brackstone,Polygender,34,Charlotteville,Queensland,439,2021-08-24,2021-09-06,2180,400,119.0,1,119.0,Shirt,Casual Slim Fit,XS,green,69,August,24,Tuesday,13,8
286,Gert Brackstone,Polygender,34,Charlotteville,Queensland,439,2021-08-24,2021-09-06,2178,669,113.0,2,226.0,Jacket,Parka,XL,red,64,August,24,Tuesday,13,8
286,Gert Brackstone,Polygender,34,Charlotteville,Queensland,439,2021-08-24,2021-09-06,2182,137,92.0,1,92.0,Shirt,Denim,M,violet,55,August,24,Tuesday,13,8
286,Gert Brackstone,Polygender,34,Charlotteville,Queensland,439,2021-08-24,2021-09-06,2181,1025,90.0,2,180.0,Trousers,Relaxed Leg,XS,yellow,44,August,24,Tuesday,13,8
286,Gert Brackstone,Polygender,34,Charlotteville,Queensland,439,2021-08-24,2021-09-06,2183,942,96.0,2,192.0,Trousers,Drawstring,M,violet,73,August,24,Tuesday,13,8
286,Gert Brackstone,Polygender,34,Charlotteville,Queensland,439,2021-08-24,2021-09-06,2179,1036,90.0,3,270.0,Trousers,Relaxed Leg,S,blue,57,August,24,Tuesday,13,8
286,Gert Brackstone,Polygender,34,Charlotteville,Queensland,439,2021-08-24,2021-09-06,2176,1087,115.0,3,345.0,Trousers,Cropped,M,red,50,August,24,Tuesday,13,8
288,Matilde Yanuk,Male,24,Reillyfurt,Victoria,214,2021-06-20,2021-07-09,1047,740,109.0,1,109.0,Jacket,Peacoat,XS,orange,78,June,20,Sunday,19,6
288,Matilde Yanuk,Male,24,Reillyfurt,Victoria,214,2021-06-20,2021-07-09,1046,415,119.0,1,119.0,Shirt,Casual Slim Fit,XS,violet,55,June,20,Sunday,19,6
288,Matilde Yanuk,Male,24,Reillyfurt,Victoria,214,2021-06-20,2021-07-09,1045,1111,115.0,1,115.0,Trousers,Cropped,S,indigo,65,June,20,Sunday,19,6
288,Matilde Yanuk,Male,24,Reillyfurt,Victoria,214,2021-06-20,2021-07-09,1044,667,113.0,3,339.0,Jacket,Parka,M,red,56,June,20,Sunday,19,6
289,Rafferty Fronek,Genderqueer,43,East Kaylabury,Australian Capital Territory,856,2021-01-13,2021-01-22,4298,92,118.0,1,118.0,Shirt,Flannel,M,blue,73,January,13,Wednesday,9,1
289,Rafferty Fronek,Genderqueer,43,East Kaylabury,Australian Capital Territory,856,2021-01-13,2021-01-22,4297,509,102.0,1,102.0,Jacket,Windbreaker,XL,green,71,January,13,Wednesday,9,1
289,Rafferty Fronek,Genderqueer,43,East Kaylabury,Australian Capital Territory,856,2021-01-13,2021-01-22,4294,833,117.0,2,234.0,Jacket,Shearling,L,indigo,66,January,13,Wednesday,9,1
289,Rafferty Fronek,Genderqueer,43,East Kaylabury,Australian Capital Territory,856,2021-01-13,2021-01-22,4299,1204,105.0,2,210.0,Trousers,Pleated,XL,yellow,52,January,13,Wednesday,9,1
289,Rafferty Fronek,Genderqueer,43,East Kaylabury,Australian Capital Territory,856,2021-01-13,2021-01-22,4296,794,91.0,3,273.0,Jacket,Pullover,XL,blue,74,January,13,Wednesday,9,1
289,Rafferty Fronek,Genderqueer,43,East Kaylabury,Australian Capital Territory,856,2021-01-13,2021-01-22,4295,1178,99.0,3,297.0,Trousers,High-Waisted,L,blue,57,January,13,Wednesday,9,1
290,Alia Rapinett,Male,67,West Siennaland,Tasmania,583,2021-04-07,2021-04-10,2917,224,106.0,3,318.0,Shirt,Chambray,XL,yellow,53,April,7,Wednesday,3,4
290,Alia Rapinett,Male,67,West Siennaland,Tasmania,583,2021-04-07,2021-04-10,2920,1010,106.0,2,212.0,Trousers,Wool,XS,violet,80,April,7,Wednesday,3,4
290,Alia Rapinett,Male,67,West Siennaland,Tasmania,583,2021-04-07,2021-04-10,2919,1047,90.0,1,90.0,Trousers,Relaxed Leg,M,violet,46,April,7,Wednesday,3,4
290,Alia Rapinett,Male,67,West Siennaland,Tasmania,583,2021-04-07,2021-04-10,2922,784,91.0,1,91.0,Jacket,Pullover,XL,yellow,67,April,7,Wednesday,3,4
290,Alia Rapinett,Male,67,West Siennaland,Tasmania,583,2021-04-07,2021-04-10,2921,1131,102.0,1,102.0,Trousers,Cargo Pants,S,yellow,48,April,7,Wednesday,3,4
290,Alia Rapinett,Male,67,West Siennaland,Tasmania,583,2021-04-07,2021-04-10,2924,716,119.0,1,119.0,Jacket,Trench Coat,S,green,53,April,7,Wednesday,3,4
290,Alia Rapinett,Male,67,West Siennaland,Tasmania,583,2021-04-07,2021-04-10,2914,801,91.0,3,273.0,Jacket,Pullover,S,violet,74,April,7,Wednesday,3,4
290,Alia Rapinett,Male,67,West Siennaland,Tasmania,583,2021-04-07,2021-04-10,2916,327,109.0,2,218.0,Shirt,Mandarin Collar,M,yellow,58,April,7,Wednesday,3,4
290,Alia Rapinett,Male,67,West Siennaland,Tasmania,583,2021-04-07,2021-04-10,2923,766,109.0,3,327.0,Jacket,Peacoat,S,violet,73,April,7,Wednesday,3,4
290,Alia Rapinett,Male,67,West Siennaland,Tasmania,583,2021-04-07,2021-04-10,2915,124,92.0,2,184.0,Shirt,Denim,XL,green,52,April,7,Wednesday,3,4
290,Alia Rapinett,Male,67,West Siennaland,Tasmania,583,2021-04-07,2021-04-10,2918,314,105.0,2,210.0,Shirt,Cuban Collar,XL,violet,44,April,7,Wednesday,3,4
291,Brodie Hedin,Genderqueer,43,South Hannah,Tasmania,99,2021-09-13,2021-09-25,446,485,118.0,2,236.0,Jacket,Puffer,XS,violet,74,September,13,Monday,12,9
291,Brodie Hedin,Genderqueer,43,South Hannah,Tasmania,99,2021-09-13,2021-09-25,447,353,94.0,2,188.0,Shirt,Henley,L,red,62,September,13,Monday,12,9
291,Brodie Hedin,Genderqueer,43,South Hannah,Tasmania,99,2021-09-13,2021-09-25,443,1238,112.0,2,224.0,Trousers,Tracksuit Bottoms,L,yellow,41,September,13,Monday,12,9
291,Brodie Hedin,Genderqueer,43,South Hannah,Tasmania,99,2021-09-13,2021-09-25,444,159,91.0,3,273.0,Shirt,Linen,XL,green,51,September,13,Monday,12,9
291,Brodie Hedin,Genderqueer,43,South Hannah,Tasmania,99,2021-09-13,2021-09-25,445,26,96.0,1,96.0,Shirt,Oxford Cloth,S,indigo,59,September,13,Monday,12,9
292,Aldin Moline,Male,25,West Aidenview,Victoria,827,2021-05-09,2021-06-05,4151,873,113.0,1,113.0,Trousers,Chinos,L,violet,62,May,9,Sunday,27,5
292,Aldin Moline,Male,25,West Aidenview,Victoria,209,2021-05-08,2021-05-20,1019,428,107.0,2,214.0,Jacket,Denim,L,orange,73,May,8,Saturday,12,5
292,Aldin Moline,Male,25,West Aidenview,Victoria,209,2021-05-08,2021-05-20,1021,29,96.0,2,192.0,Shirt,Oxford Cloth,XL,indigo,55,May,8,Saturday,12,5
292,Aldin Moline,Male,25,West Aidenview,Victoria,827,2021-05-09,2021-06-05,4155,488,118.0,1,118.0,Jacket,Puffer,L,violet,49,May,9,Sunday,27,5
292,Aldin Moline,Male,25,West Aidenview,Victoria,209,2021-05-08,2021-05-20,1020,1220,105.0,1,105.0,Trousers,Pleated,XS,violet,58,May,8,Saturday,12,5
292,Aldin Moline,Male,25,West Aidenview,Victoria,827,2021-05-09,2021-06-05,4158,1012,106.0,1,106.0,Trousers,Wool,M,violet,51,May,9,Sunday,27,5
292,Aldin Moline,Male,25,West Aidenview,Victoria,209,2021-05-08,2021-05-20,1018,837,117.0,1,117.0,Jacket,Shearling,M,violet,74,May,8,Saturday,12,5
292,Aldin Moline,Male,25,West Aidenview,Victoria,827,2021-05-09,2021-06-05,4157,736,109.0,2,218.0,Jacket,Peacoat,S,red,67,May,9,Sunday,27,5
292,Aldin Moline,Male,25,West Aidenview,Victoria,827,2021-05-09,2021-06-05,4156,604,112.0,3,336.0,Jacket,Cardigan,XL,orange,75,May,9,Sunday,27,5
292,Aldin Moline,Male,25,West Aidenview,Victoria,827,2021-05-09,2021-06-05,4152,363,94.0,1,94.0,Shirt,Henley,L,yellow,62,May,9,Sunday,27,5
292,Aldin Moline,Male,25,West Aidenview,Victoria,827,2021-05-09,2021-06-05,4153,919,96.0,1,96.0,Trousers,Drawstring,XL,orange,68,May,9,Sunday,27,5
292,Aldin Moline,Male,25,West Aidenview,Victoria,827,2021-05-09,2021-06-05,4150,169,91.0,1,91.0,Shirt,Linen,XL,indigo,66,May,9,Sunday,27,5
292,Aldin Moline,Male,25,West Aidenview,Victoria,827,2021-05-09,2021-06-05,4154,589,100.0,3,300.0,Jacket,Bomber,XL,indigo,50,May,9,Sunday,27,5
298,Roobbie Persich,Female,29,Sanfordberg,Queensland,137,2021-10-18,2021-10-20,646,175,98.0,1,98.0,Shirt,Camp Collared,XS,red,77,October,18,Monday,2,10
298,Roobbie Persich,Female,29,Sanfordberg,Queensland,137,2021-10-18,2021-10-20,647,826,117.0,1,117.0,Jacket,Shearling,S,blue,72,October,18,Monday,2,10
298,Roobbie Persich,Female,29,Sanfordberg,Queensland,137,2021-10-18,2021-10-20,645,1137,102.0,1,102.0,Trousers,Cargo Pants,M,green,78,October,18,Monday,2,10
298,Roobbie Persich,Female,29,Sanfordberg,Queensland,137,2021-10-18,2021-10-20,648,236,106.0,3,318.0,Shirt,Chambray,S,indigo,59,October,18,Monday,2,10
299,Anny Midden,Non-binary,32,Lake Amelia,Victoria,747,2021-05-11,2021-05-28,3736,1076,93.0,2,186.0,Trousers,Joggers,S,indigo,56,May,11,Tuesday,17,5
299,Anny Midden,Non-binary,32,Lake Amelia,Victoria,747,2021-05-11,2021-05-28,3738,709,119.0,3,357.0,Jacket,Trench Coat,XL,orange,71,May,11,Tuesday,17,5
299,Anny Midden,Non-binary,32,Lake Amelia,Victoria,18,2021-01-01,2021-01-03,84,285,105.0,1,105.0,Shirt,Cuban Collar,XS,orange,62,January,1,Friday,2,1
299,Anny Midden,Non-binary,32,Lake Amelia,Victoria,18,2021-01-01,2021-01-03,83,970,97.0,3,291.0,Trousers,Slim-Fit,XS,indigo,74,January,1,Friday,2,1
299,Anny Midden,Non-binary,32,Lake Amelia,Victoria,18,2021-01-01,2021-01-03,86,452,107.0,1,107.0,Jacket,Denim,M,violet,43,January,1,Friday,2,1
299,Anny Midden,Non-binary,32,Lake Amelia,Victoria,18,2021-01-01,2021-01-03,82,35,104.0,1,104.0,Shirt,Dress,XS,red,63,January,1,Friday,2,1
299,Anny Midden,Non-binary,32,Lake Amelia,Victoria,18,2021-01-01,2021-01-03,85,1110,115.0,3,345.0,Trousers,Cropped,XS,indigo,55,January,1,Friday,2,1
299,Anny Midden,Non-binary,32,Lake Amelia,Victoria,747,2021-05-11,2021-05-28,3737,676,113.0,1,113.0,Jacket,Parka,S,yellow,80,May,11,Tuesday,17,5
300,Darren Karpenko,Female,24,Hermistonside,Western Australia,674,2021-01-29,2021-02-05,3349,451,107.0,1,107.0,Jacket,Denim,S,violet,73,January,29,Friday,7,1
300,Darren Karpenko,Female,24,Hermistonside,Western Australia,674,2021-01-29,2021-02-05,3353,1192,105.0,2,210.0,Trousers,Pleated,M,red,40,January,29,Friday,7,1
300,Darren Karpenko,Female,24,Hermistonside,Western Australia,674,2021-01-29,2021-02-05,3348,799,91.0,3,273.0,Jacket,Pullover,XL,indigo,43,January,29,Friday,7,1
300,Darren Karpenko,Female,24,Hermistonside,Western Australia,674,2021-01-29,2021-02-05,3352,483,118.0,1,118.0,Jacket,Puffer,L,indigo,61,January,29,Friday,7,1
300,Darren Karpenko,Female,24,Hermistonside,Western Australia,674,2021-01-29,2021-02-05,3350,650,93.0,1,93.0,Jacket,Coach,XS,blue,51,January,29,Friday,7,1
300,Darren Karpenko,Female,24,Hermistonside,Western Australia,674,2021-01-29,2021-02-05,3347,1002,106.0,3,318.0,Trousers,Wool,M,blue,52,January,29,Friday,7,1
300,Darren Karpenko,Female,24,Hermistonside,Western Australia,674,2021-01-29,2021-02-05,3346,375,94.0,1,94.0,Shirt,Henley,XS,indigo,58,January,29,Friday,7,1
300,Darren Karpenko,Female,24,Hermistonside,Western Australia,674,2021-01-29,2021-02-05,3351,335,109.0,2,218.0,Shirt,Mandarin Collar,XS,blue,59,January,29,Friday,7,1
301,Elga Corgenvin,Non-binary,47,New Sienna,South Australia,60,2021-02-05,2021-02-28,267,913,96.0,1,96.0,Trousers,Drawstring,L,red,73,February,5,Friday,23,2
301,Elga Corgenvin,Non-binary,47,New Sienna,South Australia,60,2021-02-05,2021-02-28,265,590,100.0,1,100.0,Jacket,Bomber,XS,violet,75,February,5,Friday,23,2
301,Elga Corgenvin,Non-binary,47,New Sienna,South Australia,60,2021-02-05,2021-02-28,264,926,96.0,1,96.0,Trousers,Drawstring,S,green,73,February,5,Friday,23,2
301,Elga Corgenvin,Non-binary,47,New Sienna,South Australia,60,2021-02-05,2021-02-28,263,1054,93.0,2,186.0,Trousers,Joggers,XL,red,58,February,5,Friday,23,2
301,Elga Corgenvin,Non-binary,47,New Sienna,South Australia,60,2021-02-05,2021-02-28,268,451,107.0,3,321.0,Jacket,Denim,S,violet,73,February,5,Friday,23,2
301,Elga Corgenvin,Non-binary,47,New Sienna,South Australia,60,2021-02-05,2021-02-28,266,203,98.0,3,294.0,Shirt,Camp Collared,L,indigo,72,February,5,Friday,23,2
303,De Lourens,Genderqueer,75,North Paige,New South Wales,283,2021-09-04,2021-09-15,1379,1113,115.0,1,115.0,Trousers,Cropped,L,indigo,63,September,4,Saturday,11,9
303,De Lourens,Genderqueer,75,North Paige,New South Wales,283,2021-09-04,2021-09-15,1376,1119,115.0,3,345.0,Trousers,Cropped,XL,violet,64,September,4,Saturday,11,9
303,De Lourens,Genderqueer,75,North Paige,New South Wales,283,2021-09-04,2021-09-15,1381,392,119.0,3,357.0,Shirt,Casual Slim Fit,M,orange,47,September,4,Saturday,11,9
303,De Lourens,Genderqueer,75,North Paige,New South Wales,283,2021-09-04,2021-09-15,1380,288,105.0,1,105.0,Shirt,Cuban Collar,L,orange,65,September,4,Saturday,11,9
303,De Lourens,Genderqueer,75,North Paige,New South Wales,283,2021-09-04,2021-09-15,1377,168,91.0,2,182.0,Shirt,Linen,L,indigo,75,September,4,Saturday,11,9
303,De Lourens,Genderqueer,75,North Paige,New South Wales,283,2021-09-04,2021-09-15,1378,606,112.0,1,112.0,Jacket,Cardigan,S,yellow,79,September,4,Saturday,11,9
303,De Lourens,Genderqueer,75,North Paige,New South Wales,283,2021-09-04,2021-09-15,1373,67,104.0,1,104.0,Shirt,Dress,M,violet,41,September,4,Saturday,11,9
303,De Lourens,Genderqueer,75,North Paige,New South Wales,283,2021-09-04,2021-09-15,1375,1213,105.0,3,315.0,Trousers,Pleated,L,blue,79,September,4,Saturday,11,9
303,De Lourens,Genderqueer,75,North Paige,New South Wales,283,2021-09-04,2021-09-15,1374,1239,112.0,1,112.0,Trousers,Tracksuit Bottoms,XL,yellow,59,September,4,Saturday,11,9
305,Meryl Kender,Genderqueer,25,Lake Aidan,Australian Capital Territory,901,2021-05-05,2021-05-06,4522,441,107.0,1,107.0,Jacket,Denim,S,blue,56,May,5,Wednesday,1,5
305,Meryl Kender,Genderqueer,25,Lake Aidan,Australian Capital Territory,901,2021-05-05,2021-05-06,4520,207,98.0,3,294.0,Shirt,Camp Collared,M,violet,41,May,5,Wednesday,1,5
305,Meryl Kender,Genderqueer,25,Lake Aidan,Australian Capital Territory,901,2021-05-05,2021-05-06,4519,927,96.0,1,96.0,Trousers,Drawstring,M,green,52,May,5,Wednesday,1,5
305,Meryl Kender,Genderqueer,25,Lake Aidan,Australian Capital Territory,901,2021-05-05,2021-05-06,4518,1144,102.0,2,204.0,Trousers,Cargo Pants,XL,blue,57,May,5,Wednesday,1,5
305,Meryl Kender,Genderqueer,25,Lake Aidan,Australian Capital Territory,901,2021-05-05,2021-05-06,4521,650,93.0,2,186.0,Jacket,Coach,XS,blue,51,May,5,Wednesday,1,5
306,Silas Stephens,Polygender,68,West Audreyhaven,Queensland,967,2021-10-11,2021-11-07,4829,42,104.0,1,104.0,Shirt,Dress,M,orange,53,October,11,Monday,27,10
306,Silas Stephens,Polygender,68,West Audreyhaven,Queensland,967,2021-10-11,2021-11-07,4827,1078,93.0,3,279.0,Trousers,Joggers,L,indigo,42,October,11,Monday,27,10
306,Silas Stephens,Polygender,68,West Audreyhaven,Queensland,967,2021-10-11,2021-11-07,4825,283,105.0,1,105.0,Shirt,Cuban Collar,L,red,45,October,11,Monday,27,10
306,Silas Stephens,Polygender,68,West Audreyhaven,Queensland,967,2021-10-11,2021-11-07,4826,591,100.0,1,100.0,Jacket,Bomber,S,violet,45,October,11,Monday,27,10
306,Silas Stephens,Polygender,68,West Audreyhaven,Queensland,967,2021-10-11,2021-11-07,4824,235,106.0,1,106.0,Shirt,Chambray,XS,indigo,75,October,11,Monday,27,10
306,Silas Stephens,Polygender,68,West Audreyhaven,Queensland,839,2021-09-16,2021-09-27,4211,283,105.0,1,105.0,Shirt,Cuban Collar,L,red,45,September,16,Thursday,11,9
306,Silas Stephens,Polygender,68,West Audreyhaven,Queensland,839,2021-09-16,2021-09-27,4210,558,98.0,3,294.0,Jacket,Leather,L,violet,78,September,16,Thursday,11,9
306,Silas Stephens,Polygender,68,West Audreyhaven,Queensland,839,2021-09-16,2021-09-27,4207,1019,90.0,3,270.0,Trousers,Relaxed Leg,XL,red,50,September,16,Thursday,11,9
306,Silas Stephens,Polygender,68,West Audreyhaven,Queensland,839,2021-09-16,2021-09-27,4204,31,96.0,3,288.0,Shirt,Oxford Cloth,S,violet,41,September,16,Thursday,11,9
306,Silas Stephens,Polygender,68,West Audreyhaven,Queensland,839,2021-09-16,2021-09-27,4208,1038,90.0,2,180.0,Trousers,Relaxed Leg,L,blue,61,September,16,Thursday,11,9
306,Silas Stephens,Polygender,68,West Audreyhaven,Queensland,839,2021-09-16,2021-09-27,4212,473,118.0,1,118.0,Jacket,Puffer,L,green,43,September,16,Thursday,11,9
306,Silas Stephens,Polygender,68,West Audreyhaven,Queensland,839,2021-09-16,2021-09-27,4209,111,92.0,1,92.0,Shirt,Denim,S,orange,69,September,16,Thursday,11,9
306,Silas Stephens,Polygender,68,West Audreyhaven,Queensland,839,2021-09-16,2021-09-27,4203,847,113.0,2,226.0,Trousers,Chinos,M,orange,73,September,16,Thursday,11,9
306,Silas Stephens,Polygender,68,West Audreyhaven,Queensland,839,2021-09-16,2021-09-27,4213,1076,93.0,2,186.0,Trousers,Joggers,S,indigo,56,September,16,Thursday,11,9
306,Silas Stephens,Polygender,68,West Audreyhaven,Queensland,839,2021-09-16,2021-09-27,4206,145,91.0,2,182.0,Shirt,Linen,XS,orange,70,September,16,Thursday,11,9
306,Silas Stephens,Polygender,68,West Audreyhaven,Queensland,967,2021-10-11,2021-11-07,4830,769,109.0,2,218.0,Jacket,Peacoat,XL,violet,42,October,11,Monday,27,10
306,Silas Stephens,Polygender,68,West Audreyhaven,Queensland,967,2021-10-11,2021-11-07,4828,133,92.0,2,184.0,Shirt,Denim,L,indigo,58,October,11,Monday,27,10
306,Silas Stephens,Polygender,68,West Audreyhaven,Queensland,839,2021-09-16,2021-09-27,4205,182,98.0,3,294.0,Shirt,Camp Collared,M,orange,65,September,16,Thursday,11,9
308,Zeb Shipton,Genderfluid,70,West Madison,Northern Territory,599,2021-09-23,2021-10-17,2996,1038,90.0,3,270.0,Trousers,Relaxed Leg,L,blue,61,September,23,Thursday,24,9
308,Zeb Shipton,Genderfluid,70,West Madison,Northern Territory,599,2021-09-23,2021-10-17,2995,28,96.0,3,288.0,Shirt,Oxford Cloth,L,indigo,70,September,23,Thursday,24,9
308,Zeb Shipton,Genderfluid,70,West Madison,Northern Territory,679,2021-03-05,2021-03-22,3376,836,117.0,2,234.0,Jacket,Shearling,S,violet,49,March,5,Friday,17,3
308,Zeb Shipton,Genderfluid,70,West Madison,Northern Territory,679,2021-03-05,2021-03-22,3375,760,109.0,2,218.0,Jacket,Peacoat,XS,indigo,45,March,5,Friday,17,3
308,Zeb Shipton,Genderfluid,70,West Madison,Northern Territory,599,2021-09-23,2021-10-17,2994,630,93.0,2,186.0,Jacket,Coach,XS,red,71,September,23,Thursday,24,9
308,Zeb Shipton,Genderfluid,70,West Madison,Northern Territory,599,2021-09-23,2021-10-17,2998,986,106.0,1,106.0,Trousers,Wool,S,orange,59,September,23,Thursday,24,9
308,Zeb Shipton,Genderfluid,70,West Madison,Northern Territory,679,2021-03-05,2021-03-22,3374,333,109.0,2,218.0,Shirt,Mandarin Collar,L,green,67,March,5,Friday,17,3
308,Zeb Shipton,Genderfluid,70,West Madison,Northern Territory,679,2021-03-05,2021-03-22,3373,375,94.0,2,188.0,Shirt,Henley,XS,indigo,58,March,5,Friday,17,3
308,Zeb Shipton,Genderfluid,70,West Madison,Northern Territory,599,2021-09-23,2021-10-17,2997,1106,115.0,1,115.0,Trousers,Cropped,S,blue,62,September,23,Thursday,24,9
309,Ulla Crombie,Genderqueer,29,Lake Edward,Queensland,175,2021-03-22,2021-04-16,846,66,104.0,1,104.0,Shirt,Dress,S,violet,69,March,22,Monday,25,3
309,Ulla Crombie,Genderqueer,29,Lake Edward,Queensland,175,2021-03-22,2021-04-16,847,1052,93.0,1,93.0,Trousers,Joggers,M,red,43,March,22,Monday,25,3
309,Ulla Crombie,Genderqueer,29,Lake Edward,Queensland,175,2021-03-22,2021-04-16,845,890,94.0,3,282.0,Trousers,Cords,XS,green,50,March,22,Monday,25,3
309,Ulla Crombie,Genderqueer,29,Lake Edward,Queensland,175,2021-03-22,2021-04-16,844,381,94.0,3,282.0,Shirt,Henley,S,violet,43,March,22,Monday,25,3
309,Ulla Crombie,Genderqueer,29,Lake Edward,Queensland,175,2021-03-22,2021-04-16,843,1207,105.0,3,315.0,Trousers,Pleated,M,green,41,March,22,Monday,25,3
309,Ulla Crombie,Genderqueer,29,Lake Edward,Queensland,175,2021-03-22,2021-04-16,841,165,91.0,1,91.0,Shirt,Linen,XS,indigo,70,March,22,Monday,25,3
309,Ulla Crombie,Genderqueer,29,Lake Edward,Queensland,175,2021-03-22,2021-04-16,840,329,109.0,1,109.0,Shirt,Mandarin Collar,XL,yellow,43,March,22,Monday,25,3
309,Ulla Crombie,Genderqueer,29,Lake Edward,Queensland,175,2021-03-22,2021-04-16,842,968,97.0,3,291.0,Trousers,Slim-Fit,L,blue,49,March,22,Monday,25,3
310,Sharyl Royl,Polygender,61,Fadelburgh,New South Wales,702,2021-06-23,2021-07-14,3488,1070,93.0,2,186.0,Trousers,Joggers,XS,blue,67,June,23,Wednesday,21,6
310,Sharyl Royl,Polygender,61,Fadelburgh,New South Wales,702,2021-06-23,2021-07-14,3487,341,109.0,1,109.0,Shirt,Mandarin Collar,S,indigo,60,June,23,Wednesday,21,6
310,Sharyl Royl,Polygender,61,Fadelburgh,New South Wales,702,2021-06-23,2021-07-14,3485,1038,90.0,3,270.0,Trousers,Relaxed Leg,L,blue,61,June,23,Wednesday,21,6
310,Sharyl Royl,Polygender,61,Fadelburgh,New South Wales,702,2021-06-23,2021-07-14,3486,950,97.0,3,291.0,Trousers,Slim-Fit,XS,orange,69,June,23,Wednesday,21,6
310,Sharyl Royl,Polygender,61,Fadelburgh,New South Wales,842,2021-01-10,2021-01-29,4228,374,94.0,3,282.0,Shirt,Henley,XL,blue,75,January,10,Sunday,19,1
310,Sharyl Royl,Polygender,61,Fadelburgh,New South Wales,842,2021-01-10,2021-01-29,4227,875,94.0,2,188.0,Trousers,Cords,XS,red,63,January,10,Sunday,19,1
310,Sharyl Royl,Polygender,61,Fadelburgh,New South Wales,842,2021-01-10,2021-01-29,4230,238,106.0,1,106.0,Shirt,Chambray,L,indigo,79,January,10,Sunday,19,1
310,Sharyl Royl,Polygender,61,Fadelburgh,New South Wales,842,2021-01-10,2021-01-29,4229,645,93.0,3,279.0,Jacket,Coach,XS,green,78,January,10,Sunday,19,1
310,Sharyl Royl,Polygender,61,Fadelburgh,New South Wales,702,2021-06-23,2021-07-14,3489,693,113.0,3,339.0,Jacket,Parka,L,indigo,44,June,23,Wednesday,21,6
310,Sharyl Royl,Polygender,61,Fadelburgh,New South Wales,702,2021-06-23,2021-07-14,3490,862,113.0,3,339.0,Trousers,Chinos,M,blue,41,June,23,Wednesday,21,6
311,Constantino Langworthy,Agender,25,Fayburgh,Northern Territory,699,2021-01-29,2021-02-12,3473,142,91.0,3,273.0,Shirt,Linen,M,red,78,January,29,Friday,14,1
311,Constantino Langworthy,Agender,25,Fayburgh,Northern Territory,699,2021-01-29,2021-02-12,3472,417,119.0,2,238.0,Shirt,Casual Slim Fit,M,violet,46,January,29,Friday,14,1
311,Constantino Langworthy,Agender,25,Fayburgh,Northern Territory,699,2021-01-29,2021-02-12,3471,189,98.0,3,294.0,Shirt,Camp Collared,XL,yellow,44,January,29,Friday,14,1
311,Constantino Langworthy,Agender,25,Fayburgh,Northern Territory,699,2021-01-29,2021-02-12,3474,26,96.0,1,96.0,Shirt,Oxford Cloth,S,indigo,59,January,29,Friday,14,1
311,Constantino Langworthy,Agender,25,Fayburgh,Northern Territory,699,2021-01-29,2021-02-12,3470,957,97.0,2,194.0,Trousers,Slim-Fit,M,yellow,55,January,29,Friday,14,1
311,Constantino Langworthy,Agender,25,Fayburgh,Northern Territory,699,2021-01-29,2021-02-12,3468,30,96.0,2,192.0,Shirt,Oxford Cloth,XS,violet,74,January,29,Friday,14,1
311,Constantino Langworthy,Agender,25,Fayburgh,Northern Territory,699,2021-01-29,2021-02-12,3467,587,100.0,2,200.0,Jacket,Bomber,M,indigo,52,January,29,Friday,14,1
311,Constantino Langworthy,Agender,25,Fayburgh,Northern Territory,699,2021-01-29,2021-02-12,3466,1198,105.0,2,210.0,Trousers,Pleated,L,orange,53,January,29,Friday,14,1
311,Constantino Langworthy,Agender,25,Fayburgh,Northern Territory,699,2021-01-29,2021-02-12,3469,98,118.0,1,118.0,Shirt,Flannel,L,indigo,62,January,29,Friday,14,1
313,Courtnay Cornewell,Agender,24,South Pipermouth,South Australia,256,2021-08-09,2021-08-12,1238,118,92.0,3,276.0,Shirt,Denim,L,yellow,75,August,9,Monday,3,8
313,Courtnay Cornewell,Agender,24,South Pipermouth,South Australia,256,2021-08-09,2021-08-12,1237,178,98.0,3,294.0,Shirt,Camp Collared,L,red,52,August,9,Monday,3,8
313,Courtnay Cornewell,Agender,24,South Pipermouth,South Australia,256,2021-08-09,2021-08-12,1239,1018,90.0,1,90.0,Trousers,Relaxed Leg,L,red,63,August,9,Monday,3,8
313,Courtnay Cornewell,Agender,24,South Pipermouth,South Australia,256,2021-08-09,2021-08-12,1240,36,104.0,2,208.0,Shirt,Dress,S,red,72,August,9,Monday,3,8
313,Courtnay Cornewell,Agender,24,South Pipermouth,South Australia,256,2021-08-09,2021-08-12,1236,1051,93.0,1,93.0,Trousers,Joggers,S,red,71,August,9,Monday,3,8
315,Jeff Curness,Genderqueer,49,East Michaelmouth,Australian Capital Territory,177,2021-08-20,2021-09-01,855,256,95.0,1,95.0,Shirt,Polo,S,yellow,77,August,20,Friday,12,8
315,Jeff Curness,Genderqueer,49,East Michaelmouth,Australian Capital Territory,861,2021-05-31,2021-06-20,4319,58,104.0,2,208.0,Shirt,Dress,L,blue,61,May,31,Monday,20,5
315,Jeff Curness,Genderqueer,49,East Michaelmouth,Australian Capital Territory,861,2021-05-31,2021-06-20,4318,1188,99.0,3,297.0,Trousers,High-Waisted,L,violet,68,May,31,Monday,20,5
315,Jeff Curness,Genderqueer,49,East Michaelmouth,Australian Capital Territory,861,2021-05-31,2021-06-20,4320,78,118.0,2,236.0,Shirt,Flannel,L,orange,59,May,31,Monday,20,5
315,Jeff Curness,Genderqueer,49,East Michaelmouth,Australian Capital Territory,177,2021-08-20,2021-09-01,854,64,104.0,1,104.0,Shirt,Dress,XL,indigo,75,August,20,Friday,12,8
315,Jeff Curness,Genderqueer,49,East Michaelmouth,Australian Capital Territory,177,2021-08-20,2021-09-01,858,976,97.0,3,291.0,Trousers,Slim-Fit,S,violet,46,August,20,Friday,12,8
315,Jeff Curness,Genderqueer,49,East Michaelmouth,Australian Capital Territory,177,2021-08-20,2021-09-01,857,207,98.0,1,98.0,Shirt,Camp Collared,M,violet,41,August,20,Friday,12,8
315,Jeff Curness,Genderqueer,49,East Michaelmouth,Australian Capital Territory,177,2021-08-20,2021-09-01,856,257,95.0,2,190.0,Shirt,Polo,M,yellow,52,August,20,Friday,12,8
315,Jeff Curness,Genderqueer,49,East Michaelmouth,Australian Capital Territory,177,2021-08-20,2021-09-01,859,1059,93.0,3,279.0,Trousers,Joggers,XL,orange,44,August,20,Friday,12,8
316,Sadella Goodsall,Genderqueer,67,Christopherside,Northern Territory,975,2021-01-18,2021-01-30,4875,902,94.0,1,94.0,Trousers,Cords,M,indigo,52,January,18,Monday,12,1
316,Sadella Goodsall,Genderqueer,67,Christopherside,Northern Territory,975,2021-01-18,2021-01-30,4874,795,91.0,1,91.0,Jacket,Pullover,XS,indigo,78,January,18,Monday,12,1
316,Sadella Goodsall,Genderqueer,67,Christopherside,Northern Territory,975,2021-01-18,2021-01-30,4876,1084,93.0,3,279.0,Trousers,Joggers,XL,violet,40,January,18,Monday,12,1
316,Sadella Goodsall,Genderqueer,67,Christopherside,Northern Territory,975,2021-01-18,2021-01-30,4877,572,100.0,1,100.0,Jacket,Bomber,M,yellow,71,January,18,Monday,12,1
316,Sadella Goodsall,Genderqueer,67,Christopherside,Northern Territory,975,2021-01-18,2021-01-30,4873,799,91.0,1,91.0,Jacket,Pullover,XL,indigo,43,January,18,Monday,12,1
317,Gates Torrance,Male,48,Miafort,Australian Capital Territory,833,2021-03-03,2021-03-20,4182,241,106.0,3,318.0,Shirt,Chambray,S,violet,52,March,3,Wednesday,17,3
317,Gates Torrance,Male,48,Miafort,Australian Capital Territory,833,2021-03-03,2021-03-20,4180,824,117.0,2,234.0,Jacket,Shearling,XL,green,51,March,3,Wednesday,17,3
317,Gates Torrance,Male,48,Miafort,Australian Capital Territory,833,2021-03-03,2021-03-20,4179,120,92.0,2,184.0,Shirt,Denim,XS,green,66,March,3,Wednesday,17,3
317,Gates Torrance,Male,48,Miafort,Australian Capital Territory,260,2021-07-13,2021-07-25,1256,1095,115.0,1,115.0,Trousers,Cropped,XS,yellow,41,July,13,Tuesday,12,7
317,Gates Torrance,Male,48,Miafort,Australian Capital Territory,260,2021-07-13,2021-07-25,1257,1213,105.0,2,210.0,Trousers,Pleated,L,blue,79,July,13,Tuesday,12,7
317,Gates Torrance,Male,48,Miafort,Australian Capital Territory,260,2021-07-13,2021-07-25,1255,828,117.0,2,234.0,Jacket,Shearling,L,blue,64,July,13,Tuesday,12,7
317,Gates Torrance,Male,48,Miafort,Australian Capital Territory,260,2021-07-13,2021-07-25,1260,1096,115.0,2,230.0,Trousers,Cropped,S,yellow,65,July,13,Tuesday,12,7
317,Gates Torrance,Male,48,Miafort,Australian Capital Territory,833,2021-03-03,2021-03-20,4181,1253,112.0,1,112.0,Trousers,Tracksuit Bottoms,L,indigo,50,March,3,Wednesday,17,3
317,Gates Torrance,Male,48,Miafort,Australian Capital Territory,260,2021-07-13,2021-07-25,1258,241,106.0,2,212.0,Shirt,Chambray,S,violet,52,July,13,Tuesday,12,7
317,Gates Torrance,Male,48,Miafort,Australian Capital Territory,260,2021-07-13,2021-07-25,1259,563,100.0,1,100.0,Jacket,Bomber,L,red,50,July,13,Tuesday,12,7
317,Gates Torrance,Male,48,Miafort,Australian Capital Territory,833,2021-03-03,2021-03-20,4178,793,91.0,2,182.0,Jacket,Pullover,L,blue,66,March,3,Wednesday,17,3
318,Glyn Tieman,Polygender,63,Georgiatown,Western Australia,756,2021-03-19,2021-03-29,3790,859,113.0,1,113.0,Trousers,Chinos,XL,green,50,March,19,Friday,10,3
318,Glyn Tieman,Polygender,63,Georgiatown,Western Australia,325,2021-05-11,2021-05-28,1594,869,113.0,3,339.0,Trousers,Chinos,XL,indigo,78,May,11,Tuesday,17,5
318,Glyn Tieman,Polygender,63,Georgiatown,Western Australia,881,2021-02-18,2021-03-10,4414,721,119.0,2,238.0,Jacket,Trench Coat,S,blue,64,February,18,Thursday,20,2
318,Glyn Tieman,Polygender,63,Georgiatown,Western Australia,881,2021-02-18,2021-03-10,4407,1059,93.0,3,279.0,Trousers,Joggers,XL,orange,44,February,18,Thursday,20,2
318,Glyn Tieman,Polygender,63,Georgiatown,Western Australia,881,2021-02-18,2021-03-10,4411,1077,93.0,2,186.0,Trousers,Joggers,M,indigo,66,February,18,Thursday,20,2
318,Glyn Tieman,Polygender,63,Georgiatown,Western Australia,881,2021-02-18,2021-03-10,4413,177,98.0,1,98.0,Shirt,Camp Collared,M,red,64,February,18,Thursday,20,2
318,Glyn Tieman,Polygender,63,Georgiatown,Western Australia,325,2021-05-11,2021-05-28,1595,863,113.0,1,113.0,Trousers,Chinos,L,blue,46,May,11,Tuesday,17,5
318,Glyn Tieman,Polygender,63,Georgiatown,Western Australia,881,2021-02-18,2021-03-10,4415,729,119.0,1,119.0,Jacket,Trench Coat,XL,indigo,64,February,18,Thursday,20,2
318,Glyn Tieman,Polygender,63,Georgiatown,Western Australia,881,2021-02-18,2021-03-10,4410,1121,102.0,2,204.0,Trousers,Cargo Pants,S,red,63,February,18,Thursday,20,2
318,Glyn Tieman,Polygender,63,Georgiatown,Western Australia,881,2021-02-18,2021-03-10,4408,41,104.0,1,104.0,Shirt,Dress,S,orange,69,February,18,Thursday,20,2
318,Glyn Tieman,Polygender,63,Georgiatown,Western Australia,881,2021-02-18,2021-03-10,4409,1258,112.0,1,112.0,Trousers,Tracksuit Bottoms,L,violet,45,February,18,Thursday,20,2
318,Glyn Tieman,Polygender,63,Georgiatown,Western Australia,881,2021-02-18,2021-03-10,4412,695,113.0,1,113.0,Jacket,Parka,XS,violet,59,February,18,Thursday,20,2
318,Glyn Tieman,Polygender,63,Georgiatown,Western Australia,756,2021-03-19,2021-03-29,3792,470,118.0,1,118.0,Jacket,Puffer,XS,green,41,March,19,Friday,10,3
318,Glyn Tieman,Polygender,63,Georgiatown,Western Australia,756,2021-03-19,2021-03-29,3791,1257,112.0,1,112.0,Trousers,Tracksuit Bottoms,M,violet,73,March,19,Friday,10,3
320,Dani Pinches,Polygender,43,Howehaven,Tasmania,152,2021-03-09,2021-03-12,714,897,94.0,1,94.0,Trousers,Cords,M,blue,47,March,9,Tuesday,3,3
320,Dani Pinches,Polygender,43,Howehaven,Tasmania,152,2021-03-09,2021-03-12,712,731,119.0,1,119.0,Jacket,Trench Coat,S,violet,69,March,9,Tuesday,3,3
320,Dani Pinches,Polygender,43,Howehaven,Tasmania,152,2021-03-09,2021-03-12,716,904,94.0,3,282.0,Trousers,Cords,XL,indigo,70,March,9,Tuesday,3,3
320,Dani Pinches,Polygender,43,Howehaven,Tasmania,152,2021-03-09,2021-03-12,717,1230,112.0,1,112.0,Trousers,Tracksuit Bottoms,XS,orange,57,March,9,Tuesday,3,3
320,Dani Pinches,Polygender,43,Howehaven,Tasmania,152,2021-03-09,2021-03-12,711,246,95.0,1,95.0,Shirt,Polo,S,red,60,March,9,Tuesday,3,3
320,Dani Pinches,Polygender,43,Howehaven,Tasmania,152,2021-03-09,2021-03-12,718,1188,99.0,2,198.0,Trousers,High-Waisted,L,violet,68,March,9,Tuesday,3,3
320,Dani Pinches,Polygender,43,Howehaven,Tasmania,152,2021-03-09,2021-03-12,713,490,102.0,1,102.0,Jacket,Windbreaker,XS,red,79,March,9,Tuesday,3,3
320,Dani Pinches,Polygender,43,Howehaven,Tasmania,152,2021-03-09,2021-03-12,715,537,98.0,3,294.0,Jacket,Leather,M,yellow,77,March,9,Tuesday,3,3
321,Jena Kelling,Female,44,Kaihaven,New South Wales,125,2021-10-22,2021-11-03,591,1223,105.0,1,105.0,Trousers,Pleated,L,violet,48,October,22,Friday,12,10
321,Jena Kelling,Female,44,Kaihaven,New South Wales,125,2021-10-22,2021-11-03,590,586,100.0,1,100.0,Jacket,Bomber,S,indigo,41,October,22,Friday,12,10
323,Ellerey Kaesmakers,Genderfluid,40,South Jayden,South Australia,804,2021-04-10,2021-04-21,4042,962,97.0,3,291.0,Trousers,Slim-Fit,M,green,78,April,10,Saturday,11,4
323,Ellerey Kaesmakers,Genderfluid,40,South Jayden,South Australia,804,2021-04-10,2021-04-21,4038,710,119.0,3,357.0,Jacket,Trench Coat,XS,yellow,78,April,10,Saturday,11,4
323,Ellerey Kaesmakers,Genderfluid,40,South Jayden,South Australia,804,2021-04-10,2021-04-21,4036,1133,102.0,1,102.0,Trousers,Cargo Pants,L,yellow,71,April,10,Saturday,11,4
323,Ellerey Kaesmakers,Genderfluid,40,South Jayden,South Australia,804,2021-04-10,2021-04-21,4039,554,98.0,1,98.0,Jacket,Leather,XL,indigo,52,April,10,Saturday,11,4
323,Ellerey Kaesmakers,Genderfluid,40,South Jayden,South Australia,804,2021-04-10,2021-04-21,4035,923,96.0,1,96.0,Trousers,Drawstring,L,yellow,68,April,10,Saturday,11,4
323,Ellerey Kaesmakers,Genderfluid,40,South Jayden,South Australia,804,2021-04-10,2021-04-21,4037,332,109.0,1,109.0,Shirt,Mandarin Collar,M,green,57,April,10,Saturday,11,4
323,Ellerey Kaesmakers,Genderfluid,40,South Jayden,South Australia,804,2021-04-10,2021-04-21,4040,995,106.0,2,212.0,Trousers,Wool,XS,green,73,April,10,Saturday,11,4
323,Ellerey Kaesmakers,Genderfluid,40,South Jayden,South Australia,804,2021-04-10,2021-04-21,4041,509,102.0,3,306.0,Jacket,Windbreaker,XL,green,71,April,10,Saturday,11,4
325,Robinetta Deners,Genderqueer,68,West Claudia,South Australia,87,2021-06-20,2021-07-16,379,278,95.0,2,190.0,Shirt,Polo,L,violet,76,June,20,Sunday,26,6
325,Robinetta Deners,Genderqueer,68,West Claudia,South Australia,87,2021-06-20,2021-07-16,380,174,91.0,2,182.0,Shirt,Linen,XL,violet,73,June,20,Sunday,26,6
325,Robinetta Deners,Genderqueer,68,West Claudia,South Australia,87,2021-06-20,2021-07-16,377,98,118.0,3,354.0,Shirt,Flannel,L,indigo,62,June,20,Sunday,26,6
325,Robinetta Deners,Genderqueer,68,West Claudia,South Australia,201,2021-05-26,2021-06-18,979,974,97.0,3,291.0,Trousers,Slim-Fit,XL,indigo,66,May,26,Wednesday,23,5
325,Robinetta Deners,Genderqueer,68,West Claudia,South Australia,87,2021-06-20,2021-07-16,378,276,95.0,1,95.0,Shirt,Polo,S,violet,43,June,20,Sunday,26,6
325,Robinetta Deners,Genderqueer,68,West Claudia,South Australia,201,2021-05-26,2021-06-18,980,1085,115.0,2,230.0,Trousers,Cropped,XS,red,75,May,26,Wednesday,23,5
325,Robinetta Deners,Genderqueer,68,West Claudia,South Australia,201,2021-05-26,2021-06-18,983,486,118.0,1,118.0,Jacket,Puffer,S,violet,46,May,26,Wednesday,23,5
325,Robinetta Deners,Genderqueer,68,West Claudia,South Australia,201,2021-05-26,2021-06-18,981,451,107.0,2,214.0,Jacket,Denim,S,violet,73,May,26,Wednesday,23,5
325,Robinetta Deners,Genderqueer,68,West Claudia,South Australia,201,2021-05-26,2021-06-18,982,27,96.0,2,192.0,Shirt,Oxford Cloth,M,indigo,62,May,26,Wednesday,23,5
325,Robinetta Deners,Genderqueer,68,West Claudia,South Australia,431,2021-04-25,2021-05-09,2140,570,100.0,1,100.0,Jacket,Bomber,XS,yellow,57,April,25,Sunday,14,4
325,Robinetta Deners,Genderqueer,68,West Claudia,South Australia,431,2021-04-25,2021-05-09,2142,69,104.0,2,208.0,Shirt,Dress,XL,violet,77,April,25,Sunday,14,4
325,Robinetta Deners,Genderqueer,68,West Claudia,South Australia,431,2021-04-25,2021-05-09,2143,165,91.0,2,182.0,Shirt,Linen,XS,indigo,70,April,25,Sunday,14,4
325,Robinetta Deners,Genderqueer,68,West Claudia,South Australia,431,2021-04-25,2021-05-09,2141,1212,105.0,1,105.0,Trousers,Pleated,M,blue,66,April,25,Sunday,14,4
325,Robinetta Deners,Genderqueer,68,West Claudia,South Australia,431,2021-04-25,2021-05-09,2144,325,109.0,1,109.0,Shirt,Mandarin Collar,XS,yellow,45,April,25,Sunday,14,4
326,Meade Yglesia,Genderfluid,54,New Masonport,Northern Territory,126,2021-01-31,2021-02-20,592,678,113.0,1,113.0,Jacket,Parka,L,yellow,72,January,31,Sunday,20,1
326,Meade Yglesia,Genderfluid,54,New Masonport,Northern Territory,673,2021-02-05,2021-02-19,3340,1013,106.0,3,318.0,Trousers,Wool,L,violet,61,February,5,Friday,14,2
326,Meade Yglesia,Genderfluid,54,New Masonport,Northern Territory,126,2021-01-31,2021-02-20,593,312,105.0,2,210.0,Shirt,Cuban Collar,M,violet,67,January,31,Sunday,20,1
326,Meade Yglesia,Genderfluid,54,New Masonport,Northern Territory,126,2021-01-31,2021-02-20,595,33,96.0,2,192.0,Shirt,Oxford Cloth,L,violet,73,January,31,Sunday,20,1
326,Meade Yglesia,Genderfluid,54,New Masonport,Northern Territory,126,2021-01-31,2021-02-20,594,444,107.0,2,214.0,Jacket,Denim,XL,blue,80,January,31,Sunday,20,1
326,Meade Yglesia,Genderfluid,54,New Masonport,Northern Territory,126,2021-01-31,2021-02-20,596,613,112.0,2,224.0,Jacket,Cardigan,L,green,63,January,31,Sunday,20,1
326,Meade Yglesia,Genderfluid,54,New Masonport,Northern Territory,673,2021-02-05,2021-02-19,3339,524,102.0,2,204.0,Jacket,Windbreaker,XL,violet,54,February,5,Friday,14,2
326,Meade Yglesia,Genderfluid,54,New Masonport,Northern Territory,673,2021-02-05,2021-02-19,3341,881,94.0,2,188.0,Trousers,Cords,S,orange,59,February,5,Friday,14,2
326,Meade Yglesia,Genderfluid,54,New Masonport,Northern Territory,126,2021-01-31,2021-02-20,597,310,105.0,3,315.0,Shirt,Cuban Collar,XS,violet,49,January,31,Sunday,20,1
326,Meade Yglesia,Genderfluid,54,New Masonport,Northern Territory,673,2021-02-05,2021-02-19,3342,1149,102.0,2,204.0,Trousers,Cargo Pants,XL,indigo,64,February,5,Friday,14,2
326,Meade Yglesia,Genderfluid,54,New Masonport,Northern Territory,673,2021-02-05,2021-02-19,3344,938,96.0,2,192.0,Trousers,Drawstring,L,indigo,77,February,5,Friday,14,2
326,Meade Yglesia,Genderfluid,54,New Masonport,Northern Territory,673,2021-02-05,2021-02-19,3345,1119,115.0,2,230.0,Trousers,Cropped,XL,violet,64,February,5,Friday,14,2
326,Meade Yglesia,Genderfluid,54,New Masonport,Northern Territory,673,2021-02-05,2021-02-19,3343,628,112.0,1,112.0,Jacket,Cardigan,L,violet,66,February,5,Friday,14,2
327,Lynda Seydlitz,Non-binary,71,Port Marcusshire,Western Australia,703,2021-02-07,2021-02-28,3492,205,98.0,3,294.0,Shirt,Camp Collared,XS,violet,72,February,7,Sunday,21,2
327,Lynda Seydlitz,Non-binary,71,Port Marcusshire,Western Australia,634,2021-10-13,2021-10-23,3147,402,119.0,2,238.0,Shirt,Casual Slim Fit,M,green,67,October,13,Wednesday,10,10
327,Lynda Seydlitz,Non-binary,71,Port Marcusshire,Western Australia,634,2021-10-13,2021-10-23,3146,846,113.0,1,113.0,Trousers,Chinos,S,orange,58,October,13,Wednesday,10,10
327,Lynda Seydlitz,Non-binary,71,Port Marcusshire,Western Australia,634,2021-10-13,2021-10-23,3150,968,97.0,1,97.0,Trousers,Slim-Fit,L,blue,49,October,13,Wednesday,10,10
327,Lynda Seydlitz,Non-binary,71,Port Marcusshire,Western Australia,634,2021-10-13,2021-10-23,3143,1123,102.0,1,102.0,Trousers,Cargo Pants,L,red,61,October,13,Wednesday,10,10
327,Lynda Seydlitz,Non-binary,71,Port Marcusshire,Western Australia,634,2021-10-13,2021-10-23,3145,847,113.0,1,113.0,Trousers,Chinos,M,orange,73,October,13,Wednesday,10,10
327,Lynda Seydlitz,Non-binary,71,Port Marcusshire,Western Australia,634,2021-10-13,2021-10-23,3148,1149,102.0,2,204.0,Trousers,Cargo Pants,XL,indigo,64,October,13,Wednesday,10,10
327,Lynda Seydlitz,Non-binary,71,Port Marcusshire,Western Australia,703,2021-02-07,2021-02-28,3493,249,95.0,3,285.0,Shirt,Polo,XL,red,76,February,7,Sunday,21,2
327,Lynda Seydlitz,Non-binary,71,Port Marcusshire,Western Australia,634,2021-10-13,2021-10-23,3149,231,106.0,3,318.0,Shirt,Chambray,S,blue,61,October,13,Wednesday,10,10
327,Lynda Seydlitz,Non-binary,71,Port Marcusshire,Western Australia,634,2021-10-13,2021-10-23,3144,1066,93.0,3,279.0,Trousers,Joggers,S,green,76,October,13,Wednesday,10,10
327,Lynda Seydlitz,Non-binary,71,Port Marcusshire,Western Australia,634,2021-10-13,2021-10-23,3141,1159,99.0,3,297.0,Trousers,High-Waisted,XL,red,80,October,13,Wednesday,10,10
327,Lynda Seydlitz,Non-binary,71,Port Marcusshire,Western Australia,634,2021-10-13,2021-10-23,3142,760,109.0,3,327.0,Jacket,Peacoat,XS,indigo,45,October,13,Wednesday,10,10
327,Lynda Seydlitz,Non-binary,71,Port Marcusshire,Western Australia,703,2021-02-07,2021-02-28,3491,116,92.0,2,184.0,Shirt,Denim,S,yellow,75,February,7,Sunday,21,2
328,Wadsworth Olivier,Non-binary,59,North Elijahshire,Western Australia,659,2021-09-30,2021-10-15,3271,565,100.0,3,300.0,Jacket,Bomber,XS,orange,80,September,30,Thursday,15,9
328,Wadsworth Olivier,Non-binary,59,North Elijahshire,Western Australia,238,2021-03-17,2021-03-27,1157,340,109.0,1,109.0,Shirt,Mandarin Collar,XS,indigo,80,March,17,Wednesday,10,3
328,Wadsworth Olivier,Non-binary,59,North Elijahshire,Western Australia,659,2021-09-30,2021-10-15,3272,1060,93.0,2,186.0,Trousers,Joggers,XS,yellow,62,September,30,Thursday,15,9
328,Wadsworth Olivier,Non-binary,59,North Elijahshire,Western Australia,238,2021-03-17,2021-03-27,1156,179,98.0,2,196.0,Shirt,Camp Collared,XL,red,79,March,17,Wednesday,10,3
328,Wadsworth Olivier,Non-binary,59,North Elijahshire,Western Australia,238,2021-03-17,2021-03-27,1155,313,105.0,3,315.0,Shirt,Cuban Collar,L,violet,78,March,17,Wednesday,10,3
328,Wadsworth Olivier,Non-binary,59,North Elijahshire,Western Australia,238,2021-03-17,2021-03-27,1152,1024,90.0,3,270.0,Trousers,Relaxed Leg,XL,orange,80,March,17,Wednesday,10,3
328,Wadsworth Olivier,Non-binary,59,North Elijahshire,Western Australia,238,2021-03-17,2021-03-27,1153,883,94.0,2,188.0,Trousers,Cords,L,orange,74,March,17,Wednesday,10,3
328,Wadsworth Olivier,Non-binary,59,North Elijahshire,Western Australia,950,2021-10-16,2021-10-31,4734,1073,93.0,3,279.0,Trousers,Joggers,L,blue,75,October,16,Saturday,15,10
328,Wadsworth Olivier,Non-binary,59,North Elijahshire,Western Australia,950,2021-10-16,2021-10-31,4736,170,91.0,3,273.0,Shirt,Linen,XS,violet,56,October,16,Saturday,15,10
328,Wadsworth Olivier,Non-binary,59,North Elijahshire,Western Australia,238,2021-03-17,2021-03-27,1154,101,118.0,3,354.0,Shirt,Flannel,S,violet,70,March,17,Wednesday,10,3
328,Wadsworth Olivier,Non-binary,59,North Elijahshire,Western Australia,950,2021-10-16,2021-10-31,4735,1137,102.0,3,306.0,Trousers,Cargo Pants,M,green,78,October,16,Saturday,15,10
328,Wadsworth Olivier,Non-binary,59,North Elijahshire,Western Australia,659,2021-09-30,2021-10-15,3270,1042,90.0,1,90.0,Trousers,Relaxed Leg,M,indigo,45,September,30,Thursday,15,9
329,Valery Pache,Polygender,53,South Claudialand,Western Australia,275,2021-01-05,2021-01-15,1325,1217,105.0,3,315.0,Trousers,Pleated,M,indigo,48,January,5,Tuesday,10,1
329,Valery Pache,Polygender,53,South Claudialand,Western Australia,275,2021-01-05,2021-01-15,1328,867,113.0,1,113.0,Trousers,Chinos,M,indigo,64,January,5,Tuesday,10,1
329,Valery Pache,Polygender,53,South Claudialand,Western Australia,275,2021-01-05,2021-01-15,1327,420,107.0,2,214.0,Jacket,Denim,XS,red,60,January,5,Tuesday,10,1
329,Valery Pache,Polygender,53,South Claudialand,Western Australia,275,2021-01-05,2021-01-15,1324,4,96.0,3,288.0,Shirt,Oxford Cloth,XL,red,47,January,5,Tuesday,10,1
329,Valery Pache,Polygender,53,South Claudialand,Western Australia,275,2021-01-05,2021-01-15,1326,1190,105.0,3,315.0,Trousers,Pleated,XS,red,42,January,5,Tuesday,10,1
330,Barclay Kinsella,Male,47,Lincolnbury,Victoria,551,2021-09-16,2021-09-18,2755,1091,115.0,3,345.0,Trousers,Cropped,S,orange,78,September,16,Thursday,2,9
331,Binnie Gonzales,Polygender,32,Aidenton,Northern Territory,138,2021-02-05,2021-02-10,649,51,104.0,2,208.0,Shirt,Dress,S,green,60,February,5,Friday,5,2
331,Binnie Gonzales,Polygender,32,Aidenton,Northern Territory,399,2021-10-21,2021-10-30,1987,1239,112.0,3,336.0,Trousers,Tracksuit Bottoms,XL,yellow,59,October,21,Thursday,9,10
331,Binnie Gonzales,Polygender,32,Aidenton,Northern Territory,399,2021-10-21,2021-10-30,1984,593,100.0,1,100.0,Jacket,Bomber,L,violet,68,October,21,Thursday,9,10
331,Binnie Gonzales,Polygender,32,Aidenton,Northern Territory,399,2021-10-21,2021-10-30,1985,865,113.0,2,226.0,Trousers,Chinos,XS,indigo,61,October,21,Thursday,9,10
331,Binnie Gonzales,Polygender,32,Aidenton,Northern Territory,399,2021-10-21,2021-10-30,1986,965,97.0,1,97.0,Trousers,Slim-Fit,XS,blue,55,October,21,Thursday,9,10
331,Binnie Gonzales,Polygender,32,Aidenton,Northern Territory,399,2021-10-21,2021-10-30,1983,305,105.0,3,315.0,Shirt,Cuban Collar,XS,indigo,50,October,21,Thursday,9,10
331,Binnie Gonzales,Polygender,32,Aidenton,Northern Territory,138,2021-02-05,2021-02-10,652,1065,93.0,1,93.0,Trousers,Joggers,XS,green,77,February,5,Friday,5,2
331,Binnie Gonzales,Polygender,32,Aidenton,Northern Territory,138,2021-02-05,2021-02-10,653,383,94.0,2,188.0,Shirt,Henley,L,violet,51,February,5,Friday,5,2
331,Binnie Gonzales,Polygender,32,Aidenton,Northern Territory,138,2021-02-05,2021-02-10,650,518,102.0,3,306.0,Jacket,Windbreaker,L,indigo,67,February,5,Friday,5,2
331,Binnie Gonzales,Polygender,32,Aidenton,Northern Territory,138,2021-02-05,2021-02-10,651,2,96.0,2,192.0,Shirt,Oxford Cloth,M,red,54,February,5,Friday,5,2
332,Carla Walework,Male,75,East George,Northern Territory,58,2021-02-02,2021-02-10,258,1073,93.0,3,279.0,Trousers,Joggers,L,blue,75,February,2,Tuesday,8,2
332,Carla Walework,Male,75,East George,Northern Territory,889,2021-07-31,2021-08-11,4455,577,100.0,2,200.0,Jacket,Bomber,M,green,61,July,31,Saturday,11,7
332,Carla Walework,Male,75,East George,Northern Territory,58,2021-02-02,2021-02-10,259,883,94.0,2,188.0,Trousers,Cords,L,orange,74,February,2,Tuesday,8,2
333,Con Pressdee,Non-binary,57,West Marcus,South Australia,655,2021-05-25,2021-06-06,3253,766,109.0,2,218.0,Jacket,Peacoat,S,violet,73,May,25,Tuesday,12,5
333,Con Pressdee,Non-binary,57,West Marcus,South Australia,655,2021-05-25,2021-06-06,3254,73,118.0,3,354.0,Shirt,Flannel,L,red,77,May,25,Tuesday,12,5
333,Con Pressdee,Non-binary,57,West Marcus,South Australia,655,2021-05-25,2021-06-06,3256,175,98.0,3,294.0,Shirt,Camp Collared,XS,red,77,May,25,Tuesday,12,5
333,Con Pressdee,Non-binary,57,West Marcus,South Australia,655,2021-05-25,2021-06-06,3255,371,94.0,1,94.0,Shirt,Henley,S,blue,75,May,25,Tuesday,12,5
334,Udale Ripping,Agender,68,New Alyssa,Queensland,366,2021-07-15,2021-07-30,1805,350,94.0,3,282.0,Shirt,Henley,XS,red,62,July,15,Thursday,15,7
334,Udale Ripping,Agender,68,New Alyssa,Queensland,366,2021-07-15,2021-07-30,1807,1223,105.0,2,210.0,Trousers,Pleated,L,violet,48,July,15,Thursday,15,7
334,Udale Ripping,Agender,68,New Alyssa,Queensland,366,2021-07-15,2021-07-30,1806,171,91.0,3,273.0,Shirt,Linen,S,violet,44,July,15,Thursday,15,7
334,Udale Ripping,Agender,68,New Alyssa,Queensland,366,2021-07-15,2021-07-30,1804,793,91.0,1,91.0,Jacket,Pullover,L,blue,66,July,15,Thursday,15,7
334,Udale Ripping,Agender,68,New Alyssa,Queensland,366,2021-07-15,2021-07-30,1808,1155,99.0,2,198.0,Trousers,High-Waisted,XS,red,74,July,15,Thursday,15,7
336,Julian Sponer,Male,35,Port Madison,Australian Capital Territory,49,2021-01-22,2021-02-13,228,773,91.0,1,91.0,Jacket,Pullover,L,red,69,January,22,Friday,22,1
336,Julian Sponer,Male,35,Port Madison,Australian Capital Territory,49,2021-01-22,2021-02-13,227,1044,90.0,2,180.0,Trousers,Relaxed Leg,XL,indigo,58,January,22,Friday,22,1
336,Julian Sponer,Male,35,Port Madison,Australian Capital Territory,49,2021-01-22,2021-02-13,226,40,104.0,3,312.0,Shirt,Dress,XS,orange,58,January,22,Friday,22,1
337,Milton Otson,Non-binary,78,Cooperbury,Western Australia,292,2021-03-26,2021-04-04,1429,189,98.0,3,294.0,Shirt,Camp Collared,XL,yellow,44,March,26,Friday,9,3
337,Milton Otson,Non-binary,78,Cooperbury,Western Australia,292,2021-03-26,2021-04-04,1426,692,113.0,3,339.0,Jacket,Parka,M,indigo,66,March,26,Friday,9,3
337,Milton Otson,Non-binary,78,Cooperbury,Western Australia,292,2021-03-26,2021-04-04,1427,1246,112.0,1,112.0,Trousers,Tracksuit Bottoms,S,blue,48,March,26,Friday,9,3
337,Milton Otson,Non-binary,78,Cooperbury,Western Australia,292,2021-03-26,2021-04-04,1428,925,96.0,2,192.0,Trousers,Drawstring,XS,green,57,March,26,Friday,9,3
337,Milton Otson,Non-binary,78,Cooperbury,Western Australia,292,2021-03-26,2021-04-04,1430,1250,112.0,2,224.0,Trousers,Tracksuit Bottoms,XS,indigo,63,March,26,Friday,9,3
337,Milton Otson,Non-binary,78,Cooperbury,Western Australia,292,2021-03-26,2021-04-04,1425,946,97.0,3,291.0,Trousers,Slim-Fit,S,red,71,March,26,Friday,9,3
338,Eve Stutard,Female,75,Monahanberg,New South Wales,831,2021-08-04,2021-08-20,4172,533,98.0,1,98.0,Jacket,Leather,L,orange,78,August,4,Wednesday,16,8
338,Eve Stutard,Female,75,Monahanberg,New South Wales,831,2021-08-04,2021-08-20,4174,574,100.0,3,300.0,Jacket,Bomber,XL,yellow,50,August,4,Wednesday,16,8
338,Eve Stutard,Female,75,Monahanberg,New South Wales,831,2021-08-04,2021-08-20,4176,40,104.0,2,208.0,Shirt,Dress,XS,orange,58,August,4,Wednesday,16,8
338,Eve Stutard,Female,75,Monahanberg,New South Wales,831,2021-08-04,2021-08-20,4175,351,94.0,2,188.0,Shirt,Henley,S,red,60,August,4,Wednesday,16,8
338,Eve Stutard,Female,75,Monahanberg,New South Wales,831,2021-08-04,2021-08-20,4173,653,93.0,2,186.0,Jacket,Coach,L,blue,80,August,4,Wednesday,16,8
341,Cherlyn Asmus,Female,34,Jasmineville,Victoria,387,2021-06-11,2021-06-14,1930,82,118.0,1,118.0,Shirt,Flannel,M,yellow,59,June,11,Friday,3,6
341,Cherlyn Asmus,Female,34,Jasmineville,Victoria,337,2021-08-02,2021-08-04,1651,389,119.0,1,119.0,Shirt,Casual Slim Fit,XL,red,47,August,2,Monday,2,8
341,Cherlyn Asmus,Female,34,Jasmineville,Victoria,337,2021-08-02,2021-08-04,1647,922,96.0,2,192.0,Trousers,Drawstring,M,yellow,55,August,2,Monday,2,8
341,Cherlyn Asmus,Female,34,Jasmineville,Victoria,337,2021-08-02,2021-08-04,1650,460,118.0,2,236.0,Jacket,Puffer,XS,orange,47,August,2,Monday,2,8
341,Cherlyn Asmus,Female,34,Jasmineville,Victoria,337,2021-08-02,2021-08-04,1649,161,91.0,1,91.0,Shirt,Linen,S,blue,77,August,2,Monday,2,8
341,Cherlyn Asmus,Female,34,Jasmineville,Victoria,337,2021-08-02,2021-08-04,1652,662,93.0,2,186.0,Jacket,Coach,M,violet,74,August,2,Monday,2,8
341,Cherlyn Asmus,Female,34,Jasmineville,Victoria,687,2021-03-30,2021-04-12,3408,864,113.0,2,226.0,Trousers,Chinos,XL,blue,48,March,30,Tuesday,13,3
341,Cherlyn Asmus,Female,34,Jasmineville,Victoria,387,2021-06-11,2021-06-14,1926,376,94.0,3,282.0,Shirt,Henley,S,indigo,45,June,11,Friday,3,6
341,Cherlyn Asmus,Female,34,Jasmineville,Victoria,687,2021-03-30,2021-04-12,3405,154,91.0,2,182.0,Shirt,Linen,XL,yellow,54,March,30,Tuesday,13,3
341,Cherlyn Asmus,Female,34,Jasmineville,Victoria,687,2021-03-30,2021-04-12,3403,1086,115.0,3,345.0,Trousers,Cropped,S,red,47,March,30,Tuesday,13,3
341,Cherlyn Asmus,Female,34,Jasmineville,Victoria,387,2021-06-11,2021-06-14,1931,283,105.0,2,210.0,Shirt,Cuban Collar,L,red,45,June,11,Friday,3,6
341,Cherlyn Asmus,Female,34,Jasmineville,Victoria,387,2021-06-11,2021-06-14,1929,256,95.0,1,95.0,Shirt,Polo,S,yellow,77,June,11,Friday,3,6
341,Cherlyn Asmus,Female,34,Jasmineville,Victoria,387,2021-06-11,2021-06-14,1927,969,97.0,3,291.0,Trousers,Slim-Fit,XL,blue,47,June,11,Friday,3,6
341,Cherlyn Asmus,Female,34,Jasmineville,Victoria,387,2021-06-11,2021-06-14,1928,415,119.0,1,119.0,Shirt,Casual Slim Fit,XS,violet,55,June,11,Friday,3,6
341,Cherlyn Asmus,Female,34,Jasmineville,Victoria,687,2021-03-30,2021-04-12,3406,799,91.0,1,91.0,Jacket,Pullover,XL,indigo,43,March,30,Tuesday,13,3
341,Cherlyn Asmus,Female,34,Jasmineville,Victoria,337,2021-08-02,2021-08-04,1648,264,95.0,2,190.0,Shirt,Polo,XL,green,61,August,2,Monday,2,8
341,Cherlyn Asmus,Female,34,Jasmineville,Victoria,687,2021-03-30,2021-04-12,3407,768,109.0,2,218.0,Jacket,Peacoat,L,violet,65,March,30,Tuesday,13,3
341,Cherlyn Asmus,Female,34,Jasmineville,Victoria,687,2021-03-30,2021-04-12,3404,564,100.0,1,100.0,Jacket,Bomber,XL,red,62,March,30,Tuesday,13,3
342,Tymothy Linsay,Genderqueer,45,Barrowschester,Victoria,867,2021-03-23,2021-04-07,4337,129,92.0,1,92.0,Shirt,Denim,XL,blue,73,March,23,Tuesday,15,3
342,Tymothy Linsay,Genderqueer,45,Barrowschester,Victoria,867,2021-03-23,2021-04-07,4338,430,107.0,2,214.0,Jacket,Denim,XS,yellow,52,March,23,Tuesday,15,3
342,Tymothy Linsay,Genderqueer,45,Barrowschester,Victoria,867,2021-03-23,2021-04-07,4339,545,98.0,1,98.0,Jacket,Leather,XS,blue,77,March,23,Tuesday,15,3
342,Tymothy Linsay,Genderqueer,45,Barrowschester,Victoria,867,2021-03-23,2021-04-07,4340,723,119.0,1,119.0,Jacket,Trench Coat,L,blue,50,March,23,Tuesday,15,3
342,Tymothy Linsay,Genderqueer,45,Barrowschester,Victoria,867,2021-03-23,2021-04-07,4336,930,96.0,1,96.0,Trousers,Drawstring,XS,blue,45,March,23,Tuesday,15,3
342,Tymothy Linsay,Genderqueer,45,Barrowschester,Victoria,867,2021-03-23,2021-04-07,4341,19,96.0,1,96.0,Shirt,Oxford Cloth,XL,green,42,March,23,Tuesday,15,3
343,Violet Alwen,Non-binary,47,Lake Charli,Northern Territory,528,2021-09-16,2021-10-07,2637,297,105.0,2,210.0,Shirt,Cuban Collar,M,green,45,September,16,Thursday,21,9
343,Violet Alwen,Non-binary,47,Lake Charli,Northern Territory,528,2021-09-16,2021-10-07,2642,1168,99.0,2,198.0,Trousers,High-Waisted,L,yellow,77,September,16,Thursday,21,9
343,Violet Alwen,Non-binary,47,Lake Charli,Northern Territory,528,2021-09-16,2021-10-07,2638,366,94.0,2,188.0,Shirt,Henley,S,green,68,September,16,Thursday,21,9
343,Violet Alwen,Non-binary,47,Lake Charli,Northern Territory,528,2021-09-16,2021-10-07,2640,472,118.0,3,354.0,Jacket,Puffer,M,green,72,September,16,Thursday,21,9
343,Violet Alwen,Non-binary,47,Lake Charli,Northern Territory,528,2021-09-16,2021-10-07,2639,895,94.0,1,94.0,Trousers,Cords,XS,blue,60,September,16,Thursday,21,9
343,Violet Alwen,Non-binary,47,Lake Charli,Northern Territory,528,2021-09-16,2021-10-07,2641,1089,115.0,1,115.0,Trousers,Cropped,XL,red,78,September,16,Thursday,21,9
345,Merrielle Piken,Genderqueer,62,Audreyfurt,Victoria,996,2021-01-13,2021-02-02,4986,1053,93.0,1,93.0,Trousers,Joggers,L,red,63,January,13,Wednesday,20,1
345,Merrielle Piken,Genderqueer,62,Audreyfurt,Victoria,996,2021-01-13,2021-02-02,4988,53,104.0,2,208.0,Shirt,Dress,L,green,52,January,13,Wednesday,20,1
345,Merrielle Piken,Genderqueer,62,Audreyfurt,Victoria,996,2021-01-13,2021-02-02,4987,381,94.0,1,94.0,Shirt,Henley,S,violet,43,January,13,Wednesday,20,1
345,Merrielle Piken,Genderqueer,62,Audreyfurt,Victoria,996,2021-01-13,2021-02-02,4982,794,91.0,2,182.0,Jacket,Pullover,XL,blue,74,January,13,Wednesday,20,1
345,Merrielle Piken,Genderqueer,62,Audreyfurt,Victoria,996,2021-01-13,2021-02-02,4985,1011,106.0,3,318.0,Trousers,Wool,S,violet,59,January,13,Wednesday,20,1
345,Merrielle Piken,Genderqueer,62,Audreyfurt,Victoria,996,2021-01-13,2021-02-02,4984,1144,102.0,1,102.0,Trousers,Cargo Pants,XL,blue,57,January,13,Wednesday,20,1
345,Merrielle Piken,Genderqueer,62,Audreyfurt,Victoria,996,2021-01-13,2021-02-02,4983,1034,90.0,2,180.0,Trousers,Relaxed Leg,XL,green,64,January,13,Wednesday,20,1
345,Merrielle Piken,Genderqueer,62,Audreyfurt,Victoria,996,2021-01-13,2021-02-02,4981,379,94.0,3,282.0,Shirt,Henley,XL,indigo,52,January,13,Wednesday,20,1
346,Kerianne Parris,Genderqueer,40,Olsonbury,Northern Territory,997,2021-01-18,2021-01-31,4989,509,102.0,1,102.0,Jacket,Windbreaker,XL,green,71,January,18,Monday,13,1
346,Kerianne Parris,Genderqueer,40,Olsonbury,Northern Territory,997,2021-01-18,2021-01-31,4990,514,102.0,1,102.0,Jacket,Windbreaker,XL,blue,59,January,18,Monday,13,1
347,Lyn Bouts,Female,20,Levihaven,Victoria,544,2021-03-05,2021-03-14,2717,1080,93.0,3,279.0,Trousers,Joggers,XS,violet,50,March,5,Friday,9,3
347,Lyn Bouts,Female,20,Levihaven,Victoria,544,2021-03-05,2021-03-14,2719,631,93.0,3,279.0,Jacket,Coach,S,red,76,March,5,Friday,9,3
347,Lyn Bouts,Female,20,Levihaven,Victoria,544,2021-03-05,2021-03-14,2714,337,109.0,1,109.0,Shirt,Mandarin Collar,M,blue,76,March,5,Friday,9,3
347,Lyn Bouts,Female,20,Levihaven,Victoria,544,2021-03-05,2021-03-14,2716,616,112.0,3,336.0,Jacket,Cardigan,S,blue,53,March,5,Friday,9,3
347,Lyn Bouts,Female,20,Levihaven,Victoria,544,2021-03-05,2021-03-14,2715,580,100.0,1,100.0,Jacket,Bomber,XS,blue,44,March,5,Friday,9,3
347,Lyn Bouts,Female,20,Levihaven,Victoria,544,2021-03-05,2021-03-14,2720,350,94.0,2,188.0,Shirt,Henley,XS,red,62,March,5,Friday,9,3
347,Lyn Bouts,Female,20,Levihaven,Victoria,544,2021-03-05,2021-03-14,2718,75,118.0,2,236.0,Shirt,Flannel,XS,orange,42,March,5,Friday,9,3
348,Thorny Nornable,Genderqueer,76,Rubyfort,Tasmania,342,2021-08-24,2021-09-08,1678,1066,93.0,1,93.0,Trousers,Joggers,S,green,76,August,24,Tuesday,15,8
348,Thorny Nornable,Genderqueer,76,Rubyfort,Tasmania,342,2021-08-24,2021-09-08,1679,1149,102.0,2,204.0,Trousers,Cargo Pants,XL,indigo,64,August,24,Tuesday,15,8
348,Thorny Nornable,Genderqueer,76,Rubyfort,Tasmania,342,2021-08-24,2021-09-08,1680,1016,90.0,3,270.0,Trousers,Relaxed Leg,S,red,70,August,24,Tuesday,15,8
348,Thorny Nornable,Genderqueer,76,Rubyfort,Tasmania,342,2021-08-24,2021-09-08,1681,596,112.0,1,112.0,Jacket,Cardigan,S,red,47,August,24,Tuesday,15,8
348,Thorny Nornable,Genderqueer,76,Rubyfort,Tasmania,342,2021-08-24,2021-09-08,1677,919,96.0,3,288.0,Trousers,Drawstring,XL,orange,68,August,24,Tuesday,15,8
348,Thorny Nornable,Genderqueer,76,Rubyfort,Tasmania,841,2021-06-29,2021-07-12,4226,409,119.0,2,238.0,Shirt,Casual Slim Fit,XL,blue,68,June,29,Tuesday,13,6
348,Thorny Nornable,Genderqueer,76,Rubyfort,Tasmania,342,2021-08-24,2021-09-08,1682,490,102.0,2,204.0,Jacket,Windbreaker,XS,red,79,August,24,Tuesday,15,8
348,Thorny Nornable,Genderqueer,76,Rubyfort,Tasmania,841,2021-06-29,2021-07-12,4222,473,118.0,1,118.0,Jacket,Puffer,L,green,43,June,29,Tuesday,13,6
348,Thorny Nornable,Genderqueer,76,Rubyfort,Tasmania,841,2021-06-29,2021-07-12,4224,1175,99.0,1,99.0,Trousers,High-Waisted,XS,blue,51,June,29,Tuesday,13,6
348,Thorny Nornable,Genderqueer,76,Rubyfort,Tasmania,841,2021-06-29,2021-07-12,4225,501,102.0,3,306.0,Jacket,Windbreaker,S,yellow,66,June,29,Tuesday,13,6
348,Thorny Nornable,Genderqueer,76,Rubyfort,Tasmania,841,2021-06-29,2021-07-12,4223,162,91.0,2,182.0,Shirt,Linen,M,blue,58,June,29,Tuesday,13,6
348,Thorny Nornable,Genderqueer,76,Rubyfort,Tasmania,775,2021-06-11,2021-07-05,3871,1139,102.0,3,306.0,Trousers,Cargo Pants,XL,green,65,June,11,Friday,24,6
348,Thorny Nornable,Genderqueer,76,Rubyfort,Tasmania,775,2021-06-11,2021-07-05,3870,697,113.0,1,113.0,Jacket,Parka,M,violet,75,June,11,Friday,24,6
348,Thorny Nornable,Genderqueer,76,Rubyfort,Tasmania,775,2021-06-11,2021-07-05,3869,1039,90.0,1,90.0,Trousers,Relaxed Leg,XL,blue,40,June,11,Friday,24,6
348,Thorny Nornable,Genderqueer,76,Rubyfort,Tasmania,775,2021-06-11,2021-07-05,3868,619,112.0,3,336.0,Jacket,Cardigan,XL,blue,57,June,11,Friday,24,6
348,Thorny Nornable,Genderqueer,76,Rubyfort,Tasmania,775,2021-06-11,2021-07-05,3867,1214,105.0,2,210.0,Trousers,Pleated,XL,blue,55,June,11,Friday,24,6
348,Thorny Nornable,Genderqueer,76,Rubyfort,Tasmania,841,2021-06-29,2021-07-12,4220,866,113.0,1,113.0,Trousers,Chinos,S,indigo,67,June,29,Tuesday,13,6
348,Thorny Nornable,Genderqueer,76,Rubyfort,Tasmania,841,2021-06-29,2021-07-12,4221,203,98.0,1,98.0,Shirt,Camp Collared,L,indigo,72,June,29,Tuesday,13,6
348,Thorny Nornable,Genderqueer,76,Rubyfort,Tasmania,310,2021-04-25,2021-05-15,1508,1036,90.0,2,180.0,Trousers,Relaxed Leg,S,blue,57,April,25,Sunday,20,4
348,Thorny Nornable,Genderqueer,76,Rubyfort,Tasmania,310,2021-04-25,2021-05-15,1509,78,118.0,1,118.0,Shirt,Flannel,L,orange,59,April,25,Sunday,20,4
348,Thorny Nornable,Genderqueer,76,Rubyfort,Tasmania,310,2021-04-25,2021-05-15,1510,1105,115.0,3,345.0,Trousers,Cropped,XS,blue,47,April,25,Sunday,20,4
348,Thorny Nornable,Genderqueer,76,Rubyfort,Tasmania,310,2021-04-25,2021-05-15,1511,870,113.0,2,226.0,Trousers,Chinos,XS,violet,72,April,25,Sunday,20,4
348,Thorny Nornable,Genderqueer,76,Rubyfort,Tasmania,626,2021-09-30,2021-10-17,3104,493,102.0,3,306.0,Jacket,Windbreaker,L,red,40,September,30,Thursday,17,9
348,Thorny Nornable,Genderqueer,76,Rubyfort,Tasmania,626,2021-09-30,2021-10-17,3105,934,96.0,3,288.0,Trousers,Drawstring,XL,blue,60,September,30,Thursday,17,9
348,Thorny Nornable,Genderqueer,76,Rubyfort,Tasmania,626,2021-09-30,2021-10-17,3106,1040,90.0,1,90.0,Trousers,Relaxed Leg,XS,indigo,60,September,30,Thursday,17,9
348,Thorny Nornable,Genderqueer,76,Rubyfort,Tasmania,310,2021-04-25,2021-05-15,1507,640,93.0,2,186.0,Jacket,Coach,XS,yellow,52,April,25,Sunday,20,4
350,Dani Hawtin,Bigender,23,North Alex,Victoria,891,2021-08-12,2021-08-14,4470,193,98.0,3,294.0,Shirt,Camp Collared,L,green,80,August,12,Thursday,2,8
350,Dani Hawtin,Bigender,23,North Alex,Victoria,891,2021-08-12,2021-08-14,4467,676,113.0,1,113.0,Jacket,Parka,S,yellow,80,August,12,Thursday,2,8
350,Dani Hawtin,Bigender,23,North Alex,Victoria,891,2021-08-12,2021-08-14,4466,442,107.0,3,321.0,Jacket,Denim,M,blue,61,August,12,Thursday,2,8
350,Dani Hawtin,Bigender,23,North Alex,Victoria,891,2021-08-12,2021-08-14,4469,71,118.0,3,354.0,Shirt,Flannel,S,red,59,August,12,Thursday,2,8
350,Dani Hawtin,Bigender,23,North Alex,Victoria,891,2021-08-12,2021-08-14,4468,514,102.0,2,204.0,Jacket,Windbreaker,XL,blue,59,August,12,Thursday,2,8
352,Justin Marden,Bigender,31,Port Ashtonhaven,Queensland,495,2021-08-10,2021-08-19,2442,779,91.0,3,273.0,Jacket,Pullover,XL,orange,69,August,10,Tuesday,9,8
352,Justin Marden,Bigender,31,Port Ashtonhaven,Queensland,495,2021-08-10,2021-08-19,2444,819,117.0,1,117.0,Jacket,Shearling,XL,yellow,63,August,10,Tuesday,9,8
352,Justin Marden,Bigender,31,Port Ashtonhaven,Queensland,495,2021-08-10,2021-08-19,2443,363,94.0,2,188.0,Shirt,Henley,L,yellow,62,August,10,Tuesday,9,8
357,Crawford Bolden,Polygender,41,North Kaylastad,Australian Capital Territory,151,2021-08-08,2021-09-01,709,287,105.0,3,315.0,Shirt,Cuban Collar,M,orange,49,August,8,Sunday,24,8
357,Crawford Bolden,Polygender,41,North Kaylastad,Australian Capital Territory,151,2021-08-08,2021-09-01,710,992,106.0,1,106.0,Trousers,Wool,M,yellow,43,August,8,Sunday,24,8
357,Crawford Bolden,Polygender,41,North Kaylastad,Australian Capital Territory,151,2021-08-08,2021-09-01,707,772,91.0,1,91.0,Jacket,Pullover,M,red,55,August,8,Sunday,24,8
357,Crawford Bolden,Polygender,41,North Kaylastad,Australian Capital Territory,151,2021-08-08,2021-09-01,708,842,113.0,2,226.0,Trousers,Chinos,M,red,54,August,8,Sunday,24,8
358,Jermaine Goranov,Genderfluid,64,Kreigerbury,Northern Territory,35,2021-08-31,2021-09-07,161,527,98.0,1,98.0,Jacket,Leather,M,red,54,August,31,Tuesday,7,8
358,Jermaine Goranov,Genderfluid,64,Kreigerbury,Northern Territory,35,2021-08-31,2021-09-07,160,991,106.0,2,212.0,Trousers,Wool,S,yellow,69,August,31,Tuesday,7,8
358,Jermaine Goranov,Genderfluid,64,Kreigerbury,Northern Territory,35,2021-08-31,2021-09-07,163,1043,90.0,1,90.0,Trousers,Relaxed Leg,L,indigo,48,August,31,Tuesday,7,8
358,Jermaine Goranov,Genderfluid,64,Kreigerbury,Northern Territory,35,2021-08-31,2021-09-07,166,671,113.0,3,339.0,Jacket,Parka,S,orange,72,August,31,Tuesday,7,8
358,Jermaine Goranov,Genderfluid,64,Kreigerbury,Northern Territory,35,2021-08-31,2021-09-07,165,302,105.0,1,105.0,Shirt,Cuban Collar,M,blue,55,August,31,Tuesday,7,8
358,Jermaine Goranov,Genderfluid,64,Kreigerbury,Northern Territory,35,2021-08-31,2021-09-07,162,1257,112.0,2,224.0,Trousers,Tracksuit Bottoms,M,violet,73,August,31,Tuesday,7,8
358,Jermaine Goranov,Genderfluid,64,Kreigerbury,Northern Territory,35,2021-08-31,2021-09-07,164,549,98.0,1,98.0,Jacket,Leather,XL,blue,67,August,31,Tuesday,7,8
359,Augustin Brandenberg,Genderfluid,28,East Lauren,Victoria,984,2021-09-23,2021-09-30,4922,230,106.0,3,318.0,Shirt,Chambray,XS,blue,76,September,23,Thursday,7,9
359,Augustin Brandenberg,Genderfluid,28,East Lauren,Victoria,984,2021-09-23,2021-09-30,4924,585,100.0,3,300.0,Jacket,Bomber,XS,indigo,59,September,23,Thursday,7,9
359,Augustin Brandenberg,Genderfluid,28,East Lauren,Victoria,984,2021-09-23,2021-09-30,4921,62,104.0,2,208.0,Shirt,Dress,M,indigo,51,September,23,Thursday,7,9
359,Augustin Brandenberg,Genderfluid,28,East Lauren,Victoria,984,2021-09-23,2021-09-30,4923,302,105.0,3,315.0,Shirt,Cuban Collar,M,blue,55,September,23,Thursday,7,9
359,Augustin Brandenberg,Genderfluid,28,East Lauren,Victoria,984,2021-09-23,2021-09-30,4918,1221,105.0,3,315.0,Trousers,Pleated,S,violet,50,September,23,Thursday,7,9
359,Augustin Brandenberg,Genderfluid,28,East Lauren,Victoria,984,2021-09-23,2021-09-30,4920,369,94.0,3,282.0,Shirt,Henley,XL,green,64,September,23,Thursday,7,9
359,Augustin Brandenberg,Genderfluid,28,East Lauren,Victoria,984,2021-09-23,2021-09-30,4919,1229,112.0,3,336.0,Trousers,Tracksuit Bottoms,XL,red,45,September,23,Thursday,7,9
360,Iain Fellnee,Male,68,Kingmouth,Northern Territory,883,2021-02-27,2021-03-05,4429,883,94.0,3,282.0,Trousers,Cords,L,orange,74,February,27,Saturday,6,2
360,Iain Fellnee,Male,68,Kingmouth,Northern Territory,883,2021-02-27,2021-03-05,4423,1057,93.0,1,93.0,Trousers,Joggers,M,orange,52,February,27,Saturday,6,2
360,Iain Fellnee,Male,68,Kingmouth,Northern Territory,883,2021-02-27,2021-03-05,4424,120,92.0,2,184.0,Shirt,Denim,XS,green,66,February,27,Saturday,6,2
360,Iain Fellnee,Male,68,Kingmouth,Northern Territory,883,2021-02-27,2021-03-05,4425,155,91.0,2,182.0,Shirt,Linen,XS,green,49,February,27,Saturday,6,2
360,Iain Fellnee,Male,68,Kingmouth,Northern Territory,883,2021-02-27,2021-03-05,4427,361,94.0,1,94.0,Shirt,Henley,S,yellow,70,February,27,Saturday,6,2
360,Iain Fellnee,Male,68,Kingmouth,Northern Territory,883,2021-02-27,2021-03-05,4426,950,97.0,3,291.0,Trousers,Slim-Fit,XS,orange,69,February,27,Saturday,6,2
360,Iain Fellnee,Male,68,Kingmouth,Northern Territory,883,2021-02-27,2021-03-05,4428,511,102.0,3,306.0,Jacket,Windbreaker,S,blue,41,February,27,Saturday,6,2
362,Persis Linch,Genderqueer,39,West Zoeberg,Queensland,960,2021-09-19,2021-10-07,4786,147,91.0,1,91.0,Shirt,Linen,M,orange,42,September,19,Sunday,18,9
362,Persis Linch,Genderqueer,39,West Zoeberg,Queensland,960,2021-09-19,2021-10-07,4783,313,105.0,3,315.0,Shirt,Cuban Collar,L,violet,78,September,19,Sunday,18,9
362,Persis Linch,Genderqueer,39,West Zoeberg,Queensland,960,2021-09-19,2021-10-07,4784,535,98.0,3,294.0,Jacket,Leather,XS,yellow,73,September,19,Sunday,18,9
362,Persis Linch,Genderqueer,39,West Zoeberg,Queensland,960,2021-09-19,2021-10-07,4785,1012,106.0,3,318.0,Trousers,Wool,M,violet,51,September,19,Sunday,18,9
362,Persis Linch,Genderqueer,39,West Zoeberg,Queensland,960,2021-09-19,2021-10-07,4788,606,112.0,1,112.0,Jacket,Cardigan,S,yellow,79,September,19,Sunday,18,9
362,Persis Linch,Genderqueer,39,West Zoeberg,Queensland,960,2021-09-19,2021-10-07,4787,45,104.0,2,208.0,Shirt,Dress,XS,yellow,69,September,19,Sunday,18,9
364,Konstantin Kuhlmey,Polygender,28,Swiftfort,New South Wales,290,2021-08-01,2021-08-16,1416,916,96.0,2,192.0,Trousers,Drawstring,S,orange,58,August,1,Sunday,15,8
364,Konstantin Kuhlmey,Polygender,28,Swiftfort,New South Wales,290,2021-08-01,2021-08-16,1414,780,91.0,1,91.0,Jacket,Pullover,XS,yellow,65,August,1,Sunday,15,8
364,Konstantin Kuhlmey,Polygender,28,Swiftfort,New South Wales,290,2021-08-01,2021-08-16,1415,770,91.0,3,273.0,Jacket,Pullover,XS,red,54,August,1,Sunday,15,8
364,Konstantin Kuhlmey,Polygender,28,Swiftfort,New South Wales,290,2021-08-01,2021-08-16,1417,843,113.0,3,339.0,Trousers,Chinos,L,red,44,August,1,Sunday,15,8
364,Konstantin Kuhlmey,Polygender,28,Swiftfort,New South Wales,290,2021-08-01,2021-08-16,1418,143,91.0,1,91.0,Shirt,Linen,L,red,80,August,1,Sunday,15,8
365,Tammie Gavrielli,Genderqueer,25,Jacobsshire,Tasmania,851,2021-04-23,2021-05-02,4275,437,107.0,1,107.0,Jacket,Denim,M,green,79,April,23,Friday,9,4
365,Tammie Gavrielli,Genderqueer,25,Jacobsshire,Tasmania,851,2021-04-23,2021-05-02,4276,1173,99.0,1,99.0,Trousers,High-Waisted,L,green,75,April,23,Friday,9,4
365,Tammie Gavrielli,Genderqueer,25,Jacobsshire,Tasmania,851,2021-04-23,2021-05-02,4273,1031,90.0,3,270.0,Trousers,Relaxed Leg,S,green,51,April,23,Friday,9,4
365,Tammie Gavrielli,Genderqueer,25,Jacobsshire,Tasmania,851,2021-04-23,2021-05-02,4274,1074,93.0,3,279.0,Trousers,Joggers,XL,blue,52,April,23,Friday,9,4
366,Geraldine Naulty,Agender,64,Youngview,Victoria,104,2021-06-05,2021-06-23,470,1182,99.0,1,99.0,Trousers,High-Waisted,M,indigo,61,June,5,Saturday,18,6
366,Geraldine Naulty,Agender,64,Youngview,Victoria,104,2021-06-05,2021-06-23,473,927,96.0,3,288.0,Trousers,Drawstring,M,green,52,June,5,Saturday,18,6
366,Geraldine Naulty,Agender,64,Youngview,Victoria,104,2021-06-05,2021-06-23,472,1066,93.0,1,93.0,Trousers,Joggers,S,green,76,June,5,Saturday,18,6
366,Geraldine Naulty,Agender,64,Youngview,Victoria,104,2021-06-05,2021-06-23,475,1098,115.0,2,230.0,Trousers,Cropped,L,yellow,60,June,5,Saturday,18,6
366,Geraldine Naulty,Agender,64,Youngview,Victoria,104,2021-06-05,2021-06-23,474,385,119.0,1,119.0,Shirt,Casual Slim Fit,XS,red,49,June,5,Saturday,18,6
366,Geraldine Naulty,Agender,64,Youngview,Victoria,104,2021-06-05,2021-06-23,471,67,104.0,3,312.0,Shirt,Dress,M,violet,41,June,5,Saturday,18,6
367,Hildagarde Dell 'Orto,Bigender,51,Jasperside,South Australia,964,2021-07-08,2021-07-16,4805,39,104.0,1,104.0,Shirt,Dress,XL,red,47,July,8,Thursday,8,7
367,Hildagarde Dell 'Orto,Bigender,51,Jasperside,South Australia,333,2021-10-18,2021-11-09,1630,124,92.0,3,276.0,Shirt,Denim,XL,green,52,October,18,Monday,22,10
367,Hildagarde Dell 'Orto,Bigender,51,Jasperside,South Australia,333,2021-10-18,2021-11-09,1625,196,98.0,1,98.0,Shirt,Camp Collared,S,blue,75,October,18,Monday,22,10
367,Hildagarde Dell 'Orto,Bigender,51,Jasperside,South Australia,333,2021-10-18,2021-11-09,1631,452,107.0,3,321.0,Jacket,Denim,M,violet,43,October,18,Monday,22,10
367,Hildagarde Dell 'Orto,Bigender,51,Jasperside,South Australia,333,2021-10-18,2021-11-09,1627,885,94.0,3,282.0,Trousers,Cords,XS,yellow,69,October,18,Monday,22,10
367,Hildagarde Dell 'Orto,Bigender,51,Jasperside,South Australia,333,2021-10-18,2021-11-09,1628,903,94.0,1,94.0,Trousers,Cords,L,indigo,62,October,18,Monday,22,10
367,Hildagarde Dell 'Orto,Bigender,51,Jasperside,South Australia,964,2021-07-08,2021-07-16,4807,1055,93.0,1,93.0,Trousers,Joggers,XS,orange,65,July,8,Thursday,8,7
367,Hildagarde Dell 'Orto,Bigender,51,Jasperside,South Australia,964,2021-07-08,2021-07-16,4806,1238,112.0,1,112.0,Trousers,Tracksuit Bottoms,L,yellow,41,July,8,Thursday,8,7
367,Hildagarde Dell 'Orto,Bigender,51,Jasperside,South Australia,333,2021-10-18,2021-11-09,1629,822,117.0,1,117.0,Jacket,Shearling,M,green,59,October,18,Monday,22,10
367,Hildagarde Dell 'Orto,Bigender,51,Jasperside,South Australia,333,2021-10-18,2021-11-09,1626,1092,115.0,3,345.0,Trousers,Cropped,M,orange,56,October,18,Monday,22,10
368,Mady Greenleaf,Genderfluid,61,South Chelseaton,Australian Capital Territory,222,2021-09-08,2021-10-05,1081,490,102.0,3,306.0,Jacket,Windbreaker,XS,red,79,September,8,Wednesday,27,9
368,Mady Greenleaf,Genderfluid,61,South Chelseaton,Australian Capital Territory,222,2021-09-08,2021-10-05,1080,796,91.0,2,182.0,Jacket,Pullover,S,indigo,44,September,8,Wednesday,27,9
368,Mady Greenleaf,Genderfluid,61,South Chelseaton,Australian Capital Territory,222,2021-09-08,2021-10-05,1079,908,94.0,3,282.0,Trousers,Cords,L,violet,74,September,8,Wednesday,27,9
369,Ephrem Hambers,Female,46,New Stellastad,Australian Capital Territory,203,2021-06-21,2021-07-11,991,1058,93.0,2,186.0,Trousers,Joggers,L,orange,49,June,21,Monday,20,6
369,Ephrem Hambers,Female,46,New Stellastad,Australian Capital Territory,203,2021-06-21,2021-07-11,990,574,100.0,1,100.0,Jacket,Bomber,XL,yellow,50,June,21,Monday,20,6
369,Ephrem Hambers,Female,46,New Stellastad,Australian Capital Territory,203,2021-06-21,2021-07-11,992,1170,99.0,2,198.0,Trousers,High-Waisted,XS,green,42,June,21,Monday,20,6
369,Ephrem Hambers,Female,46,New Stellastad,Australian Capital Territory,203,2021-06-21,2021-07-11,993,1229,112.0,1,112.0,Trousers,Tracksuit Bottoms,XL,red,45,June,21,Monday,20,6
369,Ephrem Hambers,Female,46,New Stellastad,Australian Capital Territory,203,2021-06-21,2021-07-11,994,1104,115.0,3,345.0,Trousers,Cropped,XL,green,49,June,21,Monday,20,6
369,Ephrem Hambers,Female,46,New Stellastad,Australian Capital Territory,646,2021-05-08,2021-05-28,3210,367,94.0,3,282.0,Shirt,Henley,M,green,65,May,8,Saturday,20,5
369,Ephrem Hambers,Female,46,New Stellastad,Australian Capital Territory,646,2021-05-08,2021-05-28,3211,186,98.0,1,98.0,Shirt,Camp Collared,S,yellow,66,May,8,Saturday,20,5
369,Ephrem Hambers,Female,46,New Stellastad,Australian Capital Territory,646,2021-05-08,2021-05-28,3212,411,119.0,3,357.0,Shirt,Casual Slim Fit,S,indigo,65,May,8,Saturday,20,5
370,Hildegarde Bamlett,Agender,38,Abbottbury,Australian Capital Territory,954,2021-03-28,2021-04-15,4762,586,100.0,3,300.0,Jacket,Bomber,S,indigo,41,March,28,Sunday,18,3
370,Hildegarde Bamlett,Agender,38,Abbottbury,Australian Capital Territory,954,2021-03-28,2021-04-15,4758,942,96.0,2,192.0,Trousers,Drawstring,M,violet,73,March,28,Sunday,18,3
370,Hildegarde Bamlett,Agender,38,Abbottbury,Australian Capital Territory,954,2021-03-28,2021-04-15,4759,791,91.0,1,91.0,Jacket,Pullover,S,blue,73,March,28,Sunday,18,3
370,Hildegarde Bamlett,Agender,38,Abbottbury,Australian Capital Territory,879,2021-10-11,2021-10-20,4398,789,91.0,3,273.0,Jacket,Pullover,XL,green,65,October,11,Monday,9,10
370,Hildegarde Bamlett,Agender,38,Abbottbury,Australian Capital Territory,879,2021-10-11,2021-10-20,4399,786,91.0,1,91.0,Jacket,Pullover,S,green,69,October,11,Monday,9,10
370,Hildegarde Bamlett,Agender,38,Abbottbury,Australian Capital Territory,954,2021-03-28,2021-04-15,4764,617,112.0,3,336.0,Jacket,Cardigan,M,blue,57,March,28,Sunday,18,3
370,Hildegarde Bamlett,Agender,38,Abbottbury,Australian Capital Territory,954,2021-03-28,2021-04-15,4765,1011,106.0,3,318.0,Trousers,Wool,S,violet,59,March,28,Sunday,18,3
370,Hildegarde Bamlett,Agender,38,Abbottbury,Australian Capital Territory,954,2021-03-28,2021-04-15,4760,232,106.0,1,106.0,Shirt,Chambray,M,blue,66,March,28,Sunday,18,3
370,Hildegarde Bamlett,Agender,38,Abbottbury,Australian Capital Territory,954,2021-03-28,2021-04-15,4763,1245,112.0,2,224.0,Trousers,Tracksuit Bottoms,XS,blue,42,March,28,Sunday,18,3
370,Hildegarde Bamlett,Agender,38,Abbottbury,Australian Capital Territory,954,2021-03-28,2021-04-15,4761,824,117.0,2,234.0,Jacket,Shearling,XL,green,51,March,28,Sunday,18,3
371,Etan Peirazzi,Genderqueer,63,West Jessica,Queensland,617,2021-08-30,2021-09-07,3074,847,113.0,1,113.0,Trousers,Chinos,M,orange,73,August,30,Monday,8,8
371,Etan Peirazzi,Genderqueer,63,West Jessica,Queensland,453,2021-08-13,2021-08-22,2240,305,105.0,1,105.0,Shirt,Cuban Collar,XS,indigo,50,August,13,Friday,9,8
371,Etan Peirazzi,Genderqueer,63,West Jessica,Queensland,617,2021-08-30,2021-09-07,3069,970,97.0,2,194.0,Trousers,Slim-Fit,XS,indigo,74,August,30,Monday,8,8
371,Etan Peirazzi,Genderqueer,63,West Jessica,Queensland,617,2021-08-30,2021-09-07,3070,676,113.0,1,113.0,Jacket,Parka,S,yellow,80,August,30,Monday,8,8
371,Etan Peirazzi,Genderqueer,63,West Jessica,Queensland,617,2021-08-30,2021-09-07,3071,876,94.0,1,94.0,Trousers,Cords,S,red,67,August,30,Monday,8,8
371,Etan Peirazzi,Genderqueer,63,West Jessica,Queensland,617,2021-08-30,2021-09-07,3072,732,119.0,3,357.0,Jacket,Trench Coat,M,violet,61,August,30,Monday,8,8
371,Etan Peirazzi,Genderqueer,63,West Jessica,Queensland,453,2021-08-13,2021-08-22,2239,728,119.0,1,119.0,Jacket,Trench Coat,L,indigo,71,August,13,Friday,9,8
371,Etan Peirazzi,Genderqueer,63,West Jessica,Queensland,617,2021-08-30,2021-09-07,3073,30,96.0,2,192.0,Shirt,Oxford Cloth,XS,violet,74,August,30,Monday,8,8
372,Griffy Wenger,Genderqueer,53,East Sophia,South Australia,263,2021-06-19,2021-07-08,1270,289,105.0,3,315.0,Shirt,Cuban Collar,XL,orange,49,June,19,Saturday,19,6
372,Griffy Wenger,Genderqueer,53,East Sophia,South Australia,263,2021-06-19,2021-07-08,1271,1157,99.0,2,198.0,Trousers,High-Waisted,M,red,59,June,19,Saturday,19,6
372,Griffy Wenger,Genderqueer,53,East Sophia,South Australia,263,2021-06-19,2021-07-08,1269,355,94.0,1,94.0,Shirt,Henley,XS,orange,65,June,19,Saturday,19,6
372,Griffy Wenger,Genderqueer,53,East Sophia,South Australia,263,2021-06-19,2021-07-08,1273,293,105.0,1,105.0,Shirt,Cuban Collar,L,yellow,77,June,19,Saturday,19,6
372,Griffy Wenger,Genderqueer,53,East Sophia,South Australia,263,2021-06-19,2021-07-08,1272,473,118.0,3,354.0,Jacket,Puffer,L,green,43,June,19,Saturday,19,6
375,Ninetta Phizakarley,Agender,77,Ernserland,Northern Territory,422,2021-03-16,2021-03-26,2098,859,113.0,3,339.0,Trousers,Chinos,XL,green,50,March,16,Tuesday,10,3
375,Ninetta Phizakarley,Agender,77,Ernserland,Northern Territory,826,2021-08-16,2021-09-06,4148,554,98.0,1,98.0,Jacket,Leather,XL,indigo,52,August,16,Monday,21,8
375,Ninetta Phizakarley,Agender,77,Ernserland,Northern Territory,422,2021-03-16,2021-03-26,2102,1156,99.0,2,198.0,Trousers,High-Waisted,S,red,80,March,16,Tuesday,10,3
375,Ninetta Phizakarley,Agender,77,Ernserland,Northern Territory,826,2021-08-16,2021-09-06,4149,547,98.0,2,196.0,Jacket,Leather,M,blue,60,August,16,Monday,21,8
375,Ninetta Phizakarley,Agender,77,Ernserland,Northern Territory,422,2021-03-16,2021-03-26,2099,1214,105.0,1,105.0,Trousers,Pleated,XL,blue,55,March,16,Tuesday,10,3
375,Ninetta Phizakarley,Agender,77,Ernserland,Northern Territory,422,2021-03-16,2021-03-26,2101,1004,106.0,1,106.0,Trousers,Wool,XL,blue,41,March,16,Tuesday,10,3
375,Ninetta Phizakarley,Agender,77,Ernserland,Northern Territory,422,2021-03-16,2021-03-26,2100,762,109.0,2,218.0,Jacket,Peacoat,M,indigo,52,March,16,Tuesday,10,3
382,Emanuele Deesly,Genderfluid,24,Rodriguezbury,Victoria,521,2021-03-17,2021-03-31,2599,382,94.0,3,282.0,Shirt,Henley,M,violet,44,March,17,Wednesday,14,3
382,Emanuele Deesly,Genderfluid,24,Rodriguezbury,Victoria,521,2021-03-17,2021-03-31,2602,135,92.0,1,92.0,Shirt,Denim,XS,violet,73,March,17,Wednesday,14,3
382,Emanuele Deesly,Genderfluid,24,Rodriguezbury,Victoria,970,2021-01-04,2021-01-23,4849,268,95.0,2,190.0,Shirt,Polo,L,blue,77,January,4,Monday,19,1
382,Emanuele Deesly,Genderfluid,24,Rodriguezbury,Victoria,970,2021-01-04,2021-01-23,4847,319,109.0,1,109.0,Shirt,Mandarin Collar,XL,red,64,January,4,Monday,19,1
382,Emanuele Deesly,Genderfluid,24,Rodriguezbury,Victoria,970,2021-01-04,2021-01-23,4848,510,102.0,1,102.0,Jacket,Windbreaker,XS,blue,59,January,4,Monday,19,1
382,Emanuele Deesly,Genderfluid,24,Rodriguezbury,Victoria,970,2021-01-04,2021-01-23,4842,965,97.0,3,291.0,Trousers,Slim-Fit,XS,blue,55,January,4,Monday,19,1
382,Emanuele Deesly,Genderfluid,24,Rodriguezbury,Victoria,970,2021-01-04,2021-01-23,4841,912,96.0,2,192.0,Trousers,Drawstring,M,red,70,January,4,Monday,19,1
382,Emanuele Deesly,Genderfluid,24,Rodriguezbury,Victoria,970,2021-01-04,2021-01-23,4843,403,119.0,3,357.0,Shirt,Casual Slim Fit,L,green,54,January,4,Monday,19,1
382,Emanuele Deesly,Genderfluid,24,Rodriguezbury,Victoria,970,2021-01-04,2021-01-23,4844,1253,112.0,3,336.0,Trousers,Tracksuit Bottoms,L,indigo,50,January,4,Monday,19,1
382,Emanuele Deesly,Genderfluid,24,Rodriguezbury,Victoria,970,2021-01-04,2021-01-23,4840,914,96.0,3,288.0,Trousers,Drawstring,XL,red,77,January,4,Monday,19,1
382,Emanuele Deesly,Genderfluid,24,Rodriguezbury,Victoria,521,2021-03-17,2021-03-31,2603,476,118.0,3,354.0,Jacket,Puffer,S,blue,76,March,17,Wednesday,14,3
382,Emanuele Deesly,Genderfluid,24,Rodriguezbury,Victoria,970,2021-01-04,2021-01-23,4845,1211,105.0,3,315.0,Trousers,Pleated,S,blue,60,January,4,Monday,19,1
382,Emanuele Deesly,Genderfluid,24,Rodriguezbury,Victoria,970,2021-01-04,2021-01-23,4846,283,105.0,2,210.0,Shirt,Cuban Collar,L,red,45,January,4,Monday,19,1
382,Emanuele Deesly,Genderfluid,24,Rodriguezbury,Victoria,521,2021-03-17,2021-03-31,2604,174,91.0,1,91.0,Shirt,Linen,XL,violet,73,March,17,Wednesday,14,3
382,Emanuele Deesly,Genderfluid,24,Rodriguezbury,Victoria,521,2021-03-17,2021-03-31,2601,722,119.0,3,357.0,Jacket,Trench Coat,M,blue,46,March,17,Wednesday,14,3
382,Emanuele Deesly,Genderfluid,24,Rodriguezbury,Victoria,521,2021-03-17,2021-03-31,2598,491,102.0,3,306.0,Jacket,Windbreaker,S,red,54,March,17,Wednesday,14,3
382,Emanuele Deesly,Genderfluid,24,Rodriguezbury,Victoria,521,2021-03-17,2021-03-31,2600,625,112.0,1,112.0,Jacket,Cardigan,XS,violet,40,March,17,Wednesday,14,3
382,Emanuele Deesly,Genderfluid,24,Rodriguezbury,Victoria,521,2021-03-17,2021-03-31,2597,405,119.0,1,119.0,Shirt,Casual Slim Fit,XS,blue,55,March,17,Wednesday,14,3
383,Nathanil Runchman,Non-binary,23,South Hannahstad,Victoria,875,2021-02-26,2021-02-27,4386,74,118.0,3,354.0,Shirt,Flannel,XL,red,72,February,26,Friday,1,2
383,Nathanil Runchman,Non-binary,23,South Hannahstad,Victoria,875,2021-02-26,2021-02-27,4384,6,96.0,1,96.0,Shirt,Oxford Cloth,S,orange,72,February,26,Friday,1,2
383,Nathanil Runchman,Non-binary,23,South Hannahstad,Victoria,875,2021-02-26,2021-02-27,4385,607,112.0,2,224.0,Jacket,Cardigan,M,yellow,64,February,26,Friday,1,2
383,Nathanil Runchman,Non-binary,23,South Hannahstad,Victoria,444,2021-03-07,2021-03-26,2205,263,95.0,1,95.0,Shirt,Polo,L,green,68,March,7,Sunday,19,3
383,Nathanil Runchman,Non-binary,23,South Hannahstad,Victoria,444,2021-03-07,2021-03-26,2204,39,104.0,3,312.0,Shirt,Dress,XL,red,47,March,7,Sunday,19,3
383,Nathanil Runchman,Non-binary,23,South Hannahstad,Victoria,444,2021-03-07,2021-03-26,2206,178,98.0,1,98.0,Shirt,Camp Collared,L,red,52,March,7,Sunday,19,3
387,Alameda Fincke,Male,43,Matthewstad,Victoria,733,2021-05-26,2021-06-22,3653,394,119.0,1,119.0,Shirt,Casual Slim Fit,XL,orange,53,May,26,Wednesday,27,5
387,Alameda Fincke,Male,43,Matthewstad,Victoria,719,2021-09-19,2021-09-24,3595,891,94.0,1,94.0,Trousers,Cords,S,green,78,September,19,Sunday,5,9
387,Alameda Fincke,Male,43,Matthewstad,Victoria,719,2021-09-19,2021-09-24,3597,349,109.0,3,327.0,Shirt,Mandarin Collar,XL,violet,71,September,19,Sunday,5,9
387,Alameda Fincke,Male,43,Matthewstad,Victoria,719,2021-09-19,2021-09-24,3590,667,113.0,3,339.0,Jacket,Parka,M,red,56,September,19,Sunday,5,9
387,Alameda Fincke,Male,43,Matthewstad,Victoria,719,2021-09-19,2021-09-24,3591,434,107.0,2,214.0,Jacket,Denim,XL,yellow,56,September,19,Sunday,5,9
387,Alameda Fincke,Male,43,Matthewstad,Victoria,733,2021-05-26,2021-06-22,3658,971,97.0,1,97.0,Trousers,Slim-Fit,S,indigo,41,May,26,Wednesday,27,5
387,Alameda Fincke,Male,43,Matthewstad,Victoria,733,2021-05-26,2021-06-22,3657,33,96.0,1,96.0,Shirt,Oxford Cloth,L,violet,73,May,26,Wednesday,27,5
387,Alameda Fincke,Male,43,Matthewstad,Victoria,733,2021-05-26,2021-06-22,3656,314,105.0,3,315.0,Shirt,Cuban Collar,XL,violet,44,May,26,Wednesday,27,5
387,Alameda Fincke,Male,43,Matthewstad,Victoria,733,2021-05-26,2021-06-22,3654,944,96.0,2,192.0,Trousers,Drawstring,XL,violet,80,May,26,Wednesday,27,5
387,Alameda Fincke,Male,43,Matthewstad,Victoria,719,2021-09-19,2021-09-24,3598,594,100.0,1,100.0,Jacket,Bomber,XL,violet,53,September,19,Sunday,5,9
387,Alameda Fincke,Male,43,Matthewstad,Victoria,719,2021-09-19,2021-09-24,3592,212,106.0,3,318.0,Shirt,Chambray,M,red,48,September,19,Sunday,5,9
387,Alameda Fincke,Male,43,Matthewstad,Victoria,719,2021-09-19,2021-09-24,3593,99,118.0,1,118.0,Shirt,Flannel,XL,indigo,57,September,19,Sunday,5,9
387,Alameda Fincke,Male,43,Matthewstad,Victoria,719,2021-09-19,2021-09-24,3596,494,102.0,2,204.0,Jacket,Windbreaker,XL,red,48,September,19,Sunday,5,9
387,Alameda Fincke,Male,43,Matthewstad,Victoria,733,2021-05-26,2021-06-22,3655,691,113.0,1,113.0,Jacket,Parka,S,indigo,53,May,26,Wednesday,27,5
387,Alameda Fincke,Male,43,Matthewstad,Victoria,719,2021-09-19,2021-09-24,3594,757,109.0,1,109.0,Jacket,Peacoat,M,blue,71,September,19,Sunday,5,9
388,Dame Popov,Genderfluid,38,New Mayaburgh,Northern Territory,65,2021-06-26,2021-07-22,284,1184,99.0,3,297.0,Trousers,High-Waisted,XL,indigo,57,June,26,Saturday,26,6
388,Dame Popov,Genderfluid,38,New Mayaburgh,Northern Territory,65,2021-06-26,2021-07-22,285,744,109.0,3,327.0,Jacket,Peacoat,XL,orange,69,June,26,Saturday,26,6
389,Caroljean Elstob,Agender,41,Lake Lukeberg,South Australia,165,2021-06-23,2021-07-20,786,1165,99.0,3,297.0,Trousers,High-Waisted,XS,yellow,64,June,23,Wednesday,27,6
389,Caroljean Elstob,Agender,41,Lake Lukeberg,South Australia,165,2021-06-23,2021-07-20,787,1029,90.0,1,90.0,Trousers,Relaxed Leg,XL,yellow,54,June,23,Wednesday,27,6
389,Caroljean Elstob,Agender,41,Lake Lukeberg,South Australia,165,2021-06-23,2021-07-20,788,118,92.0,2,184.0,Shirt,Denim,L,yellow,75,June,23,Wednesday,27,6
389,Caroljean Elstob,Agender,41,Lake Lukeberg,South Australia,165,2021-06-23,2021-07-20,789,700,119.0,1,119.0,Jacket,Trench Coat,XS,red,78,June,23,Wednesday,27,6
389,Caroljean Elstob,Agender,41,Lake Lukeberg,South Australia,165,2021-06-23,2021-07-20,790,679,113.0,1,113.0,Jacket,Parka,XL,yellow,44,June,23,Wednesday,27,6
389,Caroljean Elstob,Agender,41,Lake Lukeberg,South Australia,165,2021-06-23,2021-07-20,792,26,96.0,1,96.0,Shirt,Oxford Cloth,S,indigo,59,June,23,Wednesday,27,6
389,Caroljean Elstob,Agender,41,Lake Lukeberg,South Australia,165,2021-06-23,2021-07-20,791,1060,93.0,2,186.0,Trousers,Joggers,XS,yellow,62,June,23,Wednesday,27,6
390,Bee Mazonowicz,Bigender,36,South Eveshire,Western Australia,309,2021-01-07,2021-01-25,1505,406,119.0,1,119.0,Shirt,Casual Slim Fit,S,blue,75,January,7,Thursday,18,1
390,Bee Mazonowicz,Bigender,36,South Eveshire,Western Australia,309,2021-01-07,2021-01-25,1506,350,94.0,2,188.0,Shirt,Henley,XS,red,62,January,7,Thursday,18,1
391,Reed Churchlow,Male,75,North Sophieland,Australian Capital Territory,74,2021-02-23,2021-02-27,322,311,105.0,2,210.0,Shirt,Cuban Collar,S,violet,43,February,23,Tuesday,4,2
391,Reed Churchlow,Male,75,North Sophieland,Australian Capital Territory,74,2021-02-23,2021-02-27,323,85,118.0,2,236.0,Shirt,Flannel,XS,green,55,February,23,Tuesday,4,2
391,Reed Churchlow,Male,75,North Sophieland,Australian Capital Territory,74,2021-02-23,2021-02-27,321,507,102.0,2,204.0,Jacket,Windbreaker,M,green,63,February,23,Tuesday,4,2
394,Eba Bauser,Bigender,26,Audreyport,Tasmania,724,2021-03-04,2021-03-28,3620,791,91.0,2,182.0,Jacket,Pullover,S,blue,73,March,4,Thursday,24,3
394,Eba Bauser,Bigender,26,Audreyport,Tasmania,724,2021-03-04,2021-03-28,3618,693,113.0,2,226.0,Jacket,Parka,L,indigo,44,March,4,Thursday,24,3
394,Eba Bauser,Bigender,26,Audreyport,Tasmania,724,2021-03-04,2021-03-28,3623,665,113.0,2,226.0,Jacket,Parka,XS,red,65,March,4,Thursday,24,3
394,Eba Bauser,Bigender,26,Audreyport,Tasmania,724,2021-03-04,2021-03-28,3624,625,112.0,2,224.0,Jacket,Cardigan,XS,violet,40,March,4,Thursday,24,3
394,Eba Bauser,Bigender,26,Audreyport,Tasmania,724,2021-03-04,2021-03-28,3621,511,102.0,3,306.0,Jacket,Windbreaker,S,blue,41,March,4,Thursday,24,3
394,Eba Bauser,Bigender,26,Audreyport,Tasmania,724,2021-03-04,2021-03-28,3619,1193,105.0,3,315.0,Trousers,Pleated,L,red,70,March,4,Thursday,24,3
394,Eba Bauser,Bigender,26,Audreyport,Tasmania,724,2021-03-04,2021-03-28,3622,1012,106.0,2,212.0,Trousers,Wool,M,violet,51,March,4,Thursday,24,3
397,Collie Jakel,Female,50,Isabellaton,Australian Capital Territory,929,2021-01-31,2021-02-06,4643,256,95.0,1,95.0,Shirt,Polo,S,yellow,77,January,31,Sunday,6,1
397,Collie Jakel,Female,50,Isabellaton,Australian Capital Territory,929,2021-01-31,2021-02-06,4641,167,91.0,3,273.0,Shirt,Linen,M,indigo,72,January,31,Sunday,6,1
397,Collie Jakel,Female,50,Isabellaton,Australian Capital Territory,929,2021-01-31,2021-02-06,4642,803,91.0,2,182.0,Jacket,Pullover,L,violet,78,January,31,Sunday,6,1
397,Collie Jakel,Female,50,Isabellaton,Australian Capital Territory,929,2021-01-31,2021-02-06,4640,1157,99.0,2,198.0,Trousers,High-Waisted,M,red,59,January,31,Sunday,6,1
398,Damiano Leyborne,Non-binary,50,Gabrielville,Western Australia,624,2021-03-19,2021-04-08,3100,590,100.0,2,200.0,Jacket,Bomber,XS,violet,75,March,19,Friday,20,3
398,Damiano Leyborne,Non-binary,50,Gabrielville,Western Australia,624,2021-03-19,2021-04-08,3097,361,94.0,3,282.0,Shirt,Henley,S,yellow,70,March,19,Friday,20,3
398,Damiano Leyborne,Non-binary,50,Gabrielville,Western Australia,624,2021-03-19,2021-04-08,3094,316,109.0,1,109.0,Shirt,Mandarin Collar,S,red,48,March,19,Friday,20,3
398,Damiano Leyborne,Non-binary,50,Gabrielville,Western Australia,624,2021-03-19,2021-04-08,3098,1228,112.0,3,336.0,Trousers,Tracksuit Bottoms,L,red,43,March,19,Friday,20,3
398,Damiano Leyborne,Non-binary,50,Gabrielville,Western Australia,624,2021-03-19,2021-04-08,3099,1030,90.0,2,180.0,Trousers,Relaxed Leg,XS,green,80,March,19,Friday,20,3
398,Damiano Leyborne,Non-binary,50,Gabrielville,Western Australia,624,2021-03-19,2021-04-08,3095,240,106.0,3,318.0,Shirt,Chambray,XS,violet,47,March,19,Friday,20,3
398,Damiano Leyborne,Non-binary,50,Gabrielville,Western Australia,624,2021-03-19,2021-04-08,3096,672,113.0,3,339.0,Jacket,Parka,M,orange,51,March,19,Friday,20,3
399,Ailene McKeller,Agender,46,South Logan,Western Australia,51,2021-02-19,2021-02-26,236,968,97.0,3,291.0,Trousers,Slim-Fit,L,blue,49,February,19,Friday,7,2
399,Ailene McKeller,Agender,46,South Logan,Western Australia,51,2021-02-19,2021-02-26,235,668,113.0,1,113.0,Jacket,Parka,L,red,73,February,19,Friday,7,2
399,Ailene McKeller,Agender,46,South Logan,Western Australia,51,2021-02-19,2021-02-26,237,1071,93.0,2,186.0,Trousers,Joggers,S,blue,50,February,19,Friday,7,2
401,Waylen Swallwell,Non-binary,73,Sarahstad,Western Australia,722,2021-10-24,2021-11-20,3610,736,109.0,2,218.0,Jacket,Peacoat,S,red,67,October,24,Sunday,27,10
401,Waylen Swallwell,Non-binary,73,Sarahstad,Western Australia,187,2021-01-10,2021-01-19,914,644,93.0,3,279.0,Jacket,Coach,XL,yellow,68,January,10,Sunday,9,1
401,Waylen Swallwell,Non-binary,73,Sarahstad,Western Australia,187,2021-01-10,2021-01-19,913,66,104.0,1,104.0,Shirt,Dress,S,violet,69,January,10,Sunday,9,1
401,Waylen Swallwell,Non-binary,73,Sarahstad,Western Australia,722,2021-10-24,2021-11-20,3612,651,93.0,1,93.0,Jacket,Coach,S,blue,47,October,24,Sunday,27,10
401,Waylen Swallwell,Non-binary,73,Sarahstad,Western Australia,722,2021-10-24,2021-11-20,3609,362,94.0,2,188.0,Shirt,Henley,M,yellow,71,October,24,Sunday,27,10
401,Waylen Swallwell,Non-binary,73,Sarahstad,Western Australia,187,2021-01-10,2021-01-19,911,129,92.0,3,276.0,Shirt,Denim,XL,blue,73,January,10,Sunday,9,1
401,Waylen Swallwell,Non-binary,73,Sarahstad,Western Australia,187,2021-01-10,2021-01-19,912,95,118.0,3,354.0,Shirt,Flannel,XS,indigo,46,January,10,Sunday,9,1
401,Waylen Swallwell,Non-binary,73,Sarahstad,Western Australia,241,2021-07-22,2021-08-17,1166,400,119.0,2,238.0,Shirt,Casual Slim Fit,XS,green,69,July,22,Thursday,26,7
401,Waylen Swallwell,Non-binary,73,Sarahstad,Western Australia,241,2021-07-22,2021-08-17,1167,1051,93.0,2,186.0,Trousers,Joggers,S,red,71,July,22,Thursday,26,7
401,Waylen Swallwell,Non-binary,73,Sarahstad,Western Australia,722,2021-10-24,2021-11-20,3611,838,117.0,2,234.0,Jacket,Shearling,L,violet,61,October,24,Sunday,27,10
401,Waylen Swallwell,Non-binary,73,Sarahstad,Western Australia,241,2021-07-22,2021-08-17,1168,333,109.0,2,218.0,Shirt,Mandarin Collar,L,green,67,July,22,Thursday,26,7
401,Waylen Swallwell,Non-binary,73,Sarahstad,Western Australia,549,2021-06-02,2021-06-09,2748,286,105.0,3,315.0,Shirt,Cuban Collar,S,orange,50,June,2,Wednesday,7,6
401,Waylen Swallwell,Non-binary,73,Sarahstad,Western Australia,722,2021-10-24,2021-11-20,3613,65,104.0,2,208.0,Shirt,Dress,XS,violet,63,October,24,Sunday,27,10
401,Waylen Swallwell,Non-binary,73,Sarahstad,Western Australia,187,2021-01-10,2021-01-19,915,771,91.0,2,182.0,Jacket,Pullover,S,red,46,January,10,Sunday,9,1
402,Zak Titterton,Non-binary,22,West Cooper,Tasmania,605,2021-08-20,2021-09-06,3016,574,100.0,3,300.0,Jacket,Bomber,XL,yellow,50,August,20,Friday,17,8
402,Zak Titterton,Non-binary,22,West Cooper,Tasmania,587,2021-09-08,2021-09-11,2947,450,107.0,1,107.0,Jacket,Denim,XS,violet,65,September,8,Wednesday,3,9
402,Zak Titterton,Non-binary,22,West Cooper,Tasmania,605,2021-08-20,2021-09-06,3018,156,91.0,2,182.0,Shirt,Linen,S,green,58,August,20,Friday,17,8
402,Zak Titterton,Non-binary,22,West Cooper,Tasmania,587,2021-09-08,2021-09-11,2945,351,94.0,3,282.0,Shirt,Henley,S,red,60,September,8,Wednesday,3,9
402,Zak Titterton,Non-binary,22,West Cooper,Tasmania,587,2021-09-08,2021-09-11,2944,1029,90.0,2,180.0,Trousers,Relaxed Leg,XL,yellow,54,September,8,Wednesday,3,9
402,Zak Titterton,Non-binary,22,West Cooper,Tasmania,605,2021-08-20,2021-09-06,3017,222,106.0,3,318.0,Shirt,Chambray,M,yellow,62,August,20,Friday,17,8
402,Zak Titterton,Non-binary,22,West Cooper,Tasmania,587,2021-09-08,2021-09-11,2946,1233,112.0,3,336.0,Trousers,Tracksuit Bottoms,L,orange,73,September,8,Wednesday,3,9
402,Zak Titterton,Non-binary,22,West Cooper,Tasmania,587,2021-09-08,2021-09-11,2942,502,102.0,2,204.0,Jacket,Windbreaker,M,yellow,52,September,8,Wednesday,3,9
402,Zak Titterton,Non-binary,22,West Cooper,Tasmania,587,2021-09-08,2021-09-11,2943,272,95.0,1,95.0,Shirt,Polo,M,indigo,62,September,8,Wednesday,3,9
404,Teddy Gell,Non-binary,79,West Ellaport,Australian Capital Territory,408,2021-01-30,2021-02-15,2028,1245,112.0,3,336.0,Trousers,Tracksuit Bottoms,XS,blue,42,January,30,Saturday,16,1
404,Teddy Gell,Non-binary,79,West Ellaport,Australian Capital Territory,408,2021-01-30,2021-02-15,2022,1201,105.0,1,105.0,Trousers,Pleated,S,yellow,71,January,30,Saturday,16,1
404,Teddy Gell,Non-binary,79,West Ellaport,Australian Capital Territory,408,2021-01-30,2021-02-15,2025,611,112.0,3,336.0,Jacket,Cardigan,S,green,62,January,30,Saturday,16,1
404,Teddy Gell,Non-binary,79,West Ellaport,Australian Capital Territory,408,2021-01-30,2021-02-15,2024,994,106.0,1,106.0,Trousers,Wool,XL,yellow,72,January,30,Saturday,16,1
404,Teddy Gell,Non-binary,79,West Ellaport,Australian Capital Territory,408,2021-01-30,2021-02-15,2023,378,94.0,3,282.0,Shirt,Henley,L,indigo,44,January,30,Saturday,16,1
404,Teddy Gell,Non-binary,79,West Ellaport,Australian Capital Territory,408,2021-01-30,2021-02-15,2027,757,109.0,1,109.0,Jacket,Peacoat,M,blue,71,January,30,Saturday,16,1
404,Teddy Gell,Non-binary,79,West Ellaport,Australian Capital Territory,408,2021-01-30,2021-02-15,2026,399,119.0,2,238.0,Shirt,Casual Slim Fit,XL,yellow,78,January,30,Saturday,16,1
404,Teddy Gell,Non-binary,79,West Ellaport,Australian Capital Territory,408,2021-01-30,2021-02-15,2021,949,97.0,3,291.0,Trousers,Slim-Fit,XL,red,67,January,30,Saturday,16,1
407,Murdock Bulfit,Male,41,Hartmannshire,Queensland,998,2021-05-05,2021-05-21,4992,478,118.0,3,354.0,Jacket,Puffer,L,blue,48,May,5,Wednesday,16,5
407,Murdock Bulfit,Male,41,Hartmannshire,Queensland,998,2021-05-05,2021-05-21,4994,972,97.0,1,97.0,Trousers,Slim-Fit,M,indigo,67,May,5,Wednesday,16,5
407,Murdock Bulfit,Male,41,Hartmannshire,Queensland,998,2021-05-05,2021-05-21,4993,66,104.0,1,104.0,Shirt,Dress,S,violet,69,May,5,Wednesday,16,5
407,Murdock Bulfit,Male,41,Hartmannshire,Queensland,998,2021-05-05,2021-05-21,4991,541,98.0,3,294.0,Jacket,Leather,S,green,77,May,5,Wednesday,16,5
407,Murdock Bulfit,Male,41,Hartmannshire,Queensland,998,2021-05-05,2021-05-21,4995,321,109.0,2,218.0,Shirt,Mandarin Collar,S,orange,52,May,5,Wednesday,16,5
407,Murdock Bulfit,Male,41,Hartmannshire,Queensland,998,2021-05-05,2021-05-21,4996,251,95.0,3,285.0,Shirt,Polo,S,orange,78,May,5,Wednesday,16,5
408,Alis MacCulloch,Genderfluid,66,Lake Haydenton,Australian Capital Territory,899,2021-08-04,2021-08-14,4510,412,119.0,2,238.0,Shirt,Casual Slim Fit,M,indigo,65,August,4,Wednesday,10,8
408,Alis MacCulloch,Genderfluid,66,Lake Haydenton,Australian Capital Territory,899,2021-08-04,2021-08-14,4511,1147,102.0,3,306.0,Trousers,Cargo Pants,M,indigo,51,August,4,Wednesday,10,8
408,Alis MacCulloch,Genderfluid,66,Lake Haydenton,Australian Capital Territory,899,2021-08-04,2021-08-14,4509,112,92.0,2,184.0,Shirt,Denim,M,orange,50,August,4,Wednesday,10,8
408,Alis MacCulloch,Genderfluid,66,Lake Haydenton,Australian Capital Territory,899,2021-08-04,2021-08-14,4508,712,119.0,3,357.0,Jacket,Trench Coat,M,yellow,54,August,4,Wednesday,10,8
409,Alphonse Galego,Male,75,New Chase,Australian Capital Territory,339,2021-04-06,2021-04-13,1660,383,94.0,2,188.0,Shirt,Henley,L,violet,51,April,6,Tuesday,7,4
409,Alphonse Galego,Male,75,New Chase,Australian Capital Territory,339,2021-04-06,2021-04-13,1659,451,107.0,1,107.0,Jacket,Denim,S,violet,73,April,6,Tuesday,7,4
409,Alphonse Galego,Male,75,New Chase,Australian Capital Territory,900,2021-07-07,2021-07-24,4513,609,112.0,1,112.0,Jacket,Cardigan,XL,yellow,42,July,7,Wednesday,17,7
409,Alphonse Galego,Male,75,New Chase,Australian Capital Territory,900,2021-07-07,2021-07-24,4514,406,119.0,1,119.0,Shirt,Casual Slim Fit,S,blue,75,July,7,Wednesday,17,7
409,Alphonse Galego,Male,75,New Chase,Australian Capital Territory,900,2021-07-07,2021-07-24,4512,636,93.0,2,186.0,Jacket,Coach,S,orange,55,July,7,Wednesday,17,7
409,Alphonse Galego,Male,75,New Chase,Australian Capital Territory,339,2021-04-06,2021-04-13,1661,651,93.0,1,93.0,Jacket,Coach,S,blue,47,April,6,Tuesday,7,4
409,Alphonse Galego,Male,75,New Chase,Australian Capital Territory,339,2021-04-06,2021-04-13,1664,543,98.0,1,98.0,Jacket,Leather,L,green,71,April,6,Tuesday,7,4
409,Alphonse Galego,Male,75,New Chase,Australian Capital Territory,339,2021-04-06,2021-04-13,1663,291,105.0,1,105.0,Shirt,Cuban Collar,S,yellow,41,April,6,Tuesday,7,4
409,Alphonse Galego,Male,75,New Chase,Australian Capital Territory,339,2021-04-06,2021-04-13,1662,762,109.0,2,218.0,Jacket,Peacoat,M,indigo,52,April,6,Tuesday,7,4
409,Alphonse Galego,Male,75,New Chase,Australian Capital Territory,900,2021-07-07,2021-07-24,4516,820,117.0,2,234.0,Jacket,Shearling,XS,green,74,July,7,Wednesday,17,7
409,Alphonse Galego,Male,75,New Chase,Australian Capital Territory,900,2021-07-07,2021-07-24,4515,1108,115.0,3,345.0,Trousers,Cropped,L,blue,45,July,7,Wednesday,17,7
409,Alphonse Galego,Male,75,New Chase,Australian Capital Territory,339,2021-04-06,2021-04-13,1658,525,98.0,2,196.0,Jacket,Leather,XS,red,67,April,6,Tuesday,7,4
409,Alphonse Galego,Male,75,New Chase,Australian Capital Territory,339,2021-04-06,2021-04-13,1665,158,91.0,1,91.0,Shirt,Linen,L,green,72,April,6,Tuesday,7,4
409,Alphonse Galego,Male,75,New Chase,Australian Capital Territory,900,2021-07-07,2021-07-24,4517,679,113.0,3,339.0,Jacket,Parka,XL,yellow,44,July,7,Wednesday,17,7
412,Chandal Fransinelli,Polygender,21,Hackettchester,South Australia,295,2021-03-05,2021-03-19,1444,865,113.0,1,113.0,Trousers,Chinos,XS,indigo,61,March,5,Friday,14,3
412,Chandal Fransinelli,Polygender,21,Hackettchester,South Australia,164,2021-05-21,2021-06-03,783,275,95.0,2,190.0,Shirt,Polo,XS,violet,67,May,21,Friday,13,5
412,Chandal Fransinelli,Polygender,21,Hackettchester,South Australia,164,2021-05-21,2021-06-03,785,425,107.0,3,321.0,Jacket,Denim,XS,orange,60,May,21,Friday,13,5
412,Chandal Fransinelli,Polygender,21,Hackettchester,South Australia,164,2021-05-21,2021-06-03,781,1202,105.0,2,210.0,Trousers,Pleated,M,yellow,54,May,21,Friday,13,5
412,Chandal Fransinelli,Polygender,21,Hackettchester,South Australia,164,2021-05-21,2021-06-03,782,604,112.0,1,112.0,Jacket,Cardigan,XL,orange,75,May,21,Friday,13,5
412,Chandal Fransinelli,Polygender,21,Hackettchester,South Australia,34,2021-05-23,2021-05-30,158,775,91.0,3,273.0,Jacket,Pullover,XS,orange,79,May,23,Sunday,7,5
412,Chandal Fransinelli,Polygender,21,Hackettchester,South Australia,34,2021-05-23,2021-05-30,159,62,104.0,1,104.0,Shirt,Dress,M,indigo,51,May,23,Sunday,7,5
412,Chandal Fransinelli,Polygender,21,Hackettchester,South Australia,34,2021-05-23,2021-05-30,156,817,117.0,2,234.0,Jacket,Shearling,M,yellow,60,May,23,Sunday,7,5
412,Chandal Fransinelli,Polygender,21,Hackettchester,South Australia,164,2021-05-21,2021-06-03,784,8,96.0,1,96.0,Shirt,Oxford Cloth,L,orange,48,May,21,Friday,13,5
412,Chandal Fransinelli,Polygender,21,Hackettchester,South Australia,295,2021-03-05,2021-03-19,1445,571,100.0,2,200.0,Jacket,Bomber,S,yellow,64,March,5,Friday,14,3
412,Chandal Fransinelli,Polygender,21,Hackettchester,South Australia,34,2021-05-23,2021-05-30,157,555,98.0,1,98.0,Jacket,Leather,XS,violet,70,May,23,Sunday,7,5
413,Alexis Maps,Bigender,25,Morissetteborough,Queensland,95,2021-01-25,2021-02-05,417,497,102.0,2,204.0,Jacket,Windbreaker,M,orange,45,January,25,Monday,11,1
413,Alexis Maps,Bigender,25,Morissetteborough,Queensland,95,2021-01-25,2021-02-05,419,415,119.0,3,357.0,Shirt,Casual Slim Fit,XS,violet,55,January,25,Monday,11,1
413,Alexis Maps,Bigender,25,Morissetteborough,Queensland,95,2021-01-25,2021-02-05,420,426,107.0,2,214.0,Jacket,Denim,S,orange,51,January,25,Monday,11,1
413,Alexis Maps,Bigender,25,Morissetteborough,Queensland,95,2021-01-25,2021-02-05,418,1167,99.0,2,198.0,Trousers,High-Waisted,M,yellow,45,January,25,Monday,11,1
413,Alexis Maps,Bigender,25,Morissetteborough,Queensland,95,2021-01-25,2021-02-05,416,444,107.0,1,107.0,Jacket,Denim,XL,blue,80,January,25,Monday,11,1
413,Alexis Maps,Bigender,25,Morissetteborough,Queensland,95,2021-01-25,2021-02-05,415,1168,99.0,3,297.0,Trousers,High-Waisted,L,yellow,77,January,25,Monday,11,1
413,Alexis Maps,Bigender,25,Morissetteborough,Queensland,95,2021-01-25,2021-02-05,422,742,109.0,2,218.0,Jacket,Peacoat,M,orange,47,January,25,Monday,11,1
413,Alexis Maps,Bigender,25,Morissetteborough,Queensland,95,2021-01-25,2021-02-05,421,1091,115.0,1,115.0,Trousers,Cropped,S,orange,78,January,25,Monday,11,1
414,Ansel Chittem,Polygender,51,North Ivy,Queensland,864,2021-03-29,2021-04-17,4329,336,109.0,2,218.0,Shirt,Mandarin Collar,S,blue,44,March,29,Monday,19,3
414,Ansel Chittem,Polygender,51,North Ivy,Queensland,864,2021-03-29,2021-04-17,4330,946,97.0,2,194.0,Trousers,Slim-Fit,S,red,71,March,29,Monday,19,3
414,Ansel Chittem,Polygender,51,North Ivy,Queensland,331,2021-03-18,2021-03-23,1624,1141,102.0,2,204.0,Trousers,Cargo Pants,S,blue,63,March,18,Thursday,5,3
414,Ansel Chittem,Polygender,51,North Ivy,Queensland,864,2021-03-29,2021-04-17,4328,78,118.0,1,118.0,Shirt,Flannel,L,orange,59,March,29,Monday,19,3
415,Ashley Gant,Polygender,40,Dietrichville,South Australia,96,2021-06-20,2021-06-30,426,395,119.0,1,119.0,Shirt,Casual Slim Fit,XS,yellow,63,June,20,Sunday,10,6
415,Ashley Gant,Polygender,40,Dietrichville,South Australia,96,2021-06-20,2021-06-30,427,1223,105.0,2,210.0,Trousers,Pleated,L,violet,48,June,20,Sunday,10,6
415,Ashley Gant,Polygender,40,Dietrichville,South Australia,194,2021-10-23,2021-11-03,948,893,94.0,1,94.0,Trousers,Cords,L,green,62,October,23,Saturday,11,10
415,Ashley Gant,Polygender,40,Dietrichville,South Australia,194,2021-10-23,2021-11-03,949,25,96.0,1,96.0,Shirt,Oxford Cloth,XS,indigo,61,October,23,Saturday,11,10
415,Ashley Gant,Polygender,40,Dietrichville,South Australia,194,2021-10-23,2021-11-03,950,179,98.0,3,294.0,Shirt,Camp Collared,XL,red,79,October,23,Saturday,11,10
415,Ashley Gant,Polygender,40,Dietrichville,South Australia,194,2021-10-23,2021-11-03,951,71,118.0,3,354.0,Shirt,Flannel,S,red,59,October,23,Saturday,11,10
415,Ashley Gant,Polygender,40,Dietrichville,South Australia,194,2021-10-23,2021-11-03,946,303,105.0,3,315.0,Shirt,Cuban Collar,L,blue,65,October,23,Saturday,11,10
415,Ashley Gant,Polygender,40,Dietrichville,South Australia,194,2021-10-23,2021-11-03,947,954,97.0,1,97.0,Trousers,Slim-Fit,XL,orange,78,October,23,Saturday,11,10
415,Ashley Gant,Polygender,40,Dietrichville,South Australia,96,2021-06-20,2021-06-30,423,1025,90.0,2,180.0,Trousers,Relaxed Leg,XS,yellow,44,June,20,Sunday,10,6
415,Ashley Gant,Polygender,40,Dietrichville,South Australia,194,2021-10-23,2021-11-03,945,371,94.0,1,94.0,Shirt,Henley,S,blue,75,October,23,Saturday,11,10
415,Ashley Gant,Polygender,40,Dietrichville,South Australia,96,2021-06-20,2021-06-30,424,1123,102.0,1,102.0,Trousers,Cargo Pants,L,red,61,June,20,Sunday,10,6
415,Ashley Gant,Polygender,40,Dietrichville,South Australia,96,2021-06-20,2021-06-30,425,345,109.0,2,218.0,Shirt,Mandarin Collar,XS,violet,52,June,20,Sunday,10,6
415,Ashley Gant,Polygender,40,Dietrichville,South Australia,96,2021-06-20,2021-06-30,428,940,96.0,1,96.0,Trousers,Drawstring,XS,violet,62,June,20,Sunday,10,6
416,Leonore Yakunikov,Agender,21,Langworthville,New South Wales,805,2021-10-02,2021-10-03,4047,453,107.0,2,214.0,Jacket,Denim,L,violet,50,October,2,Saturday,1,10
416,Leonore Yakunikov,Agender,21,Langworthville,New South Wales,805,2021-10-02,2021-10-03,4048,715,119.0,2,238.0,Jacket,Trench Coat,XS,green,62,October,2,Saturday,1,10
416,Leonore Yakunikov,Agender,21,Langworthville,New South Wales,805,2021-10-02,2021-10-03,4043,1054,93.0,2,186.0,Trousers,Joggers,XL,red,58,October,2,Saturday,1,10
416,Leonore Yakunikov,Agender,21,Langworthville,New South Wales,774,2021-06-23,2021-07-13,3865,321,109.0,1,109.0,Shirt,Mandarin Collar,S,orange,52,June,23,Wednesday,20,6
416,Leonore Yakunikov,Agender,21,Langworthville,New South Wales,774,2021-06-23,2021-07-13,3866,214,106.0,2,212.0,Shirt,Chambray,XL,red,42,June,23,Wednesday,20,6
416,Leonore Yakunikov,Agender,21,Langworthville,New South Wales,805,2021-10-02,2021-10-03,4046,25,96.0,3,288.0,Shirt,Oxford Cloth,XS,indigo,61,October,2,Saturday,1,10
416,Leonore Yakunikov,Agender,21,Langworthville,New South Wales,805,2021-10-02,2021-10-03,4045,1166,99.0,1,99.0,Trousers,High-Waisted,S,yellow,56,October,2,Saturday,1,10
416,Leonore Yakunikov,Agender,21,Langworthville,New South Wales,805,2021-10-02,2021-10-03,4044,258,95.0,2,190.0,Shirt,Polo,L,yellow,46,October,2,Saturday,1,10
416,Leonore Yakunikov,Agender,21,Langworthville,New South Wales,774,2021-06-23,2021-07-13,3864,871,113.0,3,339.0,Trousers,Chinos,S,violet,64,June,23,Wednesday,20,6
416,Leonore Yakunikov,Agender,21,Langworthville,New South Wales,805,2021-10-02,2021-10-03,4049,798,91.0,2,182.0,Jacket,Pullover,L,indigo,50,October,2,Saturday,1,10
417,Bay Kraut,Non-binary,57,Fadelland,Tasmania,654,2021-08-18,2021-08-30,3251,830,117.0,3,351.0,Jacket,Shearling,XS,indigo,68,August,18,Wednesday,12,8
417,Bay Kraut,Non-binary,57,Fadelland,Tasmania,654,2021-08-18,2021-08-30,3252,826,117.0,2,234.0,Jacket,Shearling,S,blue,72,August,18,Wednesday,12,8
418,Luelle Fernanando,Agender,57,North Sebastianberg,Australian Capital Territory,794,2021-04-18,2021-05-08,3992,724,119.0,3,357.0,Jacket,Trench Coat,XL,blue,69,April,18,Sunday,20,4
418,Luelle Fernanando,Agender,57,North Sebastianberg,Australian Capital Territory,921,2021-02-17,2021-02-18,4603,494,102.0,2,204.0,Jacket,Windbreaker,XL,red,48,February,17,Wednesday,1,2
418,Luelle Fernanando,Agender,57,North Sebastianberg,Australian Capital Territory,794,2021-04-18,2021-05-08,3991,247,95.0,2,190.0,Shirt,Polo,M,red,70,April,18,Sunday,20,4
418,Luelle Fernanando,Agender,57,North Sebastianberg,Australian Capital Territory,921,2021-02-17,2021-02-18,4605,573,100.0,3,300.0,Jacket,Bomber,L,yellow,54,February,17,Wednesday,1,2
418,Luelle Fernanando,Agender,57,North Sebastianberg,Australian Capital Territory,921,2021-02-17,2021-02-18,4604,1080,93.0,2,186.0,Trousers,Joggers,XS,violet,50,February,17,Wednesday,1,2
418,Luelle Fernanando,Agender,57,North Sebastianberg,Australian Capital Territory,794,2021-04-18,2021-05-08,3994,922,96.0,2,192.0,Trousers,Drawstring,M,yellow,55,April,18,Sunday,20,4
418,Luelle Fernanando,Agender,57,North Sebastianberg,Australian Capital Territory,794,2021-04-18,2021-05-08,3988,972,97.0,1,97.0,Trousers,Slim-Fit,M,indigo,67,April,18,Sunday,20,4
418,Luelle Fernanando,Agender,57,North Sebastianberg,Australian Capital Territory,794,2021-04-18,2021-05-08,3990,582,100.0,3,300.0,Jacket,Bomber,M,blue,44,April,18,Sunday,20,4
418,Luelle Fernanando,Agender,57,North Sebastianberg,Australian Capital Territory,794,2021-04-18,2021-05-08,3993,470,118.0,2,236.0,Jacket,Puffer,XS,green,41,April,18,Sunday,20,4
418,Luelle Fernanando,Agender,57,North Sebastianberg,Australian Capital Territory,794,2021-04-18,2021-05-08,3989,209,98.0,2,196.0,Shirt,Camp Collared,XL,violet,40,April,18,Sunday,20,4
419,Chaddie Fawlkes,Male,58,West Mackenzie,Queensland,433,2021-08-18,2021-09-02,2150,858,113.0,3,339.0,Trousers,Chinos,L,green,77,August,18,Wednesday,15,8
419,Chaddie Fawlkes,Male,58,West Mackenzie,Queensland,433,2021-08-18,2021-09-02,2149,841,113.0,1,113.0,Trousers,Chinos,S,red,62,August,18,Wednesday,15,8
421,Kellyann Stening,Genderfluid,62,North Baileyside,Australian Capital Territory,190,2021-02-01,2021-02-17,923,431,107.0,3,321.0,Jacket,Denim,S,yellow,43,February,1,Monday,16,2
422,Farah Schukert,Agender,34,Feeneymouth,Queensland,800,2021-06-21,2021-06-23,4016,229,106.0,3,318.0,Shirt,Chambray,XL,green,58,June,21,Monday,2,6
422,Farah Schukert,Agender,34,Feeneymouth,Queensland,908,2021-03-15,2021-04-08,4559,238,106.0,2,212.0,Shirt,Chambray,L,indigo,79,March,15,Monday,24,3
422,Farah Schukert,Agender,34,Feeneymouth,Queensland,908,2021-03-15,2021-04-08,4560,842,113.0,1,113.0,Trousers,Chinos,M,red,54,March,15,Monday,24,3
422,Farah Schukert,Agender,34,Feeneymouth,Queensland,800,2021-06-21,2021-06-23,4018,77,118.0,1,118.0,Shirt,Flannel,M,orange,68,June,21,Monday,2,6
422,Farah Schukert,Agender,34,Feeneymouth,Queensland,800,2021-06-21,2021-06-23,4017,1203,105.0,3,315.0,Trousers,Pleated,L,yellow,62,June,21,Monday,2,6
422,Farah Schukert,Agender,34,Feeneymouth,Queensland,908,2021-03-15,2021-04-08,4558,631,93.0,3,279.0,Jacket,Coach,S,red,76,March,15,Monday,24,3
422,Farah Schukert,Agender,34,Feeneymouth,Queensland,908,2021-03-15,2021-04-08,4557,141,91.0,1,91.0,Shirt,Linen,S,red,67,March,15,Monday,24,3
422,Farah Schukert,Agender,34,Feeneymouth,Queensland,908,2021-03-15,2021-04-08,4555,1054,93.0,3,279.0,Trousers,Joggers,XL,red,58,March,15,Monday,24,3
422,Farah Schukert,Agender,34,Feeneymouth,Queensland,908,2021-03-15,2021-04-08,4552,132,92.0,2,184.0,Shirt,Denim,M,indigo,56,March,15,Monday,24,3
422,Farah Schukert,Agender,34,Feeneymouth,Queensland,769,2021-09-10,2021-10-04,3849,365,94.0,2,188.0,Shirt,Henley,XS,green,61,September,10,Friday,24,9
422,Farah Schukert,Agender,34,Feeneymouth,Queensland,908,2021-03-15,2021-04-08,4554,49,104.0,1,104.0,Shirt,Dress,XL,yellow,75,March,15,Monday,24,3
422,Farah Schukert,Agender,34,Feeneymouth,Queensland,908,2021-03-15,2021-04-08,4551,635,93.0,2,186.0,Jacket,Coach,XS,orange,42,March,15,Monday,24,3
422,Farah Schukert,Agender,34,Feeneymouth,Queensland,908,2021-03-15,2021-04-08,4556,817,117.0,3,351.0,Jacket,Shearling,M,yellow,60,March,15,Monday,24,3
422,Farah Schukert,Agender,34,Feeneymouth,Queensland,800,2021-06-21,2021-06-23,4019,401,119.0,2,238.0,Shirt,Casual Slim Fit,S,green,72,June,21,Monday,2,6
422,Farah Schukert,Agender,34,Feeneymouth,Queensland,908,2021-03-15,2021-04-08,4553,196,98.0,3,294.0,Shirt,Camp Collared,S,blue,75,March,15,Monday,24,3
423,Datha Vicary,Agender,32,New Rileybury,South Australia,282,2021-03-30,2021-04-18,1365,52,104.0,2,208.0,Shirt,Dress,M,green,65,March,30,Tuesday,19,3
423,Datha Vicary,Agender,32,New Rileybury,South Australia,282,2021-03-30,2021-04-18,1367,481,118.0,1,118.0,Jacket,Puffer,S,indigo,62,March,30,Tuesday,19,3
423,Datha Vicary,Agender,32,New Rileybury,South Australia,282,2021-03-30,2021-04-18,1370,427,107.0,2,214.0,Jacket,Denim,M,orange,48,March,30,Tuesday,19,3
423,Datha Vicary,Agender,32,New Rileybury,South Australia,282,2021-03-30,2021-04-18,1371,74,118.0,2,236.0,Shirt,Flannel,XL,red,72,March,30,Tuesday,19,3
423,Datha Vicary,Agender,32,New Rileybury,South Australia,282,2021-03-30,2021-04-18,1372,1106,115.0,2,230.0,Trousers,Cropped,S,blue,62,March,30,Tuesday,19,3
423,Datha Vicary,Agender,32,New Rileybury,South Australia,282,2021-03-30,2021-04-18,1366,537,98.0,1,98.0,Jacket,Leather,M,yellow,77,March,30,Tuesday,19,3
423,Datha Vicary,Agender,32,New Rileybury,South Australia,282,2021-03-30,2021-04-18,1368,1207,105.0,2,210.0,Trousers,Pleated,M,green,41,March,30,Tuesday,19,3
423,Datha Vicary,Agender,32,New Rileybury,South Australia,282,2021-03-30,2021-04-18,1369,611,112.0,1,112.0,Jacket,Cardigan,S,green,62,March,30,Tuesday,19,3
426,Augusto Ackrill,Bigender,40,South Sophieview,Victoria,293,2021-08-05,2021-08-13,1433,1122,102.0,2,204.0,Trousers,Cargo Pants,M,red,52,August,5,Thursday,8,8
426,Augusto Ackrill,Bigender,40,South Sophieview,Victoria,293,2021-08-05,2021-08-13,1431,740,109.0,2,218.0,Jacket,Peacoat,XS,orange,78,August,5,Thursday,8,8
426,Augusto Ackrill,Bigender,40,South Sophieview,Victoria,293,2021-08-05,2021-08-13,1437,317,109.0,1,109.0,Shirt,Mandarin Collar,M,red,60,August,5,Thursday,8,8
426,Augusto Ackrill,Bigender,40,South Sophieview,Victoria,293,2021-08-05,2021-08-13,1432,982,106.0,2,212.0,Trousers,Wool,M,red,58,August,5,Thursday,8,8
426,Augusto Ackrill,Bigender,40,South Sophieview,Victoria,293,2021-08-05,2021-08-13,1435,1055,93.0,2,186.0,Trousers,Joggers,XS,orange,65,August,5,Thursday,8,8
426,Augusto Ackrill,Bigender,40,South Sophieview,Victoria,293,2021-08-05,2021-08-13,1434,1050,93.0,1,93.0,Trousers,Joggers,XS,red,65,August,5,Thursday,8,8
426,Augusto Ackrill,Bigender,40,South Sophieview,Victoria,293,2021-08-05,2021-08-13,1436,105,92.0,3,276.0,Shirt,Denim,XS,red,52,August,5,Thursday,8,8
427,Tomaso Mullin,Genderqueer,25,New Ava,Queensland,661,2021-09-14,2021-09-17,3281,220,106.0,1,106.0,Shirt,Chambray,XS,yellow,57,September,14,Tuesday,3,9
427,Tomaso Mullin,Genderqueer,25,New Ava,Queensland,412,2021-09-23,2021-10-13,2042,1034,90.0,2,180.0,Trousers,Relaxed Leg,XL,green,64,September,23,Thursday,20,9
427,Tomaso Mullin,Genderqueer,25,New Ava,Queensland,412,2021-09-23,2021-10-13,2043,314,105.0,1,105.0,Shirt,Cuban Collar,XL,violet,44,September,23,Thursday,20,9
427,Tomaso Mullin,Genderqueer,25,New Ava,Queensland,661,2021-09-14,2021-09-17,3276,21,96.0,1,96.0,Shirt,Oxford Cloth,S,blue,51,September,14,Tuesday,3,9
427,Tomaso Mullin,Genderqueer,25,New Ava,Queensland,795,2021-06-07,2021-06-30,3996,830,117.0,2,234.0,Jacket,Shearling,XS,indigo,68,June,7,Monday,23,6
427,Tomaso Mullin,Genderqueer,25,New Ava,Queensland,661,2021-09-14,2021-09-17,3279,849,113.0,3,339.0,Trousers,Chinos,XL,orange,48,September,14,Tuesday,3,9
427,Tomaso Mullin,Genderqueer,25,New Ava,Queensland,661,2021-09-14,2021-09-17,3278,1184,99.0,2,198.0,Trousers,High-Waisted,XL,indigo,57,September,14,Tuesday,3,9
427,Tomaso Mullin,Genderqueer,25,New Ava,Queensland,661,2021-09-14,2021-09-17,3280,826,117.0,3,351.0,Jacket,Shearling,S,blue,72,September,14,Tuesday,3,9
427,Tomaso Mullin,Genderqueer,25,New Ava,Queensland,412,2021-09-23,2021-10-13,2044,232,106.0,2,212.0,Shirt,Chambray,M,blue,66,September,23,Thursday,20,9
427,Tomaso Mullin,Genderqueer,25,New Ava,Queensland,661,2021-09-14,2021-09-17,3277,990,106.0,1,106.0,Trousers,Wool,XS,yellow,67,September,14,Tuesday,3,9
427,Tomaso Mullin,Genderqueer,25,New Ava,Queensland,412,2021-09-23,2021-10-13,2045,721,119.0,1,119.0,Jacket,Trench Coat,S,blue,64,September,23,Thursday,20,9
427,Tomaso Mullin,Genderqueer,25,New Ava,Queensland,795,2021-06-07,2021-06-30,3995,11,96.0,3,288.0,Shirt,Oxford Cloth,S,yellow,78,June,7,Monday,23,6
428,Jammal Varcoe,Polygender,66,North Liamfort,Australian Capital Territory,999,2021-06-15,2021-07-12,4999,1105,115.0,1,115.0,Trousers,Cropped,XS,blue,47,June,15,Tuesday,27,6
428,Jammal Varcoe,Polygender,66,North Liamfort,Australian Capital Territory,999,2021-06-15,2021-07-12,4998,998,106.0,2,212.0,Trousers,Wool,L,green,42,June,15,Tuesday,27,6
428,Jammal Varcoe,Polygender,66,North Liamfort,Australian Capital Territory,129,2021-05-24,2021-05-27,615,872,113.0,2,226.0,Trousers,Chinos,M,violet,54,May,24,Monday,3,5
428,Jammal Varcoe,Polygender,66,North Liamfort,Australian Capital Territory,129,2021-05-24,2021-05-27,613,1026,90.0,2,180.0,Trousers,Relaxed Leg,S,yellow,43,May,24,Monday,3,5
428,Jammal Varcoe,Polygender,66,North Liamfort,Australian Capital Territory,999,2021-06-15,2021-07-12,4997,872,113.0,1,113.0,Trousers,Chinos,M,violet,54,June,15,Tuesday,27,6
428,Jammal Varcoe,Polygender,66,North Liamfort,Australian Capital Territory,129,2021-05-24,2021-05-27,614,570,100.0,1,100.0,Jacket,Bomber,XS,yellow,57,May,24,Monday,3,5
431,Ronni Gruszczak,Agender,41,Jademouth,Victoria,777,2021-01-16,2021-02-09,3879,577,100.0,1,100.0,Jacket,Bomber,M,green,61,January,16,Saturday,24,1
431,Ronni Gruszczak,Agender,41,Jademouth,Victoria,777,2021-01-16,2021-02-09,3882,823,117.0,3,351.0,Jacket,Shearling,L,green,66,January,16,Saturday,24,1
431,Ronni Gruszczak,Agender,41,Jademouth,Victoria,777,2021-01-16,2021-02-09,3876,625,112.0,2,224.0,Jacket,Cardigan,XS,violet,40,January,16,Saturday,24,1
431,Ronni Gruszczak,Agender,41,Jademouth,Victoria,777,2021-01-16,2021-02-09,3880,721,119.0,2,238.0,Jacket,Trench Coat,S,blue,64,January,16,Saturday,24,1
431,Ronni Gruszczak,Agender,41,Jademouth,Victoria,428,2021-02-24,2021-03-23,2133,910,96.0,1,96.0,Trousers,Drawstring,XS,red,57,February,24,Wednesday,27,2
431,Ronni Gruszczak,Agender,41,Jademouth,Victoria,777,2021-01-16,2021-02-09,3878,1126,102.0,3,306.0,Trousers,Cargo Pants,S,orange,60,January,16,Saturday,24,1
431,Ronni Gruszczak,Agender,41,Jademouth,Victoria,777,2021-01-16,2021-02-09,3877,401,119.0,3,357.0,Shirt,Casual Slim Fit,S,green,72,January,16,Saturday,24,1
431,Ronni Gruszczak,Agender,41,Jademouth,Victoria,162,2021-04-25,2021-05-05,768,896,94.0,1,94.0,Trousers,Cords,S,blue,59,April,25,Sunday,10,4
431,Ronni Gruszczak,Agender,41,Jademouth,Victoria,162,2021-04-25,2021-05-05,769,1052,93.0,3,279.0,Trousers,Joggers,M,red,43,April,25,Sunday,10,4
431,Ronni Gruszczak,Agender,41,Jademouth,Victoria,162,2021-04-25,2021-05-05,771,870,113.0,2,226.0,Trousers,Chinos,XS,violet,72,April,25,Sunday,10,4
431,Ronni Gruszczak,Agender,41,Jademouth,Victoria,162,2021-04-25,2021-05-05,770,1091,115.0,3,345.0,Trousers,Cropped,S,orange,78,April,25,Sunday,10,4
431,Ronni Gruszczak,Agender,41,Jademouth,Victoria,162,2021-04-25,2021-05-05,772,849,113.0,2,226.0,Trousers,Chinos,XL,orange,48,April,25,Sunday,10,4
431,Ronni Gruszczak,Agender,41,Jademouth,Victoria,777,2021-01-16,2021-02-09,3881,657,93.0,3,279.0,Jacket,Coach,M,indigo,64,January,16,Saturday,24,1
431,Ronni Gruszczak,Agender,41,Jademouth,Victoria,428,2021-02-24,2021-03-23,2134,328,109.0,2,218.0,Shirt,Mandarin Collar,L,yellow,78,February,24,Wednesday,27,2
431,Ronni Gruszczak,Agender,41,Jademouth,Victoria,428,2021-02-24,2021-03-23,2132,689,113.0,2,226.0,Jacket,Parka,XL,blue,47,February,24,Wednesday,27,2
432,Ettie Gonnely,Bigender,34,North Cody,Victoria,939,2021-04-02,2021-04-21,4691,689,113.0,3,339.0,Jacket,Parka,XL,blue,47,April,2,Friday,19,4
432,Ettie Gonnely,Bigender,34,North Cody,Victoria,939,2021-04-02,2021-04-21,4687,783,91.0,2,182.0,Jacket,Pullover,L,yellow,43,April,2,Friday,19,4
432,Ettie Gonnely,Bigender,34,North Cody,Victoria,939,2021-04-02,2021-04-21,4692,1048,90.0,2,180.0,Trousers,Relaxed Leg,L,violet,47,April,2,Friday,19,4
432,Ettie Gonnely,Bigender,34,North Cody,Victoria,939,2021-04-02,2021-04-21,4688,382,94.0,2,188.0,Shirt,Henley,M,violet,44,April,2,Friday,19,4
432,Ettie Gonnely,Bigender,34,North Cody,Victoria,939,2021-04-02,2021-04-21,4690,441,107.0,2,214.0,Jacket,Denim,S,blue,56,April,2,Friday,19,4
432,Ettie Gonnely,Bigender,34,North Cody,Victoria,939,2021-04-02,2021-04-21,4689,422,107.0,1,107.0,Jacket,Denim,M,red,43,April,2,Friday,19,4
433,Candis Roswarne,Non-binary,46,West Michaelport,Tasmania,251,2021-07-31,2021-08-27,1214,551,98.0,3,294.0,Jacket,Leather,S,indigo,40,July,31,Saturday,27,7
433,Candis Roswarne,Non-binary,46,West Michaelport,Tasmania,251,2021-07-31,2021-08-27,1215,1015,90.0,2,180.0,Trousers,Relaxed Leg,XS,red,52,July,31,Saturday,27,7
433,Candis Roswarne,Non-binary,46,West Michaelport,Tasmania,251,2021-07-31,2021-08-27,1216,26,96.0,3,288.0,Shirt,Oxford Cloth,S,indigo,59,July,31,Saturday,27,7
433,Candis Roswarne,Non-binary,46,West Michaelport,Tasmania,4,2021-05-06,2021-05-19,15,1033,90.0,1,90.0,Trousers,Relaxed Leg,L,green,62,May,6,Thursday,13,5
433,Candis Roswarne,Non-binary,46,West Michaelport,Tasmania,4,2021-05-06,2021-05-19,17,769,109.0,1,109.0,Jacket,Peacoat,XL,violet,42,May,6,Thursday,13,5
433,Candis Roswarne,Non-binary,46,West Michaelport,Tasmania,4,2021-05-06,2021-05-19,16,1184,99.0,3,297.0,Trousers,High-Waisted,XL,indigo,57,May,6,Thursday,13,5
433,Candis Roswarne,Non-binary,46,West Michaelport,Tasmania,4,2021-05-06,2021-05-19,19,12,96.0,2,192.0,Shirt,Oxford Cloth,M,yellow,56,May,6,Thursday,13,5
433,Candis Roswarne,Non-binary,46,West Michaelport,Tasmania,4,2021-05-06,2021-05-19,18,923,96.0,3,288.0,Trousers,Drawstring,L,yellow,68,May,6,Thursday,13,5
433,Candis Roswarne,Non-binary,46,West Michaelport,Tasmania,251,2021-07-31,2021-08-27,1213,790,91.0,1,91.0,Jacket,Pullover,XS,blue,61,July,31,Saturday,27,7
433,Candis Roswarne,Non-binary,46,West Michaelport,Tasmania,318,2021-01-31,2021-02-17,1553,542,98.0,2,196.0,Jacket,Leather,M,green,45,January,31,Sunday,17,1
433,Candis Roswarne,Non-binary,46,West Michaelport,Tasmania,318,2021-01-31,2021-02-17,1552,854,113.0,1,113.0,Trousers,Chinos,XL,yellow,59,January,31,Sunday,17,1
433,Candis Roswarne,Non-binary,46,West Michaelport,Tasmania,318,2021-01-31,2021-02-17,1551,634,93.0,1,93.0,Jacket,Coach,XL,red,46,January,31,Sunday,17,1
434,Marci Borrett,Agender,20,West Amber,Western Australia,574,2021-06-21,2021-07-03,2867,195,98.0,1,98.0,Shirt,Camp Collared,XS,blue,47,June,21,Monday,12,6
434,Marci Borrett,Agender,20,West Amber,Western Australia,574,2021-06-21,2021-07-03,2866,1038,90.0,1,90.0,Trousers,Relaxed Leg,L,blue,61,June,21,Monday,12,6
434,Marci Borrett,Agender,20,West Amber,Western Australia,574,2021-06-21,2021-07-03,2865,1095,115.0,3,345.0,Trousers,Cropped,XS,yellow,41,June,21,Monday,12,6
435,Aldridge Tesh,Agender,41,South Tobyton,South Australia,173,2021-06-06,2021-07-01,836,1005,106.0,2,212.0,Trousers,Wool,XS,indigo,43,June,6,Sunday,25,6
436,Meredith Canniffe,Polygender,41,Port Siennaport,South Australia,784,2021-03-14,2021-04-04,3924,151,91.0,3,273.0,Shirt,Linen,S,yellow,60,March,14,Sunday,21,3
436,Meredith Canniffe,Polygender,41,Port Siennaport,South Australia,784,2021-03-14,2021-04-04,3922,869,113.0,2,226.0,Trousers,Chinos,XL,indigo,78,March,14,Sunday,21,3
436,Meredith Canniffe,Polygender,41,Port Siennaport,South Australia,784,2021-03-14,2021-04-04,3925,1028,90.0,2,180.0,Trousers,Relaxed Leg,L,yellow,65,March,14,Sunday,21,3
436,Meredith Canniffe,Polygender,41,Port Siennaport,South Australia,784,2021-03-14,2021-04-04,3923,1033,90.0,1,90.0,Trousers,Relaxed Leg,L,green,62,March,14,Sunday,21,3
436,Meredith Canniffe,Polygender,41,Port Siennaport,South Australia,784,2021-03-14,2021-04-04,3921,936,96.0,2,192.0,Trousers,Drawstring,S,indigo,46,March,14,Sunday,21,3
436,Meredith Canniffe,Polygender,41,Port Siennaport,South Australia,784,2021-03-14,2021-04-04,3926,397,119.0,1,119.0,Shirt,Casual Slim Fit,M,yellow,76,March,14,Sunday,21,3
439,Daren Airs,Female,75,West Thomas,Victoria,905,2021-01-11,2021-01-23,4542,870,113.0,2,226.0,Trousers,Chinos,XS,violet,72,January,11,Monday,12,1
439,Daren Airs,Female,75,West Thomas,Victoria,545,2021-06-21,2021-07-02,2731,977,97.0,3,291.0,Trousers,Slim-Fit,M,violet,51,June,21,Monday,11,6
439,Daren Airs,Female,75,West Thomas,Victoria,647,2021-02-06,2021-02-11,3213,991,106.0,3,318.0,Trousers,Wool,S,yellow,69,February,6,Saturday,5,2
439,Daren Airs,Female,75,West Thomas,Victoria,647,2021-02-06,2021-02-11,3215,253,95.0,2,190.0,Shirt,Polo,L,orange,63,February,6,Saturday,5,2
439,Daren Airs,Female,75,West Thomas,Victoria,647,2021-02-06,2021-02-11,3214,1218,105.0,3,315.0,Trousers,Pleated,L,indigo,73,February,6,Saturday,5,2
439,Daren Airs,Female,75,West Thomas,Victoria,130,2021-06-20,2021-07-15,616,250,95.0,1,95.0,Shirt,Polo,XS,orange,75,June,20,Sunday,25,6
439,Daren Airs,Female,75,West Thomas,Victoria,545,2021-06-21,2021-07-02,2724,1242,112.0,3,336.0,Trousers,Tracksuit Bottoms,M,green,47,June,21,Monday,11,6
439,Daren Airs,Female,75,West Thomas,Victoria,545,2021-06-21,2021-07-02,2723,419,119.0,1,119.0,Shirt,Casual Slim Fit,XL,violet,57,June,21,Monday,11,6
439,Daren Airs,Female,75,West Thomas,Victoria,905,2021-01-11,2021-01-23,4540,486,118.0,3,354.0,Jacket,Puffer,S,violet,46,January,11,Monday,12,1
439,Daren Airs,Female,75,West Thomas,Victoria,905,2021-01-11,2021-01-23,4541,79,118.0,1,118.0,Shirt,Flannel,XL,orange,50,January,11,Monday,12,1
439,Daren Airs,Female,75,West Thomas,Victoria,545,2021-06-21,2021-07-02,2722,921,96.0,2,192.0,Trousers,Drawstring,S,yellow,74,June,21,Monday,11,6
439,Daren Airs,Female,75,West Thomas,Victoria,545,2021-06-21,2021-07-02,2726,600,112.0,1,112.0,Jacket,Cardigan,XS,orange,46,June,21,Monday,11,6
439,Daren Airs,Female,75,West Thomas,Victoria,545,2021-06-21,2021-07-02,2727,355,94.0,1,94.0,Shirt,Henley,XS,orange,65,June,21,Monday,11,6
439,Daren Airs,Female,75,West Thomas,Victoria,545,2021-06-21,2021-07-02,2728,586,100.0,1,100.0,Jacket,Bomber,S,indigo,41,June,21,Monday,11,6
439,Daren Airs,Female,75,West Thomas,Victoria,545,2021-06-21,2021-07-02,2725,823,117.0,3,351.0,Jacket,Shearling,L,green,66,June,21,Monday,11,6
439,Daren Airs,Female,75,West Thomas,Victoria,545,2021-06-21,2021-07-02,2721,422,107.0,3,321.0,Jacket,Denim,M,red,43,June,21,Monday,11,6
439,Daren Airs,Female,75,West Thomas,Victoria,545,2021-06-21,2021-07-02,2730,646,93.0,2,186.0,Jacket,Coach,S,green,60,June,21,Monday,11,6
439,Daren Airs,Female,75,West Thomas,Victoria,545,2021-06-21,2021-07-02,2729,1172,99.0,2,198.0,Trousers,High-Waisted,M,green,51,June,21,Monday,11,6
441,Artemas Vasilischev,Bigender,53,South Rileyview,Western Australia,5,2021-03-23,2021-03-24,21,475,118.0,2,236.0,Jacket,Puffer,XS,blue,57,March,23,Tuesday,1,3
441,Artemas Vasilischev,Bigender,53,South Rileyview,Western Australia,5,2021-03-23,2021-03-24,23,830,117.0,3,351.0,Jacket,Shearling,XS,indigo,68,March,23,Tuesday,1,3
441,Artemas Vasilischev,Bigender,53,South Rileyview,Western Australia,5,2021-03-23,2021-03-24,22,1,96.0,3,288.0,Shirt,Oxford Cloth,S,red,53,March,23,Tuesday,1,3
441,Artemas Vasilischev,Bigender,53,South Rileyview,Western Australia,5,2021-03-23,2021-03-24,20,148,91.0,2,182.0,Shirt,Linen,L,orange,73,March,23,Tuesday,1,3
441,Artemas Vasilischev,Bigender,53,South Rileyview,Western Australia,454,2021-03-29,2021-04-12,2241,669,113.0,3,339.0,Jacket,Parka,XL,red,64,March,29,Monday,14,3
441,Artemas Vasilischev,Bigender,53,South Rileyview,Western Australia,454,2021-03-29,2021-04-12,2242,693,113.0,1,113.0,Jacket,Parka,L,indigo,44,March,29,Monday,14,3
441,Artemas Vasilischev,Bigender,53,South Rileyview,Western Australia,454,2021-03-29,2021-04-12,2244,382,94.0,2,188.0,Shirt,Henley,M,violet,44,March,29,Monday,14,3
441,Artemas Vasilischev,Bigender,53,South Rileyview,Western Australia,454,2021-03-29,2021-04-12,2243,286,105.0,2,210.0,Shirt,Cuban Collar,S,orange,50,March,29,Monday,14,3
441,Artemas Vasilischev,Bigender,53,South Rileyview,Western Australia,5,2021-03-23,2021-03-24,26,639,93.0,3,279.0,Jacket,Coach,XL,orange,46,March,23,Tuesday,1,3
441,Artemas Vasilischev,Bigender,53,South Rileyview,Western Australia,5,2021-03-23,2021-03-24,25,635,93.0,3,279.0,Jacket,Coach,XS,orange,42,March,23,Tuesday,1,3
441,Artemas Vasilischev,Bigender,53,South Rileyview,Western Australia,5,2021-03-23,2021-03-24,24,1209,105.0,3,315.0,Trousers,Pleated,XL,green,55,March,23,Tuesday,1,3
441,Artemas Vasilischev,Bigender,53,South Rileyview,Western Australia,5,2021-03-23,2021-03-24,27,695,113.0,1,113.0,Jacket,Parka,XS,violet,59,March,23,Tuesday,1,3
442,Hobie Anfusso,Polygender,26,Port Chloe,New South Wales,565,2021-02-25,2021-03-15,2823,1244,112.0,1,112.0,Trousers,Tracksuit Bottoms,XL,green,49,February,25,Thursday,18,2
442,Hobie Anfusso,Polygender,26,Port Chloe,New South Wales,565,2021-02-25,2021-03-15,2821,833,117.0,1,117.0,Jacket,Shearling,L,indigo,66,February,25,Thursday,18,2
442,Hobie Anfusso,Polygender,26,Port Chloe,New South Wales,565,2021-02-25,2021-03-15,2822,831,117.0,2,234.0,Jacket,Shearling,S,indigo,45,February,25,Thursday,18,2
442,Hobie Anfusso,Polygender,26,Port Chloe,New South Wales,565,2021-02-25,2021-03-15,2824,610,112.0,1,112.0,Jacket,Cardigan,XS,green,40,February,25,Thursday,18,2
442,Hobie Anfusso,Polygender,26,Port Chloe,New South Wales,565,2021-02-25,2021-03-15,2820,1100,115.0,1,115.0,Trousers,Cropped,XS,green,48,February,25,Thursday,18,2
443,Melodee Spencley,Bigender,49,Crooksshire,Victoria,171,2021-09-14,2021-09-16,822,520,102.0,2,204.0,Jacket,Windbreaker,XS,violet,68,September,14,Tuesday,2,9
443,Melodee Spencley,Bigender,49,Crooksshire,Victoria,171,2021-09-14,2021-09-16,823,655,93.0,1,93.0,Jacket,Coach,XS,indigo,42,September,14,Tuesday,2,9
443,Melodee Spencley,Bigender,49,Crooksshire,Victoria,171,2021-09-14,2021-09-16,824,812,117.0,1,117.0,Jacket,Shearling,M,orange,45,September,14,Tuesday,2,9
443,Melodee Spencley,Bigender,49,Crooksshire,Victoria,171,2021-09-14,2021-09-16,825,444,107.0,3,321.0,Jacket,Denim,XL,blue,80,September,14,Tuesday,2,9
443,Melodee Spencley,Bigender,49,Crooksshire,Victoria,171,2021-09-14,2021-09-16,826,785,91.0,1,91.0,Jacket,Pullover,XS,green,70,September,14,Tuesday,2,9
443,Melodee Spencley,Bigender,49,Crooksshire,Victoria,171,2021-09-14,2021-09-16,828,198,98.0,2,196.0,Shirt,Camp Collared,L,blue,56,September,14,Tuesday,2,9
443,Melodee Spencley,Bigender,49,Crooksshire,Victoria,171,2021-09-14,2021-09-16,829,314,105.0,2,210.0,Shirt,Cuban Collar,XL,violet,44,September,14,Tuesday,2,9
443,Melodee Spencley,Bigender,49,Crooksshire,Victoria,27,2021-05-16,2021-05-28,118,823,117.0,1,117.0,Jacket,Shearling,L,green,66,May,16,Sunday,12,5
443,Melodee Spencley,Bigender,49,Crooksshire,Victoria,27,2021-05-16,2021-05-28,117,302,105.0,2,210.0,Shirt,Cuban Collar,M,blue,55,May,16,Sunday,12,5
443,Melodee Spencley,Bigender,49,Crooksshire,Victoria,27,2021-05-16,2021-05-28,120,430,107.0,1,107.0,Jacket,Denim,XS,yellow,52,May,16,Sunday,12,5
443,Melodee Spencley,Bigender,49,Crooksshire,Victoria,27,2021-05-16,2021-05-28,119,360,94.0,1,94.0,Shirt,Henley,XS,yellow,42,May,16,Sunday,12,5
443,Melodee Spencley,Bigender,49,Crooksshire,Victoria,27,2021-05-16,2021-05-28,121,1027,90.0,3,270.0,Trousers,Relaxed Leg,M,yellow,68,May,16,Sunday,12,5
443,Melodee Spencley,Bigender,49,Crooksshire,Victoria,27,2021-05-16,2021-05-28,122,603,112.0,1,112.0,Jacket,Cardigan,L,orange,79,May,16,Sunday,12,5
443,Melodee Spencley,Bigender,49,Crooksshire,Victoria,27,2021-05-16,2021-05-28,123,843,113.0,2,226.0,Trousers,Chinos,L,red,44,May,16,Sunday,12,5
443,Melodee Spencley,Bigender,49,Crooksshire,Victoria,171,2021-09-14,2021-09-16,827,85,118.0,2,236.0,Shirt,Flannel,XS,green,55,September,14,Tuesday,2,9
445,Margret Yeabsley,Polygender,44,Macdonaldchester,Victoria,746,2021-06-19,2021-06-27,3733,138,92.0,2,184.0,Shirt,Denim,L,violet,78,June,19,Saturday,8,6
445,Margret Yeabsley,Polygender,44,Macdonaldchester,Victoria,746,2021-06-19,2021-06-27,3734,47,104.0,1,104.0,Shirt,Dress,M,yellow,61,June,19,Saturday,8,6
445,Margret Yeabsley,Polygender,44,Macdonaldchester,Victoria,746,2021-06-19,2021-06-27,3735,100,118.0,1,118.0,Shirt,Flannel,XS,violet,72,June,19,Saturday,8,6
445,Margret Yeabsley,Polygender,44,Macdonaldchester,Victoria,746,2021-06-19,2021-06-27,3729,1170,99.0,2,198.0,Trousers,High-Waisted,XS,green,42,June,19,Saturday,8,6
445,Margret Yeabsley,Polygender,44,Macdonaldchester,Victoria,785,2021-03-22,2021-04-02,3928,1148,102.0,2,204.0,Trousers,Cargo Pants,L,indigo,46,March,22,Monday,11,3
445,Margret Yeabsley,Polygender,44,Macdonaldchester,Victoria,785,2021-03-22,2021-04-02,3929,469,118.0,3,354.0,Jacket,Puffer,XL,yellow,65,March,22,Monday,11,3
445,Margret Yeabsley,Polygender,44,Macdonaldchester,Victoria,746,2021-06-19,2021-06-27,3731,754,109.0,3,327.0,Jacket,Peacoat,XL,green,68,June,19,Saturday,8,6
445,Margret Yeabsley,Polygender,44,Macdonaldchester,Victoria,746,2021-06-19,2021-06-27,3732,742,109.0,3,327.0,Jacket,Peacoat,M,orange,47,June,19,Saturday,8,6
445,Margret Yeabsley,Polygender,44,Macdonaldchester,Victoria,785,2021-03-22,2021-04-02,3930,95,118.0,3,354.0,Shirt,Flannel,XS,indigo,46,March,22,Monday,11,3
445,Margret Yeabsley,Polygender,44,Macdonaldchester,Victoria,785,2021-03-22,2021-04-02,3931,1242,112.0,2,224.0,Trousers,Tracksuit Bottoms,M,green,47,March,22,Monday,11,3
445,Margret Yeabsley,Polygender,44,Macdonaldchester,Victoria,785,2021-03-22,2021-04-02,3932,835,117.0,3,351.0,Jacket,Shearling,XS,violet,75,March,22,Monday,11,3
445,Margret Yeabsley,Polygender,44,Macdonaldchester,Victoria,785,2021-03-22,2021-04-02,3933,877,94.0,1,94.0,Trousers,Cords,M,red,68,March,22,Monday,11,3
445,Margret Yeabsley,Polygender,44,Macdonaldchester,Victoria,746,2021-06-19,2021-06-27,3730,1139,102.0,2,204.0,Trousers,Cargo Pants,XL,green,65,June,19,Saturday,8,6
445,Margret Yeabsley,Polygender,44,Macdonaldchester,Victoria,785,2021-03-22,2021-04-02,3927,1231,112.0,1,112.0,Trousers,Tracksuit Bottoms,S,orange,59,March,22,Monday,11,3
446,Benny Songist,Non-binary,47,North Lukeshire,Tasmania,896,2021-03-14,2021-03-31,4489,621,112.0,3,336.0,Jacket,Cardigan,S,indigo,61,March,14,Sunday,17,3
446,Benny Songist,Non-binary,47,North Lukeshire,Tasmania,896,2021-03-14,2021-03-31,4492,1072,93.0,1,93.0,Trousers,Joggers,M,blue,78,March,14,Sunday,17,3
446,Benny Songist,Non-binary,47,North Lukeshire,Tasmania,896,2021-03-14,2021-03-31,4493,905,94.0,1,94.0,Trousers,Cords,XS,violet,76,March,14,Sunday,17,3
446,Benny Songist,Non-binary,47,North Lukeshire,Tasmania,896,2021-03-14,2021-03-31,4490,388,119.0,2,238.0,Shirt,Casual Slim Fit,L,red,78,March,14,Sunday,17,3
446,Benny Songist,Non-binary,47,North Lukeshire,Tasmania,896,2021-03-14,2021-03-31,4491,124,92.0,2,184.0,Shirt,Denim,XL,green,52,March,14,Sunday,17,3
446,Benny Songist,Non-binary,47,North Lukeshire,Tasmania,397,2021-02-03,2021-02-22,1978,1080,93.0,2,186.0,Trousers,Joggers,XS,violet,50,February,3,Wednesday,19,2
446,Benny Songist,Non-binary,47,North Lukeshire,Tasmania,397,2021-02-03,2021-02-22,1977,1181,99.0,2,198.0,Trousers,High-Waisted,S,indigo,79,February,3,Wednesday,19,2
446,Benny Songist,Non-binary,47,North Lukeshire,Tasmania,397,2021-02-03,2021-02-22,1979,963,97.0,3,291.0,Trousers,Slim-Fit,L,green,43,February,3,Wednesday,19,2
447,Shena Solomonides,Bigender,68,Zacshire,New South Wales,726,2021-09-15,2021-10-05,3630,131,92.0,2,184.0,Shirt,Denim,S,indigo,69,September,15,Wednesday,20,9
447,Shena Solomonides,Bigender,68,Zacshire,New South Wales,726,2021-09-15,2021-10-05,3629,607,112.0,2,224.0,Jacket,Cardigan,M,yellow,64,September,15,Wednesday,20,9
448,Ashely Inmett,Genderqueer,61,Liamton,Queensland,89,2021-10-22,2021-11-16,391,520,102.0,3,306.0,Jacket,Windbreaker,XS,violet,68,October,22,Friday,25,10
448,Ashely Inmett,Genderqueer,61,Liamton,Queensland,89,2021-10-22,2021-11-16,390,549,98.0,1,98.0,Jacket,Leather,XL,blue,67,October,22,Friday,25,10
448,Ashely Inmett,Genderqueer,61,Liamton,Queensland,89,2021-10-22,2021-11-16,388,271,95.0,1,95.0,Shirt,Polo,S,indigo,50,October,22,Friday,25,10
448,Ashely Inmett,Genderqueer,61,Liamton,Queensland,89,2021-10-22,2021-11-16,389,818,117.0,2,234.0,Jacket,Shearling,L,yellow,58,October,22,Friday,25,10
448,Ashely Inmett,Genderqueer,61,Liamton,Queensland,89,2021-10-22,2021-11-16,392,545,98.0,1,98.0,Jacket,Leather,XS,blue,77,October,22,Friday,25,10
450,Devonne Martinetto,Genderfluid,59,West Lucy,New South Wales,456,2021-06-28,2021-07-20,2248,15,96.0,2,192.0,Shirt,Oxford Cloth,XS,green,68,June,28,Monday,22,6
450,Devonne Martinetto,Genderfluid,59,West Lucy,New South Wales,456,2021-06-28,2021-07-20,2247,15,96.0,3,288.0,Shirt,Oxford Cloth,XS,green,68,June,28,Monday,22,6
452,Toddie Snow,Genderqueer,27,Scottview,New South Wales,478,2021-10-15,2021-10-23,2358,1056,93.0,3,279.0,Trousers,Joggers,S,orange,43,October,15,Friday,8,10
452,Toddie Snow,Genderqueer,27,Scottview,New South Wales,478,2021-10-15,2021-10-23,2361,816,117.0,2,234.0,Jacket,Shearling,S,yellow,48,October,15,Friday,8,10
452,Toddie Snow,Genderqueer,27,Scottview,New South Wales,478,2021-10-15,2021-10-23,2359,1076,93.0,2,186.0,Trousers,Joggers,S,indigo,56,October,15,Friday,8,10
452,Toddie Snow,Genderqueer,27,Scottview,New South Wales,478,2021-10-15,2021-10-23,2357,1193,105.0,2,210.0,Trousers,Pleated,L,red,70,October,15,Friday,8,10
452,Toddie Snow,Genderqueer,27,Scottview,New South Wales,478,2021-10-15,2021-10-23,2355,74,118.0,2,236.0,Shirt,Flannel,XL,red,72,October,15,Friday,8,10
452,Toddie Snow,Genderqueer,27,Scottview,New South Wales,478,2021-10-15,2021-10-23,2356,641,93.0,1,93.0,Jacket,Coach,S,yellow,67,October,15,Friday,8,10
452,Toddie Snow,Genderqueer,27,Scottview,New South Wales,478,2021-10-15,2021-10-23,2360,214,106.0,2,212.0,Shirt,Chambray,XL,red,42,October,15,Friday,8,10
453,Guthry Ure,Polygender,35,Kreigerberg,Tasmania,737,2021-05-26,2021-05-30,3683,552,98.0,1,98.0,Jacket,Leather,M,indigo,71,May,26,Wednesday,4,5
453,Guthry Ure,Polygender,35,Kreigerberg,Tasmania,737,2021-05-26,2021-05-30,3685,1160,99.0,1,99.0,Trousers,High-Waisted,XS,orange,55,May,26,Wednesday,4,5
453,Guthry Ure,Polygender,35,Kreigerberg,Tasmania,737,2021-05-26,2021-05-30,3684,800,91.0,2,182.0,Jacket,Pullover,XS,violet,61,May,26,Wednesday,4,5
453,Guthry Ure,Polygender,35,Kreigerberg,Tasmania,737,2021-05-26,2021-05-30,3688,1250,112.0,1,112.0,Trousers,Tracksuit Bottoms,XS,indigo,63,May,26,Wednesday,4,5
453,Guthry Ure,Polygender,35,Kreigerberg,Tasmania,737,2021-05-26,2021-05-30,3681,814,117.0,3,351.0,Jacket,Shearling,XL,orange,60,May,26,Wednesday,4,5
453,Guthry Ure,Polygender,35,Kreigerberg,Tasmania,737,2021-05-26,2021-05-30,3689,98,118.0,2,236.0,Shirt,Flannel,L,indigo,62,May,26,Wednesday,4,5
453,Guthry Ure,Polygender,35,Kreigerberg,Tasmania,737,2021-05-26,2021-05-30,3682,1066,93.0,3,279.0,Trousers,Joggers,S,green,76,May,26,Wednesday,4,5
453,Guthry Ure,Polygender,35,Kreigerberg,Tasmania,737,2021-05-26,2021-05-30,3687,664,93.0,2,186.0,Jacket,Coach,XL,violet,60,May,26,Wednesday,4,5
453,Guthry Ure,Polygender,35,Kreigerberg,Tasmania,737,2021-05-26,2021-05-30,3686,251,95.0,2,190.0,Shirt,Polo,S,orange,78,May,26,Wednesday,4,5
454,Abey Bampforth,Genderfluid,28,Port Isabellafurt,New South Wales,50,2021-09-16,2021-09-18,232,1051,93.0,2,186.0,Trousers,Joggers,S,red,71,September,16,Thursday,2,9
454,Abey Bampforth,Genderfluid,28,Port Isabellafurt,New South Wales,50,2021-09-16,2021-09-18,231,1098,115.0,3,345.0,Trousers,Cropped,L,yellow,60,September,16,Thursday,2,9
454,Abey Bampforth,Genderfluid,28,Port Isabellafurt,New South Wales,50,2021-09-16,2021-09-18,233,1033,90.0,3,270.0,Trousers,Relaxed Leg,L,green,62,September,16,Thursday,2,9
454,Abey Bampforth,Genderfluid,28,Port Isabellafurt,New South Wales,682,2021-02-28,2021-03-18,3386,1080,93.0,3,279.0,Trousers,Joggers,XS,violet,50,February,28,Sunday,18,2
454,Abey Bampforth,Genderfluid,28,Port Isabellafurt,New South Wales,682,2021-02-28,2021-03-18,3387,782,91.0,1,91.0,Jacket,Pullover,M,yellow,49,February,28,Sunday,18,2
454,Abey Bampforth,Genderfluid,28,Port Isabellafurt,New South Wales,50,2021-09-16,2021-09-18,230,339,109.0,1,109.0,Shirt,Mandarin Collar,XL,blue,71,September,16,Thursday,2,9
454,Abey Bampforth,Genderfluid,28,Port Isabellafurt,New South Wales,50,2021-09-16,2021-09-18,229,457,118.0,3,354.0,Jacket,Puffer,M,red,62,September,16,Thursday,2,9
454,Abey Bampforth,Genderfluid,28,Port Isabellafurt,New South Wales,682,2021-02-28,2021-03-18,3389,278,95.0,3,285.0,Shirt,Polo,L,violet,76,February,28,Sunday,18,2
454,Abey Bampforth,Genderfluid,28,Port Isabellafurt,New South Wales,682,2021-02-28,2021-03-18,3385,796,91.0,1,91.0,Jacket,Pullover,S,indigo,44,February,28,Sunday,18,2
454,Abey Bampforth,Genderfluid,28,Port Isabellafurt,New South Wales,50,2021-09-16,2021-09-18,234,429,107.0,1,107.0,Jacket,Denim,XL,orange,79,September,16,Thursday,2,9
454,Abey Bampforth,Genderfluid,28,Port Isabellafurt,New South Wales,682,2021-02-28,2021-03-18,3384,1067,93.0,2,186.0,Trousers,Joggers,M,green,54,February,28,Sunday,18,2
454,Abey Bampforth,Genderfluid,28,Port Isabellafurt,New South Wales,682,2021-02-28,2021-03-18,3388,131,92.0,1,92.0,Shirt,Denim,S,indigo,69,February,28,Sunday,18,2
455,Wash Kyneton,Non-binary,60,Lake Sienna,Northern Territory,946,2021-04-20,2021-05-13,4719,613,112.0,1,112.0,Jacket,Cardigan,L,green,63,April,20,Tuesday,23,4
455,Wash Kyneton,Non-binary,60,Lake Sienna,Northern Territory,946,2021-04-20,2021-05-13,4720,4,96.0,3,288.0,Shirt,Oxford Cloth,XL,red,47,April,20,Tuesday,23,4
456,Joelynn Remington,Agender,33,West Lachlan,Queensland,666,2021-08-25,2021-09-11,3297,1216,105.0,3,315.0,Trousers,Pleated,S,indigo,41,August,25,Wednesday,17,8
456,Joelynn Remington,Agender,33,West Lachlan,Queensland,105,2021-06-25,2021-07-14,476,269,95.0,2,190.0,Shirt,Polo,XL,blue,70,June,25,Friday,19,6
456,Joelynn Remington,Agender,33,West Lachlan,Queensland,105,2021-06-25,2021-07-14,477,929,96.0,1,96.0,Trousers,Drawstring,XL,green,49,June,25,Friday,19,6
456,Joelynn Remington,Agender,33,West Lachlan,Queensland,666,2021-08-25,2021-09-11,3302,215,106.0,1,106.0,Shirt,Chambray,XS,orange,76,August,25,Wednesday,17,8
456,Joelynn Remington,Agender,33,West Lachlan,Queensland,666,2021-08-25,2021-09-11,3301,1147,102.0,2,204.0,Trousers,Cargo Pants,M,indigo,51,August,25,Wednesday,17,8
456,Joelynn Remington,Agender,33,West Lachlan,Queensland,666,2021-08-25,2021-09-11,3300,782,91.0,1,91.0,Jacket,Pullover,M,yellow,49,August,25,Wednesday,17,8
456,Joelynn Remington,Agender,33,West Lachlan,Queensland,666,2021-08-25,2021-09-11,3298,1029,90.0,1,90.0,Trousers,Relaxed Leg,XL,yellow,54,August,25,Wednesday,17,8
456,Joelynn Remington,Agender,33,West Lachlan,Queensland,666,2021-08-25,2021-09-11,3299,1234,112.0,2,224.0,Trousers,Tracksuit Bottoms,XL,orange,42,August,25,Wednesday,17,8
457,North Diamond,Male,27,Charlotteborough,Victoria,248,2021-01-15,2021-01-20,1194,835,117.0,3,351.0,Jacket,Shearling,XS,violet,75,January,15,Friday,5,1
457,North Diamond,Male,27,Charlotteborough,Victoria,845,2021-04-25,2021-05-22,4247,1246,112.0,2,224.0,Trousers,Tracksuit Bottoms,S,blue,48,April,25,Sunday,27,4
457,North Diamond,Male,27,Charlotteborough,Victoria,845,2021-04-25,2021-05-22,4250,1177,99.0,1,99.0,Trousers,High-Waisted,M,blue,52,April,25,Sunday,27,4
457,North Diamond,Male,27,Charlotteborough,Victoria,248,2021-01-15,2021-01-20,1196,889,94.0,2,188.0,Trousers,Cords,XL,yellow,65,January,15,Friday,5,1
457,North Diamond,Male,27,Charlotteborough,Victoria,248,2021-01-15,2021-01-20,1198,192,98.0,1,98.0,Shirt,Camp Collared,M,green,41,January,15,Friday,5,1
457,North Diamond,Male,27,Charlotteborough,Victoria,845,2021-04-25,2021-05-22,4249,1038,90.0,3,270.0,Trousers,Relaxed Leg,L,blue,61,April,25,Sunday,27,4
457,North Diamond,Male,27,Charlotteborough,Victoria,845,2021-04-25,2021-05-22,4248,335,109.0,3,327.0,Shirt,Mandarin Collar,XS,blue,59,April,25,Sunday,27,4
457,North Diamond,Male,27,Charlotteborough,Victoria,248,2021-01-15,2021-01-20,1193,1121,102.0,2,204.0,Trousers,Cargo Pants,S,red,63,January,15,Friday,5,1
457,North Diamond,Male,27,Charlotteborough,Victoria,248,2021-01-15,2021-01-20,1195,689,113.0,3,339.0,Jacket,Parka,XL,blue,47,January,15,Friday,5,1
457,North Diamond,Male,27,Charlotteborough,Victoria,248,2021-01-15,2021-01-20,1200,262,95.0,1,95.0,Shirt,Polo,M,green,62,January,15,Friday,5,1
457,North Diamond,Male,27,Charlotteborough,Victoria,248,2021-01-15,2021-01-20,1199,254,95.0,1,95.0,Shirt,Polo,XL,orange,43,January,15,Friday,5,1
457,North Diamond,Male,27,Charlotteborough,Victoria,845,2021-04-25,2021-05-22,4246,1073,93.0,3,279.0,Trousers,Joggers,L,blue,75,April,25,Sunday,27,4
457,North Diamond,Male,27,Charlotteborough,Victoria,248,2021-01-15,2021-01-20,1197,1171,99.0,3,297.0,Trousers,High-Waisted,S,green,73,January,15,Friday,5,1
458,Romy Cuberley,Genderqueer,42,Mayaview,Queensland,386,2021-02-14,2021-03-03,1923,1064,93.0,3,279.0,Trousers,Joggers,XL,yellow,69,February,14,Sunday,17,2
458,Romy Cuberley,Genderqueer,42,Mayaview,Queensland,386,2021-02-14,2021-03-03,1924,971,97.0,2,194.0,Trousers,Slim-Fit,S,indigo,41,February,14,Sunday,17,2
458,Romy Cuberley,Genderqueer,42,Mayaview,Queensland,386,2021-02-14,2021-03-03,1925,744,109.0,2,218.0,Jacket,Peacoat,XL,orange,69,February,14,Sunday,17,2
460,Frederich Duigenan,Genderfluid,31,Ellashire,Victoria,631,2021-04-14,2021-05-08,3129,1221,105.0,1,105.0,Trousers,Pleated,S,violet,50,April,14,Wednesday,24,4
460,Frederich Duigenan,Genderfluid,31,Ellashire,Victoria,631,2021-04-14,2021-05-08,3128,1131,102.0,3,306.0,Trousers,Cargo Pants,S,yellow,48,April,14,Wednesday,24,4
460,Frederich Duigenan,Genderfluid,31,Ellashire,Victoria,631,2021-04-14,2021-05-08,3126,874,113.0,1,113.0,Trousers,Chinos,XL,violet,77,April,14,Wednesday,24,4
460,Frederich Duigenan,Genderfluid,31,Ellashire,Victoria,631,2021-04-14,2021-05-08,3127,788,91.0,3,273.0,Jacket,Pullover,L,green,72,April,14,Wednesday,24,4
461,Alina Strotton,Female,54,West Chasemouth,Australian Capital Territory,182,2021-02-22,2021-03-04,882,525,98.0,1,98.0,Jacket,Leather,XS,red,67,February,22,Monday,10,2
461,Alina Strotton,Female,54,West Chasemouth,Australian Capital Territory,182,2021-02-22,2021-03-04,883,792,91.0,3,273.0,Jacket,Pullover,M,blue,44,February,22,Monday,10,2
461,Alina Strotton,Female,54,West Chasemouth,Australian Capital Territory,182,2021-02-22,2021-03-04,881,756,109.0,1,109.0,Jacket,Peacoat,S,blue,50,February,22,Monday,10,2
461,Alina Strotton,Female,54,West Chasemouth,Australian Capital Territory,182,2021-02-22,2021-03-04,880,858,113.0,3,339.0,Trousers,Chinos,L,green,77,February,22,Monday,10,2
461,Alina Strotton,Female,54,West Chasemouth,Australian Capital Territory,182,2021-02-22,2021-03-04,884,705,119.0,2,238.0,Jacket,Trench Coat,XS,orange,69,February,22,Monday,10,2
461,Alina Strotton,Female,54,West Chasemouth,Australian Capital Territory,182,2021-02-22,2021-03-04,885,60,104.0,2,208.0,Shirt,Dress,XS,indigo,56,February,22,Monday,10,2
461,Alina Strotton,Female,54,West Chasemouth,Australian Capital Territory,396,2021-02-26,2021-03-03,1974,739,109.0,2,218.0,Jacket,Peacoat,XL,red,58,February,26,Friday,5,2
461,Alina Strotton,Female,54,West Chasemouth,Australian Capital Territory,182,2021-02-22,2021-03-04,879,578,100.0,2,200.0,Jacket,Bomber,L,green,78,February,22,Monday,10,2
461,Alina Strotton,Female,54,West Chasemouth,Australian Capital Territory,396,2021-02-26,2021-03-03,1973,106,92.0,3,276.0,Shirt,Denim,S,red,57,February,26,Friday,5,2
461,Alina Strotton,Female,54,West Chasemouth,Australian Capital Territory,182,2021-02-22,2021-03-04,877,852,113.0,2,226.0,Trousers,Chinos,M,yellow,58,February,22,Monday,10,2
461,Alina Strotton,Female,54,West Chasemouth,Australian Capital Territory,819,2021-01-19,2021-01-22,4120,109,92.0,2,184.0,Shirt,Denim,XL,red,63,January,19,Tuesday,3,1
461,Alina Strotton,Female,54,West Chasemouth,Australian Capital Territory,182,2021-02-22,2021-03-04,878,408,119.0,2,238.0,Shirt,Casual Slim Fit,L,blue,75,February,22,Monday,10,2
461,Alina Strotton,Female,54,West Chasemouth,Australian Capital Territory,819,2021-01-19,2021-01-22,4122,130,92.0,3,276.0,Shirt,Denim,XS,indigo,79,January,19,Tuesday,3,1
461,Alina Strotton,Female,54,West Chasemouth,Australian Capital Territory,396,2021-02-26,2021-03-03,1975,920,96.0,1,96.0,Trousers,Drawstring,XS,yellow,41,February,26,Friday,5,2
461,Alina Strotton,Female,54,West Chasemouth,Australian Capital Territory,396,2021-02-26,2021-03-03,1976,1209,105.0,2,210.0,Trousers,Pleated,XL,green,55,February,26,Friday,5,2
461,Alina Strotton,Female,54,West Chasemouth,Australian Capital Territory,819,2021-01-19,2021-01-22,4119,843,113.0,2,226.0,Trousers,Chinos,L,red,44,January,19,Tuesday,3,1
461,Alina Strotton,Female,54,West Chasemouth,Australian Capital Territory,819,2021-01-19,2021-01-22,4121,1144,102.0,2,204.0,Trousers,Cargo Pants,XL,blue,57,January,19,Tuesday,3,1
462,Francklyn Willeman,Non-binary,45,D'amoreborough,South Australia,150,2021-06-22,2021-06-27,704,1110,115.0,3,345.0,Trousers,Cropped,XS,indigo,55,June,22,Tuesday,5,6
462,Francklyn Willeman,Non-binary,45,D'amoreborough,South Australia,150,2021-06-22,2021-06-27,706,234,106.0,2,212.0,Shirt,Chambray,XL,blue,43,June,22,Tuesday,5,6
462,Francklyn Willeman,Non-binary,45,D'amoreborough,South Australia,150,2021-06-22,2021-06-27,703,736,109.0,1,109.0,Jacket,Peacoat,S,red,67,June,22,Tuesday,5,6
462,Francklyn Willeman,Non-binary,45,D'amoreborough,South Australia,150,2021-06-22,2021-06-27,705,263,95.0,3,285.0,Shirt,Polo,L,green,68,June,22,Tuesday,5,6
463,Iago Jedrzaszkiewicz,Agender,58,Lake Mikaylashire,Australian Capital Territory,977,2021-04-23,2021-05-06,4886,856,113.0,2,226.0,Trousers,Chinos,S,green,61,April,23,Friday,13,4
463,Iago Jedrzaszkiewicz,Agender,58,Lake Mikaylashire,Australian Capital Territory,681,2021-10-10,2021-10-19,3379,775,91.0,3,273.0,Jacket,Pullover,XS,orange,79,October,10,Sunday,9,10
463,Iago Jedrzaszkiewicz,Agender,58,Lake Mikaylashire,Australian Capital Territory,977,2021-04-23,2021-05-06,4883,735,109.0,2,218.0,Jacket,Peacoat,XS,red,66,April,23,Friday,13,4
463,Iago Jedrzaszkiewicz,Agender,58,Lake Mikaylashire,Australian Capital Territory,681,2021-10-10,2021-10-19,3383,532,98.0,1,98.0,Jacket,Leather,M,orange,80,October,10,Sunday,9,10
463,Iago Jedrzaszkiewicz,Agender,58,Lake Mikaylashire,Australian Capital Territory,681,2021-10-10,2021-10-19,3380,36,104.0,2,208.0,Shirt,Dress,S,red,72,October,10,Sunday,9,10
463,Iago Jedrzaszkiewicz,Agender,58,Lake Mikaylashire,Australian Capital Territory,681,2021-10-10,2021-10-19,3381,120,92.0,2,184.0,Shirt,Denim,XS,green,66,October,10,Sunday,9,10
463,Iago Jedrzaszkiewicz,Agender,58,Lake Mikaylashire,Australian Capital Territory,681,2021-10-10,2021-10-19,3382,16,96.0,1,96.0,Shirt,Oxford Cloth,S,green,56,October,10,Sunday,9,10
463,Iago Jedrzaszkiewicz,Agender,58,Lake Mikaylashire,Australian Capital Territory,977,2021-04-23,2021-05-06,4884,665,113.0,3,339.0,Jacket,Parka,XS,red,65,April,23,Friday,13,4
463,Iago Jedrzaszkiewicz,Agender,58,Lake Mikaylashire,Australian Capital Territory,977,2021-04-23,2021-05-06,4885,353,94.0,1,94.0,Shirt,Henley,L,red,62,April,23,Friday,13,4
465,Mallory Castellani,Female,38,Williammouth,Victoria,781,2021-08-21,2021-09-11,3904,1153,102.0,1,102.0,Trousers,Cargo Pants,L,violet,74,August,21,Saturday,21,8
465,Mallory Castellani,Female,38,Williammouth,Victoria,720,2021-03-12,2021-03-23,3600,846,113.0,3,339.0,Trousers,Chinos,S,orange,58,March,12,Friday,11,3
465,Mallory Castellani,Female,38,Williammouth,Victoria,720,2021-03-12,2021-03-23,3601,782,91.0,1,91.0,Jacket,Pullover,M,yellow,49,March,12,Friday,11,3
465,Mallory Castellani,Female,38,Williammouth,Victoria,720,2021-03-12,2021-03-23,3602,375,94.0,1,94.0,Shirt,Henley,XS,indigo,58,March,12,Friday,11,3
465,Mallory Castellani,Female,38,Williammouth,Victoria,781,2021-08-21,2021-09-11,3906,927,96.0,3,288.0,Trousers,Drawstring,M,green,52,August,21,Saturday,21,8
465,Mallory Castellani,Female,38,Williammouth,Victoria,781,2021-08-21,2021-09-11,3905,1060,93.0,2,186.0,Trousers,Joggers,XS,yellow,62,August,21,Saturday,21,8
465,Mallory Castellani,Female,38,Williammouth,Victoria,720,2021-03-12,2021-03-23,3599,1145,102.0,1,102.0,Trousers,Cargo Pants,XS,indigo,51,March,12,Friday,11,3
465,Mallory Castellani,Female,38,Williammouth,Victoria,781,2021-08-21,2021-09-11,3907,125,92.0,2,184.0,Shirt,Denim,XS,blue,76,August,21,Saturday,21,8
465,Mallory Castellani,Female,38,Williammouth,Victoria,898,2021-06-30,2021-07-04,4503,212,106.0,3,318.0,Shirt,Chambray,M,red,48,June,30,Wednesday,4,6
465,Mallory Castellani,Female,38,Williammouth,Victoria,898,2021-06-30,2021-07-04,4505,366,94.0,1,94.0,Shirt,Henley,S,green,68,June,30,Wednesday,4,6
465,Mallory Castellani,Female,38,Williammouth,Victoria,898,2021-06-30,2021-07-04,4504,207,98.0,2,196.0,Shirt,Camp Collared,M,violet,41,June,30,Wednesday,4,6
465,Mallory Castellani,Female,38,Williammouth,Victoria,909,2021-07-18,2021-08-09,4565,1169,99.0,3,297.0,Trousers,High-Waisted,XL,yellow,78,July,18,Sunday,22,7
465,Mallory Castellani,Female,38,Williammouth,Victoria,909,2021-07-18,2021-08-09,4566,507,102.0,3,306.0,Jacket,Windbreaker,M,green,63,July,18,Sunday,22,7
465,Mallory Castellani,Female,38,Williammouth,Victoria,909,2021-07-18,2021-08-09,4564,158,91.0,3,273.0,Shirt,Linen,L,green,72,July,18,Sunday,22,7
465,Mallory Castellani,Female,38,Williammouth,Victoria,909,2021-07-18,2021-08-09,4563,309,105.0,3,315.0,Shirt,Cuban Collar,XL,indigo,53,July,18,Sunday,22,7
465,Mallory Castellani,Female,38,Williammouth,Victoria,898,2021-06-30,2021-07-04,4502,970,97.0,3,291.0,Trousers,Slim-Fit,XS,indigo,74,June,30,Wednesday,4,6
465,Mallory Castellani,Female,38,Williammouth,Victoria,781,2021-08-21,2021-09-11,3908,118,92.0,1,92.0,Shirt,Denim,L,yellow,75,August,21,Saturday,21,8
465,Mallory Castellani,Female,38,Williammouth,Victoria,781,2021-08-21,2021-09-11,3909,1230,112.0,2,224.0,Trousers,Tracksuit Bottoms,XS,orange,57,August,21,Saturday,21,8
465,Mallory Castellani,Female,38,Williammouth,Victoria,720,2021-03-12,2021-03-23,3603,225,106.0,3,318.0,Shirt,Chambray,XS,green,50,March,12,Friday,11,3
465,Mallory Castellani,Female,38,Williammouth,Victoria,909,2021-07-18,2021-08-09,4561,1218,105.0,1,105.0,Trousers,Pleated,L,indigo,73,July,18,Sunday,22,7
465,Mallory Castellani,Female,38,Williammouth,Victoria,909,2021-07-18,2021-08-09,4562,613,112.0,1,112.0,Jacket,Cardigan,L,green,63,July,18,Sunday,22,7
465,Mallory Castellani,Female,38,Williammouth,Victoria,898,2021-06-30,2021-07-04,4506,911,96.0,2,192.0,Trousers,Drawstring,S,red,64,June,30,Wednesday,4,6
465,Mallory Castellani,Female,38,Williammouth,Victoria,898,2021-06-30,2021-07-04,4507,28,96.0,3,288.0,Shirt,Oxford Cloth,L,indigo,70,June,30,Wednesday,4,6
466,Vinnie Feaver,Male,28,North Justin,South Australia,39,2021-02-26,2021-03-20,189,892,94.0,3,282.0,Trousers,Cords,M,green,76,February,26,Friday,22,2
466,Vinnie Feaver,Male,28,North Justin,South Australia,39,2021-02-26,2021-03-20,185,916,96.0,1,96.0,Trousers,Drawstring,S,orange,58,February,26,Friday,22,2
466,Vinnie Feaver,Male,28,North Justin,South Australia,39,2021-02-26,2021-03-20,184,631,93.0,3,279.0,Jacket,Coach,S,red,76,February,26,Friday,22,2
466,Vinnie Feaver,Male,28,North Justin,South Australia,39,2021-02-26,2021-03-20,187,49,104.0,1,104.0,Shirt,Dress,XL,yellow,75,February,26,Friday,22,2
466,Vinnie Feaver,Male,28,North Justin,South Australia,39,2021-02-26,2021-03-20,181,621,112.0,2,224.0,Jacket,Cardigan,S,indigo,61,February,26,Friday,22,2
466,Vinnie Feaver,Male,28,North Justin,South Australia,39,2021-02-26,2021-03-20,182,338,109.0,2,218.0,Shirt,Mandarin Collar,L,blue,68,February,26,Friday,22,2
466,Vinnie Feaver,Male,28,North Justin,South Australia,39,2021-02-26,2021-03-20,183,148,91.0,3,273.0,Shirt,Linen,L,orange,73,February,26,Friday,22,2
466,Vinnie Feaver,Male,28,North Justin,South Australia,39,2021-02-26,2021-03-20,190,20,96.0,2,192.0,Shirt,Oxford Cloth,XS,blue,47,February,26,Friday,22,2
466,Vinnie Feaver,Male,28,North Justin,South Australia,39,2021-02-26,2021-03-20,186,317,109.0,2,218.0,Shirt,Mandarin Collar,M,red,60,February,26,Friday,22,2
466,Vinnie Feaver,Male,28,North Justin,South Australia,39,2021-02-26,2021-03-20,188,1030,90.0,2,180.0,Trousers,Relaxed Leg,XS,green,80,February,26,Friday,22,2
467,Cacilie Forrestill,Bigender,53,O'reillychester,South Australia,530,2021-01-07,2021-01-23,2654,458,118.0,2,236.0,Jacket,Puffer,L,red,44,January,7,Thursday,16,1
467,Cacilie Forrestill,Bigender,53,O'reillychester,South Australia,530,2021-01-07,2021-01-23,2646,1073,93.0,3,279.0,Trousers,Joggers,L,blue,75,January,7,Thursday,16,1
467,Cacilie Forrestill,Bigender,53,O'reillychester,South Australia,530,2021-01-07,2021-01-23,2650,718,119.0,1,119.0,Jacket,Trench Coat,L,green,73,January,7,Thursday,16,1
467,Cacilie Forrestill,Bigender,53,O'reillychester,South Australia,530,2021-01-07,2021-01-23,2653,703,119.0,2,238.0,Jacket,Trench Coat,L,red,70,January,7,Thursday,16,1
467,Cacilie Forrestill,Bigender,53,O'reillychester,South Australia,530,2021-01-07,2021-01-23,2647,274,95.0,2,190.0,Shirt,Polo,XL,indigo,56,January,7,Thursday,16,1
467,Cacilie Forrestill,Bigender,53,O'reillychester,South Australia,530,2021-01-07,2021-01-23,2656,1097,115.0,1,115.0,Trousers,Cropped,M,yellow,41,January,7,Thursday,16,1
467,Cacilie Forrestill,Bigender,53,O'reillychester,South Australia,530,2021-01-07,2021-01-23,2648,757,109.0,3,327.0,Jacket,Peacoat,M,blue,71,January,7,Thursday,16,1
467,Cacilie Forrestill,Bigender,53,O'reillychester,South Australia,530,2021-01-07,2021-01-23,2649,277,95.0,2,190.0,Shirt,Polo,M,violet,77,January,7,Thursday,16,1
467,Cacilie Forrestill,Bigender,53,O'reillychester,South Australia,379,2021-02-13,2021-02-15,1888,983,106.0,1,106.0,Trousers,Wool,L,red,74,February,13,Saturday,2,2
467,Cacilie Forrestill,Bigender,53,O'reillychester,South Australia,379,2021-02-13,2021-02-15,1887,581,100.0,3,300.0,Jacket,Bomber,S,blue,50,February,13,Saturday,2,2
467,Cacilie Forrestill,Bigender,53,O'reillychester,South Australia,379,2021-02-13,2021-02-15,1890,82,118.0,1,118.0,Shirt,Flannel,M,yellow,59,February,13,Saturday,2,2
467,Cacilie Forrestill,Bigender,53,O'reillychester,South Australia,379,2021-02-13,2021-02-15,1884,111,92.0,1,92.0,Shirt,Denim,S,orange,69,February,13,Saturday,2,2
467,Cacilie Forrestill,Bigender,53,O'reillychester,South Australia,379,2021-02-13,2021-02-15,1891,221,106.0,2,212.0,Shirt,Chambray,S,yellow,40,February,13,Saturday,2,2
467,Cacilie Forrestill,Bigender,53,O'reillychester,South Australia,379,2021-02-13,2021-02-15,1889,533,98.0,1,98.0,Jacket,Leather,L,orange,78,February,13,Saturday,2,2
467,Cacilie Forrestill,Bigender,53,O'reillychester,South Australia,379,2021-02-13,2021-02-15,1885,1016,90.0,1,90.0,Trousers,Relaxed Leg,S,red,70,February,13,Saturday,2,2
467,Cacilie Forrestill,Bigender,53,O'reillychester,South Australia,379,2021-02-13,2021-02-15,1886,530,98.0,1,98.0,Jacket,Leather,XS,orange,63,February,13,Saturday,2,2
467,Cacilie Forrestill,Bigender,53,O'reillychester,South Australia,530,2021-01-07,2021-01-23,2655,719,119.0,3,357.0,Jacket,Trench Coat,XL,green,53,January,7,Thursday,16,1
467,Cacilie Forrestill,Bigender,53,O'reillychester,South Australia,530,2021-01-07,2021-01-23,2652,657,93.0,1,93.0,Jacket,Coach,M,indigo,64,January,7,Thursday,16,1
467,Cacilie Forrestill,Bigender,53,O'reillychester,South Australia,530,2021-01-07,2021-01-23,2651,1124,102.0,3,306.0,Trousers,Cargo Pants,XL,red,45,January,7,Thursday,16,1
468,Maegan Ashton,Genderqueer,67,West Isla,Tasmania,15,2021-09-22,2021-10-08,68,1212,105.0,2,210.0,Trousers,Pleated,M,blue,66,September,22,Wednesday,16,9
468,Maegan Ashton,Genderqueer,67,West Isla,Tasmania,15,2021-09-22,2021-10-08,67,972,97.0,3,291.0,Trousers,Slim-Fit,M,indigo,67,September,22,Wednesday,16,9
468,Maegan Ashton,Genderqueer,67,West Isla,Tasmania,15,2021-09-22,2021-10-08,66,291,105.0,2,210.0,Shirt,Cuban Collar,S,yellow,41,September,22,Wednesday,16,9
468,Maegan Ashton,Genderqueer,67,West Isla,Tasmania,15,2021-09-22,2021-10-08,65,1195,105.0,3,315.0,Trousers,Pleated,XS,orange,74,September,22,Wednesday,16,9
468,Maegan Ashton,Genderqueer,67,West Isla,Tasmania,15,2021-09-22,2021-10-08,64,699,113.0,3,339.0,Jacket,Parka,XL,violet,80,September,22,Wednesday,16,9
469,Faber Purcell,Female,78,Andrewborough,New South Wales,180,2021-05-29,2021-06-22,874,272,95.0,1,95.0,Shirt,Polo,M,indigo,62,May,29,Saturday,24,5
469,Faber Purcell,Female,78,Andrewborough,New South Wales,180,2021-05-29,2021-06-22,870,1184,99.0,1,99.0,Trousers,High-Waisted,XL,indigo,57,May,29,Saturday,24,5
469,Faber Purcell,Female,78,Andrewborough,New South Wales,180,2021-05-29,2021-06-22,872,1058,93.0,2,186.0,Trousers,Joggers,L,orange,49,May,29,Saturday,24,5
469,Faber Purcell,Female,78,Andrewborough,New South Wales,180,2021-05-29,2021-06-22,869,50,104.0,3,312.0,Shirt,Dress,XS,green,51,May,29,Saturday,24,5
469,Faber Purcell,Female,78,Andrewborough,New South Wales,180,2021-05-29,2021-06-22,871,1245,112.0,1,112.0,Trousers,Tracksuit Bottoms,XS,blue,42,May,29,Saturday,24,5
469,Faber Purcell,Female,78,Andrewborough,New South Wales,180,2021-05-29,2021-06-22,873,1054,93.0,1,93.0,Trousers,Joggers,XL,red,58,May,29,Saturday,24,5
469,Faber Purcell,Female,78,Andrewborough,New South Wales,271,2021-06-07,2021-06-09,1310,253,95.0,1,95.0,Shirt,Polo,L,orange,63,June,7,Monday,2,6
469,Faber Purcell,Female,78,Andrewborough,New South Wales,271,2021-06-07,2021-06-09,1309,1103,115.0,3,345.0,Trousers,Cropped,L,green,55,June,7,Monday,2,6
469,Faber Purcell,Female,78,Andrewborough,New South Wales,383,2021-09-08,2021-09-14,1914,968,97.0,1,97.0,Trousers,Slim-Fit,L,blue,49,September,8,Wednesday,6,9
469,Faber Purcell,Female,78,Andrewborough,New South Wales,383,2021-09-08,2021-09-14,1913,882,94.0,1,94.0,Trousers,Cords,M,orange,53,September,8,Wednesday,6,9
469,Faber Purcell,Female,78,Andrewborough,New South Wales,383,2021-09-08,2021-09-14,1912,504,102.0,2,204.0,Jacket,Windbreaker,XL,yellow,58,September,8,Wednesday,6,9
469,Faber Purcell,Female,78,Andrewborough,New South Wales,383,2021-09-08,2021-09-14,1911,1233,112.0,1,112.0,Trousers,Tracksuit Bottoms,L,orange,73,September,8,Wednesday,6,9
469,Faber Purcell,Female,78,Andrewborough,New South Wales,383,2021-09-08,2021-09-14,1910,565,100.0,3,300.0,Jacket,Bomber,XS,orange,80,September,8,Wednesday,6,9
469,Faber Purcell,Female,78,Andrewborough,New South Wales,383,2021-09-08,2021-09-14,1915,805,117.0,1,117.0,Jacket,Shearling,XS,red,74,September,8,Wednesday,6,9
469,Faber Purcell,Female,78,Andrewborough,New South Wales,24,2021-09-04,2021-09-20,110,8,96.0,1,96.0,Shirt,Oxford Cloth,L,orange,48,September,4,Saturday,16,9
469,Faber Purcell,Female,78,Andrewborough,New South Wales,24,2021-09-04,2021-09-20,111,852,113.0,2,226.0,Trousers,Chinos,M,yellow,58,September,4,Saturday,16,9
469,Faber Purcell,Female,78,Andrewborough,New South Wales,271,2021-06-07,2021-06-09,1312,943,96.0,1,96.0,Trousers,Drawstring,L,violet,62,June,7,Monday,2,6
469,Faber Purcell,Female,78,Andrewborough,New South Wales,271,2021-06-07,2021-06-09,1311,999,106.0,1,106.0,Trousers,Wool,XL,green,48,June,7,Monday,2,6
470,Trudey Betteridge,Genderfluid,45,Edwardtown,Western Australia,76,2021-06-18,2021-06-26,331,1132,102.0,1,102.0,Trousers,Cargo Pants,M,yellow,72,June,18,Friday,8,6
470,Trudey Betteridge,Genderfluid,45,Edwardtown,Western Australia,76,2021-06-18,2021-06-26,327,452,107.0,1,107.0,Jacket,Denim,M,violet,43,June,18,Friday,8,6
470,Trudey Betteridge,Genderfluid,45,Edwardtown,Western Australia,76,2021-06-18,2021-06-26,330,1158,99.0,1,99.0,Trousers,High-Waisted,L,red,52,June,18,Friday,8,6
470,Trudey Betteridge,Genderfluid,45,Edwardtown,Western Australia,76,2021-06-18,2021-06-26,328,1083,93.0,2,186.0,Trousers,Joggers,L,violet,60,June,18,Friday,8,6
470,Trudey Betteridge,Genderfluid,45,Edwardtown,Western Australia,76,2021-06-18,2021-06-26,332,1067,93.0,3,279.0,Trousers,Joggers,M,green,54,June,18,Friday,8,6
470,Trudey Betteridge,Genderfluid,45,Edwardtown,Western Australia,76,2021-06-18,2021-06-26,329,214,106.0,1,106.0,Shirt,Chambray,XL,red,42,June,18,Friday,8,6
470,Trudey Betteridge,Genderfluid,45,Edwardtown,Western Australia,76,2021-06-18,2021-06-26,333,842,113.0,2,226.0,Trousers,Chinos,M,red,54,June,18,Friday,8,6
470,Trudey Betteridge,Genderfluid,45,Edwardtown,Western Australia,878,2021-03-31,2021-04-20,4396,543,98.0,1,98.0,Jacket,Leather,L,green,71,March,31,Wednesday,20,3
470,Trudey Betteridge,Genderfluid,45,Edwardtown,Western Australia,878,2021-03-31,2021-04-20,4397,1109,115.0,3,345.0,Trousers,Cropped,XL,blue,51,March,31,Wednesday,20,3
471,Hayyim Trewhella,Non-binary,31,Boyerland,New South Wales,123,2021-03-04,2021-03-22,579,361,94.0,3,282.0,Shirt,Henley,S,yellow,70,March,4,Thursday,18,3
471,Hayyim Trewhella,Non-binary,31,Boyerland,New South Wales,123,2021-03-04,2021-03-22,576,1065,93.0,2,186.0,Trousers,Joggers,XS,green,77,March,4,Thursday,18,3
471,Hayyim Trewhella,Non-binary,31,Boyerland,New South Wales,123,2021-03-04,2021-03-22,577,108,92.0,2,184.0,Shirt,Denim,L,red,52,March,4,Thursday,18,3
471,Hayyim Trewhella,Non-binary,31,Boyerland,New South Wales,123,2021-03-04,2021-03-22,573,700,119.0,3,357.0,Jacket,Trench Coat,XS,red,78,March,4,Thursday,18,3
471,Hayyim Trewhella,Non-binary,31,Boyerland,New South Wales,123,2021-03-04,2021-03-22,571,616,112.0,1,112.0,Jacket,Cardigan,S,blue,53,March,4,Thursday,18,3
471,Hayyim Trewhella,Non-binary,31,Boyerland,New South Wales,123,2021-03-04,2021-03-22,578,75,118.0,1,118.0,Shirt,Flannel,XS,orange,42,March,4,Thursday,18,3
471,Hayyim Trewhella,Non-binary,31,Boyerland,New South Wales,123,2021-03-04,2021-03-22,575,958,97.0,2,194.0,Trousers,Slim-Fit,L,yellow,64,March,4,Thursday,18,3
471,Hayyim Trewhella,Non-binary,31,Boyerland,New South Wales,123,2021-03-04,2021-03-22,572,724,119.0,2,238.0,Jacket,Trench Coat,XL,blue,69,March,4,Thursday,18,3
471,Hayyim Trewhella,Non-binary,31,Boyerland,New South Wales,123,2021-03-04,2021-03-22,574,553,98.0,2,196.0,Jacket,Leather,L,indigo,79,March,4,Thursday,18,3
472,Hal Saker,Male,57,Parisianmouth,Queensland,786,2021-05-02,2021-05-08,3934,167,91.0,3,273.0,Shirt,Linen,M,indigo,72,May,2,Sunday,6,5
472,Hal Saker,Male,57,Parisianmouth,Queensland,786,2021-05-02,2021-05-08,3937,1151,102.0,2,204.0,Trousers,Cargo Pants,S,violet,79,May,2,Sunday,6,5
472,Hal Saker,Male,57,Parisianmouth,Queensland,786,2021-05-02,2021-05-08,3939,721,119.0,3,357.0,Jacket,Trench Coat,S,blue,64,May,2,Sunday,6,5
472,Hal Saker,Male,57,Parisianmouth,Queensland,786,2021-05-02,2021-05-08,3935,46,104.0,1,104.0,Shirt,Dress,S,yellow,56,May,2,Sunday,6,5
472,Hal Saker,Male,57,Parisianmouth,Queensland,786,2021-05-02,2021-05-08,3938,1210,105.0,1,105.0,Trousers,Pleated,XS,blue,62,May,2,Sunday,6,5
472,Hal Saker,Male,57,Parisianmouth,Queensland,571,2021-02-02,2021-02-10,2856,417,119.0,3,357.0,Shirt,Casual Slim Fit,M,violet,46,February,2,Tuesday,8,2
472,Hal Saker,Male,57,Parisianmouth,Queensland,571,2021-02-02,2021-02-10,2852,509,102.0,3,306.0,Jacket,Windbreaker,XL,green,71,February,2,Tuesday,8,2
472,Hal Saker,Male,57,Parisianmouth,Queensland,571,2021-02-02,2021-02-10,2853,1082,93.0,2,186.0,Trousers,Joggers,M,violet,72,February,2,Tuesday,8,2
472,Hal Saker,Male,57,Parisianmouth,Queensland,571,2021-02-02,2021-02-10,2857,633,93.0,1,93.0,Jacket,Coach,L,red,80,February,2,Tuesday,8,2
472,Hal Saker,Male,57,Parisianmouth,Queensland,786,2021-05-02,2021-05-08,3940,855,113.0,1,113.0,Trousers,Chinos,XS,green,75,May,2,Sunday,6,5
472,Hal Saker,Male,57,Parisianmouth,Queensland,571,2021-02-02,2021-02-10,2854,845,113.0,2,226.0,Trousers,Chinos,XS,orange,53,February,2,Tuesday,8,2
472,Hal Saker,Male,57,Parisianmouth,Queensland,571,2021-02-02,2021-02-10,2855,299,105.0,3,315.0,Shirt,Cuban Collar,XL,green,60,February,2,Tuesday,8,2
472,Hal Saker,Male,57,Parisianmouth,Queensland,786,2021-05-02,2021-05-08,3936,1255,112.0,2,224.0,Trousers,Tracksuit Bottoms,XS,violet,67,May,2,Sunday,6,5
473,Lori Briars,Male,61,Annaton,South Australia,2,2021-02-03,2021-02-13,7,686,113.0,1,113.0,Jacket,Parka,S,blue,72,February,3,Wednesday,10,2
473,Lori Briars,Male,61,Annaton,South Australia,221,2021-08-03,2021-08-17,1078,700,119.0,1,119.0,Jacket,Trench Coat,XS,red,78,August,3,Tuesday,14,8
473,Lori Briars,Male,61,Annaton,South Australia,221,2021-08-03,2021-08-17,1077,416,119.0,3,357.0,Shirt,Casual Slim Fit,S,violet,50,August,3,Tuesday,14,8
473,Lori Briars,Male,61,Annaton,South Australia,221,2021-08-03,2021-08-17,1076,348,109.0,2,218.0,Shirt,Mandarin Collar,L,violet,54,August,3,Tuesday,14,8
473,Lori Briars,Male,61,Annaton,South Australia,221,2021-08-03,2021-08-17,1075,824,117.0,3,351.0,Jacket,Shearling,XL,green,51,August,3,Tuesday,14,8
473,Lori Briars,Male,61,Annaton,South Australia,2,2021-02-03,2021-02-13,8,1091,115.0,3,345.0,Trousers,Cropped,S,orange,78,February,3,Wednesday,10,2
473,Lori Briars,Male,61,Annaton,South Australia,2,2021-02-03,2021-02-13,6,915,96.0,1,96.0,Trousers,Drawstring,XS,orange,41,February,3,Wednesday,10,2
473,Lori Briars,Male,61,Annaton,South Australia,2,2021-02-03,2021-02-13,9,1196,105.0,1,105.0,Trousers,Pleated,S,orange,72,February,3,Wednesday,10,2
473,Lori Briars,Male,61,Annaton,South Australia,2,2021-02-03,2021-02-13,11,1174,99.0,2,198.0,Trousers,High-Waisted,XL,green,78,February,3,Wednesday,10,2
473,Lori Briars,Male,61,Annaton,South Australia,2,2021-02-03,2021-02-13,10,157,91.0,3,273.0,Shirt,Linen,M,green,42,February,3,Wednesday,10,2
474,Clem Margetts,Non-binary,21,New Matildaville,South Australia,712,2021-08-18,2021-08-29,3546,650,93.0,1,93.0,Jacket,Coach,XS,blue,51,August,18,Wednesday,11,8
474,Clem Margetts,Non-binary,21,New Matildaville,South Australia,712,2021-08-18,2021-08-29,3544,944,96.0,2,192.0,Trousers,Drawstring,XL,violet,80,August,18,Wednesday,11,8
474,Clem Margetts,Non-binary,21,New Matildaville,South Australia,712,2021-08-18,2021-08-29,3548,450,107.0,3,321.0,Jacket,Denim,XS,violet,65,August,18,Wednesday,11,8
474,Clem Margetts,Non-binary,21,New Matildaville,South Australia,712,2021-08-18,2021-08-29,3545,1237,112.0,2,224.0,Trousers,Tracksuit Bottoms,M,yellow,80,August,18,Wednesday,11,8
474,Clem Margetts,Non-binary,21,New Matildaville,South Australia,712,2021-08-18,2021-08-29,3547,1219,105.0,3,315.0,Trousers,Pleated,XL,indigo,45,August,18,Wednesday,11,8
474,Clem Margetts,Non-binary,21,New Matildaville,South Australia,712,2021-08-18,2021-08-29,3542,928,96.0,1,96.0,Trousers,Drawstring,L,green,43,August,18,Wednesday,11,8
474,Clem Margetts,Non-binary,21,New Matildaville,South Australia,712,2021-08-18,2021-08-29,3543,913,96.0,3,288.0,Trousers,Drawstring,L,red,73,August,18,Wednesday,11,8
476,Orton Heigl,Genderfluid,64,West Jackfort,South Australia,791,2021-05-05,2021-05-21,3969,1188,99.0,3,297.0,Trousers,High-Waisted,L,violet,68,May,5,Wednesday,16,5
476,Orton Heigl,Genderfluid,64,West Jackfort,South Australia,791,2021-05-05,2021-05-21,3970,1203,105.0,1,105.0,Trousers,Pleated,L,yellow,62,May,5,Wednesday,16,5
476,Orton Heigl,Genderfluid,64,West Jackfort,South Australia,791,2021-05-05,2021-05-21,3971,709,119.0,1,119.0,Jacket,Trench Coat,XL,orange,71,May,5,Wednesday,16,5
476,Orton Heigl,Genderfluid,64,West Jackfort,South Australia,791,2021-05-05,2021-05-21,3968,380,94.0,1,94.0,Shirt,Henley,XS,violet,50,May,5,Wednesday,16,5
476,Orton Heigl,Genderfluid,64,West Jackfort,South Australia,791,2021-05-05,2021-05-21,3966,227,106.0,3,318.0,Shirt,Chambray,M,green,56,May,5,Wednesday,16,5
476,Orton Heigl,Genderfluid,64,West Jackfort,South Australia,791,2021-05-05,2021-05-21,3967,660,93.0,2,186.0,Jacket,Coach,XS,violet,58,May,5,Wednesday,16,5
478,Krystle Boyce,Non-binary,71,Lake Lillyville,Northern Territory,351,2021-05-02,2021-05-04,1731,1071,93.0,1,93.0,Trousers,Joggers,S,blue,50,May,2,Sunday,2,5
478,Krystle Boyce,Non-binary,71,Lake Lillyville,Northern Territory,351,2021-05-02,2021-05-04,1729,1055,93.0,2,186.0,Trousers,Joggers,XS,orange,65,May,2,Sunday,2,5
478,Krystle Boyce,Non-binary,71,Lake Lillyville,Northern Territory,351,2021-05-02,2021-05-04,1723,125,92.0,2,184.0,Shirt,Denim,XS,blue,76,May,2,Sunday,2,5
478,Krystle Boyce,Non-binary,71,Lake Lillyville,Northern Territory,351,2021-05-02,2021-05-04,1728,881,94.0,3,282.0,Trousers,Cords,S,orange,59,May,2,Sunday,2,5
478,Krystle Boyce,Non-binary,71,Lake Lillyville,Northern Territory,351,2021-05-02,2021-05-04,1725,1206,105.0,2,210.0,Trousers,Pleated,S,green,55,May,2,Sunday,2,5
478,Krystle Boyce,Non-binary,71,Lake Lillyville,Northern Territory,351,2021-05-02,2021-05-04,1727,344,109.0,3,327.0,Shirt,Mandarin Collar,XL,indigo,77,May,2,Sunday,2,5
478,Krystle Boyce,Non-binary,71,Lake Lillyville,Northern Territory,351,2021-05-02,2021-05-04,1726,902,94.0,2,188.0,Trousers,Cords,M,indigo,52,May,2,Sunday,2,5
478,Krystle Boyce,Non-binary,71,Lake Lillyville,Northern Territory,351,2021-05-02,2021-05-04,1730,1048,90.0,3,270.0,Trousers,Relaxed Leg,L,violet,47,May,2,Sunday,2,5
478,Krystle Boyce,Non-binary,71,Lake Lillyville,Northern Territory,351,2021-05-02,2021-05-04,1724,887,94.0,1,94.0,Trousers,Cords,M,yellow,58,May,2,Sunday,2,5
479,Dunc Swynley,Genderqueer,20,Mullerberg,Western Australia,657,2021-07-22,2021-07-28,3259,700,119.0,1,119.0,Jacket,Trench Coat,XS,red,78,July,22,Thursday,6,7
479,Dunc Swynley,Genderqueer,20,Mullerberg,Western Australia,572,2021-01-01,2021-01-06,2861,90,118.0,3,354.0,Shirt,Flannel,XS,blue,62,January,1,Friday,5,1
479,Dunc Swynley,Genderqueer,20,Mullerberg,Western Australia,657,2021-07-22,2021-07-28,3260,686,113.0,1,113.0,Jacket,Parka,S,blue,72,July,22,Thursday,6,7
479,Dunc Swynley,Genderqueer,20,Mullerberg,Western Australia,657,2021-07-22,2021-07-28,3261,1185,99.0,3,297.0,Trousers,High-Waisted,XS,violet,72,July,22,Thursday,6,7
479,Dunc Swynley,Genderqueer,20,Mullerberg,Western Australia,572,2021-01-01,2021-01-06,2860,316,109.0,3,327.0,Shirt,Mandarin Collar,S,red,48,January,1,Friday,5,1
479,Dunc Swynley,Genderqueer,20,Mullerberg,Western Australia,572,2021-01-01,2021-01-06,2859,906,94.0,2,188.0,Trousers,Cords,S,violet,65,January,1,Friday,5,1
479,Dunc Swynley,Genderqueer,20,Mullerberg,Western Australia,572,2021-01-01,2021-01-06,2858,240,106.0,2,212.0,Shirt,Chambray,XS,violet,47,January,1,Friday,5,1
482,Stanley Kolakowski,Agender,63,East Joshua,Queensland,420,2021-02-22,2021-03-19,2087,441,107.0,1,107.0,Jacket,Denim,S,blue,56,February,22,Monday,25,2
482,Stanley Kolakowski,Agender,63,East Joshua,Queensland,420,2021-02-22,2021-03-19,2088,109,92.0,3,276.0,Shirt,Denim,XL,red,63,February,22,Monday,25,2
482,Stanley Kolakowski,Agender,63,East Joshua,Queensland,420,2021-02-22,2021-03-19,2089,253,95.0,2,190.0,Shirt,Polo,L,orange,63,February,22,Monday,25,2
482,Stanley Kolakowski,Agender,63,East Joshua,Queensland,420,2021-02-22,2021-03-19,2091,579,100.0,3,300.0,Jacket,Bomber,XL,green,79,February,22,Monday,25,2
482,Stanley Kolakowski,Agender,63,East Joshua,Queensland,420,2021-02-22,2021-03-19,2090,960,97.0,3,291.0,Trousers,Slim-Fit,XS,green,74,February,22,Monday,25,2
485,Gayleen Brookes,Male,46,Port Lily,Australian Capital Territory,502,2021-02-18,2021-03-07,2482,1199,105.0,3,315.0,Trousers,Pleated,XL,orange,69,February,18,Thursday,17,2
485,Gayleen Brookes,Male,46,Port Lily,Australian Capital Territory,502,2021-02-18,2021-03-07,2483,1107,115.0,3,345.0,Trousers,Cropped,M,blue,56,February,18,Thursday,17,2
485,Gayleen Brookes,Male,46,Port Lily,Australian Capital Territory,502,2021-02-18,2021-03-07,2485,720,119.0,1,119.0,Jacket,Trench Coat,XS,blue,59,February,18,Thursday,17,2
485,Gayleen Brookes,Male,46,Port Lily,Australian Capital Territory,335,2021-09-30,2021-10-24,1639,551,98.0,2,196.0,Jacket,Leather,S,indigo,40,September,30,Thursday,24,9
485,Gayleen Brookes,Male,46,Port Lily,Australian Capital Territory,335,2021-09-30,2021-10-24,1640,6,96.0,1,96.0,Shirt,Oxford Cloth,S,orange,72,September,30,Thursday,24,9
485,Gayleen Brookes,Male,46,Port Lily,Australian Capital Territory,365,2021-04-14,2021-04-25,1798,539,98.0,2,196.0,Jacket,Leather,XL,yellow,67,April,14,Wednesday,11,4
485,Gayleen Brookes,Male,46,Port Lily,Australian Capital Territory,335,2021-09-30,2021-10-24,1641,140,91.0,2,182.0,Shirt,Linen,XS,red,61,September,30,Thursday,24,9
485,Gayleen Brookes,Male,46,Port Lily,Australian Capital Territory,502,2021-02-18,2021-03-07,2480,254,95.0,3,285.0,Shirt,Polo,XL,orange,43,February,18,Thursday,17,2
485,Gayleen Brookes,Male,46,Port Lily,Australian Capital Territory,502,2021-02-18,2021-03-07,2481,978,97.0,2,194.0,Trousers,Slim-Fit,L,violet,58,February,18,Thursday,17,2
485,Gayleen Brookes,Male,46,Port Lily,Australian Capital Territory,502,2021-02-18,2021-03-07,2484,7,96.0,2,192.0,Shirt,Oxford Cloth,M,orange,77,February,18,Thursday,17,2
485,Gayleen Brookes,Male,46,Port Lily,Australian Capital Territory,502,2021-02-18,2021-03-07,2486,396,119.0,3,357.0,Shirt,Casual Slim Fit,S,yellow,45,February,18,Thursday,17,2
485,Gayleen Brookes,Male,46,Port Lily,Australian Capital Territory,365,2021-04-14,2021-04-25,1800,532,98.0,1,98.0,Jacket,Leather,M,orange,80,April,14,Wednesday,11,4
485,Gayleen Brookes,Male,46,Port Lily,Australian Capital Territory,365,2021-04-14,2021-04-25,1797,789,91.0,3,273.0,Jacket,Pullover,XL,green,65,April,14,Wednesday,11,4
485,Gayleen Brookes,Male,46,Port Lily,Australian Capital Territory,365,2021-04-14,2021-04-25,1801,414,119.0,2,238.0,Shirt,Casual Slim Fit,XL,indigo,40,April,14,Wednesday,11,4
485,Gayleen Brookes,Male,46,Port Lily,Australian Capital Territory,365,2021-04-14,2021-04-25,1803,111,92.0,2,184.0,Shirt,Denim,S,orange,69,April,14,Wednesday,11,4
485,Gayleen Brookes,Male,46,Port Lily,Australian Capital Territory,365,2021-04-14,2021-04-25,1799,201,98.0,3,294.0,Shirt,Camp Collared,S,indigo,50,April,14,Wednesday,11,4
485,Gayleen Brookes,Male,46,Port Lily,Australian Capital Territory,365,2021-04-14,2021-04-25,1802,589,100.0,3,300.0,Jacket,Bomber,XL,indigo,50,April,14,Wednesday,11,4
486,Alexis Cheake,Agender,66,Port Lillian,Northern Territory,612,2021-05-10,2021-05-12,3048,660,93.0,3,279.0,Jacket,Coach,XS,violet,58,May,10,Monday,2,5
486,Alexis Cheake,Agender,66,Port Lillian,Northern Territory,612,2021-05-10,2021-05-12,3047,833,117.0,3,351.0,Jacket,Shearling,L,indigo,66,May,10,Monday,2,5
486,Alexis Cheake,Agender,66,Port Lillian,Northern Territory,612,2021-05-10,2021-05-12,3046,895,94.0,1,94.0,Trousers,Cords,XS,blue,60,May,10,Monday,2,5
489,Isahella Enrique,Polygender,59,West Phoenix,New South Wales,281,2021-07-03,2021-07-15,1356,649,93.0,1,93.0,Jacket,Coach,XL,green,48,July,3,Saturday,12,7
489,Isahella Enrique,Polygender,59,West Phoenix,New South Wales,281,2021-07-03,2021-07-15,1362,321,109.0,1,109.0,Shirt,Mandarin Collar,S,orange,52,July,3,Saturday,12,7
489,Isahella Enrique,Polygender,59,West Phoenix,New South Wales,281,2021-07-03,2021-07-15,1361,624,112.0,1,112.0,Jacket,Cardigan,XL,indigo,78,July,3,Saturday,12,7
489,Isahella Enrique,Polygender,59,West Phoenix,New South Wales,281,2021-07-03,2021-07-15,1359,639,93.0,1,93.0,Jacket,Coach,XL,orange,46,July,3,Saturday,12,7
489,Isahella Enrique,Polygender,59,West Phoenix,New South Wales,281,2021-07-03,2021-07-15,1360,1157,99.0,3,297.0,Trousers,High-Waisted,M,red,59,July,3,Saturday,12,7
489,Isahella Enrique,Polygender,59,West Phoenix,New South Wales,281,2021-07-03,2021-07-15,1363,363,94.0,3,282.0,Shirt,Henley,L,yellow,62,July,3,Saturday,12,7
489,Isahella Enrique,Polygender,59,West Phoenix,New South Wales,281,2021-07-03,2021-07-15,1364,51,104.0,3,312.0,Shirt,Dress,S,green,60,July,3,Saturday,12,7
489,Isahella Enrique,Polygender,59,West Phoenix,New South Wales,281,2021-07-03,2021-07-15,1358,486,118.0,3,354.0,Jacket,Puffer,S,violet,46,July,3,Saturday,12,7
489,Isahella Enrique,Polygender,59,West Phoenix,New South Wales,281,2021-07-03,2021-07-15,1357,994,106.0,3,318.0,Trousers,Wool,XL,yellow,72,July,3,Saturday,12,7
490,Bank Sargeaunt,Male,57,Mollyland,New South Wales,541,2021-08-20,2021-08-22,2697,487,118.0,3,354.0,Jacket,Puffer,M,violet,43,August,20,Friday,2,8
490,Bank Sargeaunt,Male,57,Mollyland,New South Wales,457,2021-03-04,2021-03-12,2251,543,98.0,3,294.0,Jacket,Leather,L,green,71,March,4,Thursday,8,3
490,Bank Sargeaunt,Male,57,Mollyland,New South Wales,541,2021-08-20,2021-08-22,2699,1126,102.0,2,204.0,Trousers,Cargo Pants,S,orange,60,August,20,Friday,2,8
490,Bank Sargeaunt,Male,57,Mollyland,New South Wales,457,2021-03-04,2021-03-12,2253,853,113.0,3,339.0,Trousers,Chinos,L,yellow,65,March,4,Thursday,8,3
490,Bank Sargeaunt,Male,57,Mollyland,New South Wales,865,2021-07-27,2021-07-30,4331,1015,90.0,3,270.0,Trousers,Relaxed Leg,XS,red,52,July,27,Tuesday,3,7
490,Bank Sargeaunt,Male,57,Mollyland,New South Wales,457,2021-03-04,2021-03-12,2249,771,91.0,3,273.0,Jacket,Pullover,S,red,46,March,4,Thursday,8,3
490,Bank Sargeaunt,Male,57,Mollyland,New South Wales,457,2021-03-04,2021-03-12,2252,741,109.0,1,109.0,Jacket,Peacoat,S,orange,73,March,4,Thursday,8,3
490,Bank Sargeaunt,Male,57,Mollyland,New South Wales,457,2021-03-04,2021-03-12,2250,1119,115.0,3,345.0,Trousers,Cropped,XL,violet,64,March,4,Thursday,8,3
490,Bank Sargeaunt,Male,57,Mollyland,New South Wales,541,2021-08-20,2021-08-22,2698,385,119.0,1,119.0,Shirt,Casual Slim Fit,XS,red,49,August,20,Friday,2,8
490,Bank Sargeaunt,Male,57,Mollyland,New South Wales,541,2021-08-20,2021-08-22,2700,857,113.0,1,113.0,Trousers,Chinos,M,green,49,August,20,Friday,2,8
492,Jolee Stailey,Bigender,62,Josephmouth,Queensland,115,2021-04-11,2021-04-22,536,984,106.0,1,106.0,Trousers,Wool,XL,red,58,April,11,Sunday,11,4
492,Jolee Stailey,Bigender,62,Josephmouth,Queensland,115,2021-04-11,2021-04-22,534,1196,105.0,1,105.0,Trousers,Pleated,S,orange,72,April,11,Sunday,11,4
492,Jolee Stailey,Bigender,62,Josephmouth,Queensland,115,2021-04-11,2021-04-22,533,249,95.0,3,285.0,Shirt,Polo,XL,red,76,April,11,Sunday,11,4
492,Jolee Stailey,Bigender,62,Josephmouth,Queensland,115,2021-04-11,2021-04-22,535,539,98.0,1,98.0,Jacket,Leather,XL,yellow,67,April,11,Sunday,11,4
492,Jolee Stailey,Bigender,62,Josephmouth,Queensland,604,2021-07-20,2021-08-13,3010,904,94.0,3,282.0,Trousers,Cords,XL,indigo,70,July,20,Tuesday,24,7
492,Jolee Stailey,Bigender,62,Josephmouth,Queensland,604,2021-07-20,2021-08-13,3011,169,91.0,1,91.0,Shirt,Linen,XL,indigo,66,July,20,Tuesday,24,7
492,Jolee Stailey,Bigender,62,Josephmouth,Queensland,604,2021-07-20,2021-08-13,3015,195,98.0,2,196.0,Shirt,Camp Collared,XS,blue,47,July,20,Tuesday,24,7
492,Jolee Stailey,Bigender,62,Josephmouth,Queensland,604,2021-07-20,2021-08-13,3014,127,92.0,2,184.0,Shirt,Denim,M,blue,58,July,20,Tuesday,24,7
492,Jolee Stailey,Bigender,62,Josephmouth,Queensland,604,2021-07-20,2021-08-13,3012,163,91.0,2,182.0,Shirt,Linen,L,blue,70,July,20,Tuesday,24,7
492,Jolee Stailey,Bigender,62,Josephmouth,Queensland,604,2021-07-20,2021-08-13,3013,955,97.0,1,97.0,Trousers,Slim-Fit,XS,yellow,59,July,20,Tuesday,24,7
493,Andrew Renn,Bigender,63,Port Natalie,Victoria,991,2021-01-09,2021-01-16,4955,212,106.0,3,318.0,Shirt,Chambray,M,red,48,January,9,Saturday,7,1
493,Andrew Renn,Bigender,63,Port Natalie,Victoria,991,2021-01-09,2021-01-16,4954,971,97.0,1,97.0,Trousers,Slim-Fit,S,indigo,41,January,9,Saturday,7,1
493,Andrew Renn,Bigender,63,Port Natalie,Victoria,991,2021-01-09,2021-01-16,4960,1205,105.0,3,315.0,Trousers,Pleated,XS,green,58,January,9,Saturday,7,1
493,Andrew Renn,Bigender,63,Port Natalie,Victoria,991,2021-01-09,2021-01-16,4958,970,97.0,2,194.0,Trousers,Slim-Fit,XS,indigo,74,January,9,Saturday,7,1
493,Andrew Renn,Bigender,63,Port Natalie,Victoria,991,2021-01-09,2021-01-16,4957,18,96.0,1,96.0,Shirt,Oxford Cloth,L,green,52,January,9,Saturday,7,1
493,Andrew Renn,Bigender,63,Port Natalie,Victoria,991,2021-01-09,2021-01-16,4959,215,106.0,1,106.0,Shirt,Chambray,XS,orange,76,January,9,Saturday,7,1
493,Andrew Renn,Bigender,63,Port Natalie,Victoria,991,2021-01-09,2021-01-16,4956,871,113.0,1,113.0,Trousers,Chinos,S,violet,64,January,9,Saturday,7,1
493,Andrew Renn,Bigender,63,Port Natalie,Victoria,405,2021-08-09,2021-08-12,2011,932,96.0,2,192.0,Trousers,Drawstring,M,blue,41,August,9,Monday,3,8
493,Andrew Renn,Bigender,63,Port Natalie,Victoria,405,2021-08-09,2021-08-12,2009,317,109.0,3,327.0,Shirt,Mandarin Collar,M,red,60,August,9,Monday,3,8
493,Andrew Renn,Bigender,63,Port Natalie,Victoria,405,2021-08-09,2021-08-12,2010,66,104.0,3,312.0,Shirt,Dress,S,violet,69,August,9,Monday,3,8
493,Andrew Renn,Bigender,63,Port Natalie,Victoria,52,2021-10-06,2021-10-29,238,491,102.0,3,306.0,Jacket,Windbreaker,S,red,54,October,6,Wednesday,23,10
493,Andrew Renn,Bigender,63,Port Natalie,Victoria,52,2021-10-06,2021-10-29,241,14,96.0,2,192.0,Shirt,Oxford Cloth,XL,yellow,50,October,6,Wednesday,23,10
493,Andrew Renn,Bigender,63,Port Natalie,Victoria,52,2021-10-06,2021-10-29,240,1141,102.0,1,102.0,Trousers,Cargo Pants,S,blue,63,October,6,Wednesday,23,10
493,Andrew Renn,Bigender,63,Port Natalie,Victoria,52,2021-10-06,2021-10-29,239,1101,115.0,3,345.0,Trousers,Cropped,S,green,71,October,6,Wednesday,23,10
496,John Panchen,Bigender,32,Evansburgh,South Australia,988,2021-02-04,2021-02-16,4940,22,96.0,1,96.0,Shirt,Oxford Cloth,M,blue,57,February,4,Thursday,12,2
496,John Panchen,Bigender,32,Evansburgh,South Australia,988,2021-02-04,2021-02-16,4942,236,106.0,2,212.0,Shirt,Chambray,S,indigo,59,February,4,Thursday,12,2
496,John Panchen,Bigender,32,Evansburgh,South Australia,988,2021-02-04,2021-02-16,4944,732,119.0,2,238.0,Jacket,Trench Coat,M,violet,61,February,4,Thursday,12,2
496,John Panchen,Bigender,32,Evansburgh,South Australia,988,2021-02-04,2021-02-16,4939,532,98.0,2,196.0,Jacket,Leather,M,orange,80,February,4,Thursday,12,2
496,John Panchen,Bigender,32,Evansburgh,South Australia,988,2021-02-04,2021-02-16,4943,639,93.0,3,279.0,Jacket,Coach,XL,orange,46,February,4,Thursday,12,2
496,John Panchen,Bigender,32,Evansburgh,South Australia,988,2021-02-04,2021-02-16,4941,798,91.0,2,182.0,Jacket,Pullover,L,indigo,50,February,4,Thursday,12,2
497,Claudio Archibould,Bigender,31,North Aidentown,Northern Territory,174,2021-02-22,2021-03-17,838,634,93.0,3,279.0,Jacket,Coach,XL,red,46,February,22,Monday,23,2
497,Claudio Archibould,Bigender,31,North Aidentown,Northern Territory,174,2021-02-22,2021-03-17,837,1174,99.0,1,99.0,Trousers,High-Waisted,XL,green,78,February,22,Monday,23,2
497,Claudio Archibould,Bigender,31,North Aidentown,Northern Territory,174,2021-02-22,2021-03-17,839,795,91.0,1,91.0,Jacket,Pullover,XS,indigo,78,February,22,Monday,23,2
497,Claudio Archibould,Bigender,31,North Aidentown,Northern Territory,230,2021-08-31,2021-09-18,1117,51,104.0,1,104.0,Shirt,Dress,S,green,60,August,31,Tuesday,18,8
497,Claudio Archibould,Bigender,31,North Aidentown,Northern Territory,230,2021-08-31,2021-09-18,1116,1146,102.0,1,102.0,Trousers,Cargo Pants,S,indigo,48,August,31,Tuesday,18,8
497,Claudio Archibould,Bigender,31,North Aidentown,Northern Territory,230,2021-08-31,2021-09-18,1118,657,93.0,1,93.0,Jacket,Coach,M,indigo,64,August,31,Tuesday,18,8
499,Henrietta Briatt,Agender,24,New Hannah,Australian Capital Territory,294,2021-08-28,2021-09-15,1438,539,98.0,1,98.0,Jacket,Leather,XL,yellow,67,August,28,Saturday,18,8
499,Henrietta Briatt,Agender,24,New Hannah,Australian Capital Territory,294,2021-08-28,2021-09-15,1441,181,98.0,1,98.0,Shirt,Camp Collared,S,orange,62,August,28,Saturday,18,8
499,Henrietta Briatt,Agender,24,New Hannah,Australian Capital Territory,294,2021-08-28,2021-09-15,1443,1219,105.0,1,105.0,Trousers,Pleated,XL,indigo,45,August,28,Saturday,18,8
499,Henrietta Briatt,Agender,24,New Hannah,Australian Capital Territory,294,2021-08-28,2021-09-15,1442,25,96.0,1,96.0,Shirt,Oxford Cloth,XS,indigo,61,August,28,Saturday,18,8
499,Henrietta Briatt,Agender,24,New Hannah,Australian Capital Territory,294,2021-08-28,2021-09-15,1440,1241,112.0,2,224.0,Trousers,Tracksuit Bottoms,S,green,72,August,28,Saturday,18,8
499,Henrietta Briatt,Agender,24,New Hannah,Australian Capital Territory,294,2021-08-28,2021-09-15,1439,566,100.0,3,300.0,Jacket,Bomber,S,orange,49,August,28,Saturday,18,8
500,Carlen Kelway,Non-binary,78,Port Haydenchester,Western Australia,149,2021-03-03,2021-03-14,702,93,118.0,3,354.0,Shirt,Flannel,L,blue,44,March,3,Wednesday,11,3
500,Carlen Kelway,Non-binary,78,Port Haydenchester,Western Australia,149,2021-03-03,2021-03-14,701,380,94.0,2,188.0,Shirt,Henley,XS,violet,50,March,3,Wednesday,11,3
500,Carlen Kelway,Non-binary,78,Port Haydenchester,Western Australia,149,2021-03-03,2021-03-14,700,931,96.0,1,96.0,Trousers,Drawstring,S,blue,48,March,3,Wednesday,11,3
500,Carlen Kelway,Non-binary,78,Port Haydenchester,Western Australia,149,2021-03-03,2021-03-14,698,423,107.0,1,107.0,Jacket,Denim,L,red,63,March,3,Wednesday,11,3
500,Carlen Kelway,Non-binary,78,Port Haydenchester,Western Australia,149,2021-03-03,2021-03-14,699,549,98.0,3,294.0,Jacket,Leather,XL,blue,67,March,3,Wednesday,11,3
501,Archibaldo Taffurelli,Genderqueer,73,Kiehnchester,Tasmania,579,2021-03-28,2021-04-20,2895,989,106.0,2,212.0,Trousers,Wool,XL,orange,56,March,28,Sunday,23,3
501,Archibaldo Taffurelli,Genderqueer,73,Kiehnchester,Tasmania,579,2021-03-28,2021-04-20,2896,477,118.0,1,118.0,Jacket,Puffer,M,blue,60,March,28,Sunday,23,3
501,Archibaldo Taffurelli,Genderqueer,73,Kiehnchester,Tasmania,579,2021-03-28,2021-04-20,2894,222,106.0,2,212.0,Shirt,Chambray,M,yellow,62,March,28,Sunday,23,3
501,Archibaldo Taffurelli,Genderqueer,73,Kiehnchester,Tasmania,579,2021-03-28,2021-04-20,2897,1064,93.0,1,93.0,Trousers,Joggers,XL,yellow,69,March,28,Sunday,23,3
501,Archibaldo Taffurelli,Genderqueer,73,Kiehnchester,Tasmania,579,2021-03-28,2021-04-20,2898,37,104.0,1,104.0,Shirt,Dress,M,red,57,March,28,Sunday,23,3
501,Archibaldo Taffurelli,Genderqueer,73,Kiehnchester,Tasmania,579,2021-03-28,2021-04-20,2899,434,107.0,1,107.0,Jacket,Denim,XL,yellow,56,March,28,Sunday,23,3
501,Archibaldo Taffurelli,Genderqueer,73,Kiehnchester,Tasmania,802,2021-10-05,2021-10-23,4030,716,119.0,2,238.0,Jacket,Trench Coat,S,green,53,October,5,Tuesday,18,10
502,Neilla Halladey,Male,34,East Aidan,Australian Capital Territory,931,2021-06-04,2021-06-19,4648,1025,90.0,2,180.0,Trousers,Relaxed Leg,XS,yellow,44,June,4,Friday,15,6
502,Neilla Halladey,Male,34,East Aidan,Australian Capital Territory,716,2021-07-31,2021-08-26,3569,1124,102.0,3,306.0,Trousers,Cargo Pants,XL,red,45,July,31,Saturday,26,7
502,Neilla Halladey,Male,34,East Aidan,Australian Capital Territory,931,2021-06-04,2021-06-19,4647,1241,112.0,1,112.0,Trousers,Tracksuit Bottoms,S,green,72,June,4,Friday,15,6
502,Neilla Halladey,Male,34,East Aidan,Australian Capital Territory,716,2021-07-31,2021-08-26,3568,669,113.0,2,226.0,Jacket,Parka,XL,red,64,July,31,Saturday,26,7
502,Neilla Halladey,Male,34,East Aidan,Australian Capital Territory,716,2021-07-31,2021-08-26,3566,501,102.0,2,204.0,Jacket,Windbreaker,S,yellow,66,July,31,Saturday,26,7
502,Neilla Halladey,Male,34,East Aidan,Australian Capital Territory,716,2021-07-31,2021-08-26,3567,1085,115.0,3,345.0,Trousers,Cropped,XS,red,75,July,31,Saturday,26,7
502,Neilla Halladey,Male,34,East Aidan,Australian Capital Territory,716,2021-07-31,2021-08-26,3571,695,113.0,2,226.0,Jacket,Parka,XS,violet,59,July,31,Saturday,26,7
502,Neilla Halladey,Male,34,East Aidan,Australian Capital Territory,716,2021-07-31,2021-08-26,3570,891,94.0,1,94.0,Trousers,Cords,S,green,78,July,31,Saturday,26,7
504,Marilyn Rontree,Genderqueer,56,Emilymouth,Northern Territory,557,2021-04-19,2021-04-24,2784,350,94.0,3,282.0,Shirt,Henley,XS,red,62,April,19,Monday,5,4
504,Marilyn Rontree,Genderqueer,56,Emilymouth,Northern Territory,557,2021-04-19,2021-04-24,2786,1211,105.0,2,210.0,Trousers,Pleated,S,blue,60,April,19,Monday,5,4
504,Marilyn Rontree,Genderqueer,56,Emilymouth,Northern Territory,67,2021-05-22,2021-06-17,298,453,107.0,2,214.0,Jacket,Denim,L,violet,50,May,22,Saturday,26,5
504,Marilyn Rontree,Genderqueer,56,Emilymouth,Northern Territory,557,2021-04-19,2021-04-24,2783,1070,93.0,1,93.0,Trousers,Joggers,XS,blue,67,April,19,Monday,5,4
504,Marilyn Rontree,Genderqueer,56,Emilymouth,Northern Territory,557,2021-04-19,2021-04-24,2782,1003,106.0,3,318.0,Trousers,Wool,L,blue,79,April,19,Monday,5,4
504,Marilyn Rontree,Genderqueer,56,Emilymouth,Northern Territory,557,2021-04-19,2021-04-24,2781,850,113.0,3,339.0,Trousers,Chinos,XS,yellow,41,April,19,Monday,5,4
504,Marilyn Rontree,Genderqueer,56,Emilymouth,Northern Territory,557,2021-04-19,2021-04-24,2785,66,104.0,3,312.0,Shirt,Dress,S,violet,69,April,19,Monday,5,4
504,Marilyn Rontree,Genderqueer,56,Emilymouth,Northern Territory,67,2021-05-22,2021-06-17,296,1038,90.0,2,180.0,Trousers,Relaxed Leg,L,blue,61,May,22,Saturday,26,5
504,Marilyn Rontree,Genderqueer,56,Emilymouth,Northern Territory,67,2021-05-22,2021-06-17,297,798,91.0,2,182.0,Jacket,Pullover,L,indigo,50,May,22,Saturday,26,5
506,Eddie Elcott,Agender,37,South Hugoberg,Australian Capital Territory,516,2021-05-21,2021-05-26,2562,399,119.0,1,119.0,Shirt,Casual Slim Fit,XL,yellow,78,May,21,Friday,5,5
506,Eddie Elcott,Agender,37,South Hugoberg,Australian Capital Territory,516,2021-05-21,2021-05-26,2563,1121,102.0,3,306.0,Trousers,Cargo Pants,S,red,63,May,21,Friday,5,5
506,Eddie Elcott,Agender,37,South Hugoberg,Australian Capital Territory,516,2021-05-21,2021-05-26,2560,1093,115.0,2,230.0,Trousers,Cropped,L,orange,79,May,21,Friday,5,5
506,Eddie Elcott,Agender,37,South Hugoberg,Australian Capital Territory,516,2021-05-21,2021-05-26,2561,1092,115.0,2,230.0,Trousers,Cropped,M,orange,56,May,21,Friday,5,5
507,Brooks Sayers,Polygender,74,Jaydenside,Victoria,423,2021-06-12,2021-06-21,2103,306,105.0,3,315.0,Shirt,Cuban Collar,S,indigo,41,June,12,Saturday,9,6
507,Brooks Sayers,Polygender,74,Jaydenside,Victoria,423,2021-06-12,2021-06-21,2106,38,104.0,2,208.0,Shirt,Dress,L,red,79,June,12,Saturday,9,6
507,Brooks Sayers,Polygender,74,Jaydenside,Victoria,423,2021-06-12,2021-06-21,2107,773,91.0,2,182.0,Jacket,Pullover,L,red,69,June,12,Saturday,9,6
507,Brooks Sayers,Polygender,74,Jaydenside,Victoria,423,2021-06-12,2021-06-21,2108,544,98.0,2,196.0,Jacket,Leather,XL,green,58,June,12,Saturday,9,6
507,Brooks Sayers,Polygender,74,Jaydenside,Victoria,423,2021-06-12,2021-06-21,2104,1182,99.0,2,198.0,Trousers,High-Waisted,M,indigo,61,June,12,Saturday,9,6
507,Brooks Sayers,Polygender,74,Jaydenside,Victoria,423,2021-06-12,2021-06-21,2105,205,98.0,3,294.0,Shirt,Camp Collared,XS,violet,72,June,12,Saturday,9,6
508,Jan Isenor,Non-binary,65,West Annaport,Northern Territory,394,2021-09-06,2021-09-10,1967,226,106.0,3,318.0,Shirt,Chambray,S,green,63,September,6,Monday,4,9
508,Jan Isenor,Non-binary,65,West Annaport,Northern Territory,394,2021-09-06,2021-09-10,1966,1004,106.0,3,318.0,Trousers,Wool,XL,blue,41,September,6,Monday,4,9
508,Jan Isenor,Non-binary,65,West Annaport,Northern Territory,394,2021-09-06,2021-09-10,1965,537,98.0,3,294.0,Jacket,Leather,M,yellow,77,September,6,Monday,4,9
508,Jan Isenor,Non-binary,65,West Annaport,Northern Territory,394,2021-09-06,2021-09-10,1964,933,96.0,3,288.0,Trousers,Drawstring,L,blue,50,September,6,Monday,4,9
508,Jan Isenor,Non-binary,65,West Annaport,Northern Territory,394,2021-09-06,2021-09-10,1961,557,98.0,1,98.0,Jacket,Leather,M,violet,40,September,6,Monday,4,9
508,Jan Isenor,Non-binary,65,West Annaport,Northern Territory,394,2021-09-06,2021-09-10,1963,179,98.0,1,98.0,Shirt,Camp Collared,XL,red,79,September,6,Monday,4,9
508,Jan Isenor,Non-binary,65,West Annaport,Northern Territory,394,2021-09-06,2021-09-10,1962,567,100.0,3,300.0,Jacket,Bomber,M,orange,69,September,6,Monday,4,9
510,Kinny Roget,Non-binary,67,Alexandramouth,New South Wales,278,2021-01-30,2021-02-13,1340,1193,105.0,2,210.0,Trousers,Pleated,L,red,70,January,30,Saturday,14,1
510,Kinny Roget,Non-binary,67,Alexandramouth,New South Wales,278,2021-01-30,2021-02-13,1342,92,118.0,3,354.0,Shirt,Flannel,M,blue,73,January,30,Saturday,14,1
510,Kinny Roget,Non-binary,67,Alexandramouth,New South Wales,116,2021-04-25,2021-05-20,538,621,112.0,2,224.0,Jacket,Cardigan,S,indigo,61,April,25,Sunday,25,4
510,Kinny Roget,Non-binary,67,Alexandramouth,New South Wales,278,2021-01-30,2021-02-13,1344,637,93.0,1,93.0,Jacket,Coach,M,orange,72,January,30,Saturday,14,1
510,Kinny Roget,Non-binary,67,Alexandramouth,New South Wales,116,2021-04-25,2021-05-20,537,370,94.0,1,94.0,Shirt,Henley,XS,blue,61,April,25,Sunday,25,4
510,Kinny Roget,Non-binary,67,Alexandramouth,New South Wales,278,2021-01-30,2021-02-13,1341,534,98.0,2,196.0,Jacket,Leather,XL,orange,64,January,30,Saturday,14,1
510,Kinny Roget,Non-binary,67,Alexandramouth,New South Wales,278,2021-01-30,2021-02-13,1343,248,95.0,1,95.0,Shirt,Polo,L,red,72,January,30,Saturday,14,1
510,Kinny Roget,Non-binary,67,Alexandramouth,New South Wales,278,2021-01-30,2021-02-13,1345,232,106.0,1,106.0,Shirt,Chambray,M,blue,66,January,30,Saturday,14,1
513,Corri Womack,Non-binary,39,Port Ali,Tasmania,19,2021-08-30,2021-09-10,90,809,117.0,3,351.0,Jacket,Shearling,XL,red,42,August,30,Monday,11,8
513,Corri Womack,Non-binary,39,Port Ali,Tasmania,19,2021-08-30,2021-09-10,87,71,118.0,1,118.0,Shirt,Flannel,S,red,59,August,30,Monday,11,8
513,Corri Womack,Non-binary,39,Port Ali,Tasmania,19,2021-08-30,2021-09-10,88,347,109.0,2,218.0,Shirt,Mandarin Collar,M,violet,76,August,30,Monday,11,8
513,Corri Womack,Non-binary,39,Port Ali,Tasmania,19,2021-08-30,2021-09-10,91,682,113.0,3,339.0,Jacket,Parka,M,green,71,August,30,Monday,11,8
513,Corri Womack,Non-binary,39,Port Ali,Tasmania,19,2021-08-30,2021-09-10,89,316,109.0,2,218.0,Shirt,Mandarin Collar,S,red,48,August,30,Monday,11,8
515,Joannes Pandie,Female,52,Huelhaven,Australian Capital Territory,211,2021-05-09,2021-05-17,1024,1253,112.0,2,224.0,Trousers,Tracksuit Bottoms,L,indigo,50,May,9,Sunday,8,5
515,Joannes Pandie,Female,52,Huelhaven,Australian Capital Territory,211,2021-05-09,2021-05-17,1026,152,91.0,3,273.0,Shirt,Linen,M,yellow,59,May,9,Sunday,8,5
515,Joannes Pandie,Female,52,Huelhaven,Australian Capital Territory,211,2021-05-09,2021-05-17,1027,519,102.0,1,102.0,Jacket,Windbreaker,XL,indigo,60,May,9,Sunday,8,5
515,Joannes Pandie,Female,52,Huelhaven,Australian Capital Territory,951,2021-09-30,2021-10-23,4737,1059,93.0,3,279.0,Trousers,Joggers,XL,orange,44,September,30,Thursday,23,9
515,Joannes Pandie,Female,52,Huelhaven,Australian Capital Territory,211,2021-05-09,2021-05-17,1028,573,100.0,3,300.0,Jacket,Bomber,L,yellow,54,May,9,Sunday,8,5
515,Joannes Pandie,Female,52,Huelhaven,Australian Capital Territory,593,2021-02-21,2021-03-11,2981,665,113.0,1,113.0,Jacket,Parka,XS,red,65,February,21,Sunday,18,2
515,Joannes Pandie,Female,52,Huelhaven,Australian Capital Territory,593,2021-02-21,2021-03-11,2982,1120,102.0,1,102.0,Trousers,Cargo Pants,XS,red,72,February,21,Sunday,18,2
515,Joannes Pandie,Female,52,Huelhaven,Australian Capital Territory,951,2021-09-30,2021-10-23,4739,631,93.0,1,93.0,Jacket,Coach,S,red,76,September,30,Thursday,23,9
515,Joannes Pandie,Female,52,Huelhaven,Australian Capital Territory,846,2021-09-17,2021-10-10,4251,668,113.0,2,226.0,Jacket,Parka,L,red,73,September,17,Friday,23,9
515,Joannes Pandie,Female,52,Huelhaven,Australian Capital Territory,593,2021-02-21,2021-03-11,2978,955,97.0,1,97.0,Trousers,Slim-Fit,XS,yellow,59,February,21,Sunday,18,2
515,Joannes Pandie,Female,52,Huelhaven,Australian Capital Territory,593,2021-02-21,2021-03-11,2984,467,118.0,3,354.0,Jacket,Puffer,M,yellow,44,February,21,Sunday,18,2
515,Joannes Pandie,Female,52,Huelhaven,Australian Capital Territory,211,2021-05-09,2021-05-17,1025,430,107.0,2,214.0,Jacket,Denim,XS,yellow,52,May,9,Sunday,8,5
515,Joannes Pandie,Female,52,Huelhaven,Australian Capital Territory,593,2021-02-21,2021-03-11,2980,380,94.0,1,94.0,Shirt,Henley,XS,violet,50,February,21,Sunday,18,2
515,Joannes Pandie,Female,52,Huelhaven,Australian Capital Territory,951,2021-09-30,2021-10-23,4741,154,91.0,1,91.0,Shirt,Linen,XL,yellow,54,September,30,Thursday,23,9
515,Joannes Pandie,Female,52,Huelhaven,Australian Capital Territory,951,2021-09-30,2021-10-23,4740,151,91.0,1,91.0,Shirt,Linen,S,yellow,60,September,30,Thursday,23,9
515,Joannes Pandie,Female,52,Huelhaven,Australian Capital Territory,593,2021-02-21,2021-03-11,2983,911,96.0,3,288.0,Trousers,Drawstring,S,red,64,February,21,Sunday,18,2
515,Joannes Pandie,Female,52,Huelhaven,Australian Capital Territory,951,2021-09-30,2021-10-23,4738,647,93.0,3,279.0,Jacket,Coach,M,green,63,September,30,Thursday,23,9
515,Joannes Pandie,Female,52,Huelhaven,Australian Capital Territory,593,2021-02-21,2021-03-11,2979,996,106.0,1,106.0,Trousers,Wool,S,green,43,February,21,Sunday,18,2
516,Malcolm Paal,Polygender,69,South Tylermouth,Northern Territory,523,2021-04-25,2021-05-18,2610,727,119.0,3,357.0,Jacket,Trench Coat,M,indigo,42,April,25,Sunday,23,4
516,Malcolm Paal,Polygender,69,South Tylermouth,Northern Territory,523,2021-04-25,2021-05-18,2612,221,106.0,3,318.0,Shirt,Chambray,S,yellow,40,April,25,Sunday,23,4
516,Malcolm Paal,Polygender,69,South Tylermouth,Northern Territory,523,2021-04-25,2021-05-18,2613,864,113.0,3,339.0,Trousers,Chinos,XL,blue,48,April,25,Sunday,23,4
516,Malcolm Paal,Polygender,69,South Tylermouth,Northern Territory,523,2021-04-25,2021-05-18,2611,727,119.0,2,238.0,Jacket,Trench Coat,M,indigo,42,April,25,Sunday,23,4
516,Malcolm Paal,Polygender,69,South Tylermouth,Northern Territory,523,2021-04-25,2021-05-18,2608,1068,93.0,3,279.0,Trousers,Joggers,L,green,43,April,25,Sunday,23,4
516,Malcolm Paal,Polygender,69,South Tylermouth,Northern Territory,523,2021-04-25,2021-05-18,2609,354,94.0,1,94.0,Shirt,Henley,XL,red,59,April,25,Sunday,23,4
518,Margalo Cousen,Agender,31,Bauchton,Northern Territory,250,2021-03-26,2021-04-03,1209,540,98.0,2,196.0,Jacket,Leather,XS,green,57,March,26,Friday,8,3
518,Margalo Cousen,Agender,31,Bauchton,Northern Territory,250,2021-03-26,2021-04-03,1208,41,104.0,3,312.0,Shirt,Dress,S,orange,69,March,26,Friday,8,3
518,Margalo Cousen,Agender,31,Bauchton,Northern Territory,250,2021-03-26,2021-04-03,1211,219,106.0,3,318.0,Shirt,Chambray,XL,orange,57,March,26,Friday,8,3
518,Margalo Cousen,Agender,31,Bauchton,Northern Territory,250,2021-03-26,2021-04-03,1210,880,94.0,1,94.0,Trousers,Cords,XS,orange,70,March,26,Friday,8,3
518,Margalo Cousen,Agender,31,Bauchton,Northern Territory,250,2021-03-26,2021-04-03,1212,600,112.0,1,112.0,Jacket,Cardigan,XS,orange,46,March,26,Friday,8,3
522,Ailina Kynan,Genderqueer,71,Handborough,South Australia,284,2021-04-29,2021-05-16,1382,1057,93.0,1,93.0,Trousers,Joggers,M,orange,52,April,29,Thursday,17,4
522,Ailina Kynan,Genderqueer,71,Handborough,South Australia,648,2021-07-16,2021-07-19,3216,85,118.0,3,354.0,Shirt,Flannel,XS,green,55,July,16,Friday,3,7
522,Ailina Kynan,Genderqueer,71,Handborough,South Australia,648,2021-07-16,2021-07-19,3218,257,95.0,3,285.0,Shirt,Polo,M,yellow,52,July,16,Friday,3,7
522,Ailina Kynan,Genderqueer,71,Handborough,South Australia,284,2021-04-29,2021-05-16,1383,1016,90.0,2,180.0,Trousers,Relaxed Leg,S,red,70,April,29,Thursday,17,4
522,Ailina Kynan,Genderqueer,71,Handborough,South Australia,648,2021-07-16,2021-07-19,3217,835,117.0,3,351.0,Jacket,Shearling,XS,violet,75,July,16,Friday,3,7
523,Grissel Harteley,Bigender,22,North Jasperville,Northern Territory,532,2021-09-08,2021-09-20,2661,343,109.0,1,109.0,Shirt,Mandarin Collar,L,indigo,53,September,8,Wednesday,12,9
523,Grissel Harteley,Bigender,22,North Jasperville,Northern Territory,532,2021-09-08,2021-09-20,2664,60,104.0,2,208.0,Shirt,Dress,XS,indigo,56,September,8,Wednesday,12,9
523,Grissel Harteley,Bigender,22,North Jasperville,Northern Territory,532,2021-09-08,2021-09-20,2663,1255,112.0,1,112.0,Trousers,Tracksuit Bottoms,XS,violet,67,September,8,Wednesday,12,9
523,Grissel Harteley,Bigender,22,North Jasperville,Northern Territory,532,2021-09-08,2021-09-20,2662,980,106.0,2,212.0,Trousers,Wool,XS,red,44,September,8,Wednesday,12,9
524,Beverlie Bansal,Agender,80,Port Sebastianland,Queensland,822,2021-09-05,2021-09-12,4136,181,98.0,1,98.0,Shirt,Camp Collared,S,orange,62,September,5,Sunday,7,9
524,Beverlie Bansal,Agender,80,Port Sebastianland,Queensland,822,2021-09-05,2021-09-12,4134,662,93.0,2,186.0,Jacket,Coach,M,violet,74,September,5,Sunday,7,9
524,Beverlie Bansal,Agender,80,Port Sebastianland,Queensland,822,2021-09-05,2021-09-12,4137,952,97.0,1,97.0,Trousers,Slim-Fit,M,orange,44,September,5,Sunday,7,9
524,Beverlie Bansal,Agender,80,Port Sebastianland,Queensland,822,2021-09-05,2021-09-12,4135,857,113.0,2,226.0,Trousers,Chinos,M,green,49,September,5,Sunday,7,9
524,Beverlie Bansal,Agender,80,Port Sebastianland,Queensland,822,2021-09-05,2021-09-12,4133,715,119.0,1,119.0,Jacket,Trench Coat,XS,green,62,September,5,Sunday,7,9
526,Ellyn Collacombe,Male,73,Adamsside,Tasmania,728,2021-08-29,2021-08-30,3635,1109,115.0,1,115.0,Trousers,Cropped,XL,blue,51,August,29,Sunday,1,8
526,Ellyn Collacombe,Male,73,Adamsside,Tasmania,215,2021-08-10,2021-08-20,1051,793,91.0,2,182.0,Jacket,Pullover,L,blue,66,August,10,Tuesday,10,8
526,Ellyn Collacombe,Male,73,Adamsside,Tasmania,728,2021-08-29,2021-08-30,3633,234,106.0,1,106.0,Shirt,Chambray,XL,blue,43,August,29,Sunday,1,8
526,Ellyn Collacombe,Male,73,Adamsside,Tasmania,215,2021-08-10,2021-08-20,1050,780,91.0,3,273.0,Jacket,Pullover,XS,yellow,65,August,10,Tuesday,10,8
526,Ellyn Collacombe,Male,73,Adamsside,Tasmania,215,2021-08-10,2021-08-20,1048,207,98.0,1,98.0,Shirt,Camp Collared,M,violet,41,August,10,Tuesday,10,8
526,Ellyn Collacombe,Male,73,Adamsside,Tasmania,728,2021-08-29,2021-08-30,3637,598,112.0,1,112.0,Jacket,Cardigan,L,red,41,August,29,Sunday,1,8
526,Ellyn Collacombe,Male,73,Adamsside,Tasmania,728,2021-08-29,2021-08-30,3638,1150,102.0,1,102.0,Trousers,Cargo Pants,XS,violet,40,August,29,Sunday,1,8
526,Ellyn Collacombe,Male,73,Adamsside,Tasmania,215,2021-08-10,2021-08-20,1049,618,112.0,2,224.0,Jacket,Cardigan,L,blue,68,August,10,Tuesday,10,8
526,Ellyn Collacombe,Male,73,Adamsside,Tasmania,728,2021-08-29,2021-08-30,3636,38,104.0,3,312.0,Shirt,Dress,L,red,79,August,29,Sunday,1,8
526,Ellyn Collacombe,Male,73,Adamsside,Tasmania,344,2021-08-16,2021-09-06,1686,913,96.0,2,192.0,Trousers,Drawstring,L,red,73,August,16,Monday,21,8
526,Ellyn Collacombe,Male,73,Adamsside,Tasmania,344,2021-08-16,2021-09-06,1687,466,118.0,3,354.0,Jacket,Puffer,S,yellow,48,August,16,Monday,21,8
526,Ellyn Collacombe,Male,73,Adamsside,Tasmania,728,2021-08-29,2021-08-30,3634,9,96.0,3,288.0,Shirt,Oxford Cloth,XL,orange,43,August,29,Sunday,1,8
528,Cad Dominichetti,Non-binary,63,Lake Madelineton,Western Australia,141,2021-08-26,2021-09-13,665,805,117.0,3,351.0,Jacket,Shearling,XS,red,74,August,26,Thursday,18,8
528,Cad Dominichetti,Non-binary,63,Lake Madelineton,Western Australia,141,2021-08-26,2021-09-13,667,733,119.0,3,357.0,Jacket,Trench Coat,L,violet,76,August,26,Thursday,18,8
528,Cad Dominichetti,Non-binary,63,Lake Madelineton,Western Australia,53,2021-04-22,2021-05-02,243,56,104.0,1,104.0,Shirt,Dress,S,blue,46,April,22,Thursday,10,4
528,Cad Dominichetti,Non-binary,63,Lake Madelineton,Western Australia,53,2021-04-22,2021-05-02,244,92,118.0,1,118.0,Shirt,Flannel,M,blue,73,April,22,Thursday,10,4
528,Cad Dominichetti,Non-binary,63,Lake Madelineton,Western Australia,141,2021-08-26,2021-09-13,666,950,97.0,1,97.0,Trousers,Slim-Fit,XS,orange,69,August,26,Thursday,18,8
528,Cad Dominichetti,Non-binary,63,Lake Madelineton,Western Australia,53,2021-04-22,2021-05-02,242,825,117.0,3,351.0,Jacket,Shearling,XS,blue,62,April,22,Thursday,10,4
530,Leroi Weal,Polygender,63,Lake Rose,Western Australia,239,2021-10-13,2021-11-02,1159,445,107.0,3,321.0,Jacket,Denim,XS,indigo,75,October,13,Wednesday,20,10
530,Leroi Weal,Polygender,63,Lake Rose,Western Australia,608,2021-08-13,2021-08-15,3031,265,95.0,3,285.0,Shirt,Polo,XS,blue,56,August,13,Friday,2,8
530,Leroi Weal,Polygender,63,Lake Rose,Western Australia,608,2021-08-13,2021-08-15,3030,572,100.0,3,300.0,Jacket,Bomber,M,yellow,71,August,13,Friday,2,8
530,Leroi Weal,Polygender,63,Lake Rose,Western Australia,239,2021-10-13,2021-11-02,1158,1177,99.0,3,297.0,Trousers,High-Waisted,M,blue,52,October,13,Wednesday,20,10
530,Leroi Weal,Polygender,63,Lake Rose,Western Australia,268,2021-03-16,2021-04-10,1299,1224,105.0,1,105.0,Trousers,Pleated,XL,violet,65,March,16,Tuesday,25,3
530,Leroi Weal,Polygender,63,Lake Rose,Western Australia,268,2021-03-16,2021-04-10,1298,1117,115.0,1,115.0,Trousers,Cropped,M,violet,47,March,16,Tuesday,25,3
534,Fanchette Polak,Female,54,Andersonburgh,Tasmania,628,2021-09-08,2021-09-28,3116,384,94.0,3,282.0,Shirt,Henley,XL,violet,77,September,8,Wednesday,20,9
534,Fanchette Polak,Female,54,Andersonburgh,Tasmania,628,2021-09-08,2021-09-28,3111,494,102.0,2,204.0,Jacket,Windbreaker,XL,red,48,September,8,Wednesday,20,9
534,Fanchette Polak,Female,54,Andersonburgh,Tasmania,628,2021-09-08,2021-09-28,3115,1209,105.0,1,105.0,Trousers,Pleated,XL,green,55,September,8,Wednesday,20,9
534,Fanchette Polak,Female,54,Andersonburgh,Tasmania,628,2021-09-08,2021-09-28,3114,79,118.0,3,354.0,Shirt,Flannel,XL,orange,50,September,8,Wednesday,20,9
534,Fanchette Polak,Female,54,Andersonburgh,Tasmania,628,2021-09-08,2021-09-28,3113,626,112.0,1,112.0,Jacket,Cardigan,S,violet,49,September,8,Wednesday,20,9
534,Fanchette Polak,Female,54,Andersonburgh,Tasmania,628,2021-09-08,2021-09-28,3109,311,105.0,2,210.0,Shirt,Cuban Collar,S,violet,43,September,8,Wednesday,20,9
534,Fanchette Polak,Female,54,Andersonburgh,Tasmania,628,2021-09-08,2021-09-28,3112,675,113.0,1,113.0,Jacket,Parka,XS,yellow,63,September,8,Wednesday,20,9
534,Fanchette Polak,Female,54,Andersonburgh,Tasmania,628,2021-09-08,2021-09-28,3110,579,100.0,3,300.0,Jacket,Bomber,XL,green,79,September,8,Wednesday,20,9
535,Kerry Luto,Polygender,56,Conroychester,South Australia,752,2021-10-08,2021-10-12,3769,196,98.0,3,294.0,Shirt,Camp Collared,S,blue,75,October,8,Friday,4,10
535,Kerry Luto,Polygender,56,Conroychester,South Australia,301,2021-06-21,2021-06-25,1480,1094,115.0,2,230.0,Trousers,Cropped,XL,orange,61,June,21,Monday,4,6
535,Kerry Luto,Polygender,56,Conroychester,South Australia,752,2021-10-08,2021-10-12,3772,85,118.0,3,354.0,Shirt,Flannel,XS,green,55,October,8,Friday,4,10
535,Kerry Luto,Polygender,56,Conroychester,South Australia,752,2021-10-08,2021-10-12,3771,102,118.0,1,118.0,Shirt,Flannel,M,violet,71,October,8,Friday,4,10
535,Kerry Luto,Polygender,56,Conroychester,South Australia,752,2021-10-08,2021-10-12,3770,857,113.0,1,113.0,Trousers,Chinos,M,green,49,October,8,Friday,4,10
535,Kerry Luto,Polygender,56,Conroychester,South Australia,301,2021-06-21,2021-06-25,1477,141,91.0,3,273.0,Shirt,Linen,S,red,67,June,21,Monday,4,6
535,Kerry Luto,Polygender,56,Conroychester,South Australia,301,2021-06-21,2021-06-25,1478,266,95.0,3,285.0,Shirt,Polo,S,blue,76,June,21,Monday,4,6
535,Kerry Luto,Polygender,56,Conroychester,South Australia,301,2021-06-21,2021-06-25,1475,1035,90.0,2,180.0,Trousers,Relaxed Leg,XS,blue,54,June,21,Monday,4,6
535,Kerry Luto,Polygender,56,Conroychester,South Australia,301,2021-06-21,2021-06-25,1476,814,117.0,3,351.0,Jacket,Shearling,XL,orange,60,June,21,Monday,4,6
535,Kerry Luto,Polygender,56,Conroychester,South Australia,301,2021-06-21,2021-06-25,1479,947,97.0,2,194.0,Trousers,Slim-Fit,M,red,67,June,21,Monday,4,6
535,Kerry Luto,Polygender,56,Conroychester,South Australia,752,2021-10-08,2021-10-12,3768,964,97.0,2,194.0,Trousers,Slim-Fit,XL,green,67,October,8,Friday,4,10
537,Beverly Burbridge,Non-binary,45,Krisland,Western Australia,304,2021-04-10,2021-05-03,1489,605,112.0,3,336.0,Jacket,Cardigan,XS,yellow,46,April,10,Saturday,23,4
537,Beverly Burbridge,Non-binary,45,Krisland,Western Australia,83,2021-06-25,2021-07-01,368,88,118.0,1,118.0,Shirt,Flannel,L,green,72,June,25,Friday,6,6
537,Beverly Burbridge,Non-binary,45,Krisland,Western Australia,304,2021-04-10,2021-05-03,1491,850,113.0,3,339.0,Trousers,Chinos,XS,yellow,41,April,10,Saturday,23,4
537,Beverly Burbridge,Non-binary,45,Krisland,Western Australia,304,2021-04-10,2021-05-03,1490,104,118.0,3,354.0,Shirt,Flannel,XL,violet,43,April,10,Saturday,23,4
537,Beverly Burbridge,Non-binary,45,Krisland,Western Australia,304,2021-04-10,2021-05-03,1488,155,91.0,3,273.0,Shirt,Linen,XS,green,49,April,10,Saturday,23,4
537,Beverly Burbridge,Non-binary,45,Krisland,Western Australia,304,2021-04-10,2021-05-03,1492,98,118.0,2,236.0,Shirt,Flannel,L,indigo,62,April,10,Saturday,23,4
537,Beverly Burbridge,Non-binary,45,Krisland,Western Australia,83,2021-06-25,2021-07-01,367,588,100.0,1,100.0,Jacket,Bomber,L,indigo,51,June,25,Friday,6,6
537,Beverly Burbridge,Non-binary,45,Krisland,Western Australia,83,2021-06-25,2021-07-01,369,260,95.0,2,190.0,Shirt,Polo,XS,green,45,June,25,Friday,6,6
537,Beverly Burbridge,Non-binary,45,Krisland,Western Australia,402,2021-03-09,2021-04-04,2002,577,100.0,2,200.0,Jacket,Bomber,M,green,61,March,9,Tuesday,26,3
539,Sonny Tremollet,Male,78,Port Blake,Queensland,136,2021-09-06,2021-09-08,643,174,91.0,3,273.0,Shirt,Linen,XL,violet,73,September,6,Monday,2,9
539,Sonny Tremollet,Male,78,Port Blake,Queensland,334,2021-05-12,2021-05-23,1633,777,91.0,3,273.0,Jacket,Pullover,M,orange,60,May,12,Wednesday,11,5
539,Sonny Tremollet,Male,78,Port Blake,Queensland,140,2021-04-08,2021-04-13,659,955,97.0,1,97.0,Trousers,Slim-Fit,XS,yellow,59,April,8,Thursday,5,4
539,Sonny Tremollet,Male,78,Port Blake,Queensland,140,2021-04-08,2021-04-13,661,533,98.0,2,196.0,Jacket,Leather,L,orange,78,April,8,Thursday,5,4
539,Sonny Tremollet,Male,78,Port Blake,Queensland,136,2021-09-06,2021-09-08,642,816,117.0,2,234.0,Jacket,Shearling,S,yellow,48,September,6,Monday,2,9
539,Sonny Tremollet,Male,78,Port Blake,Queensland,140,2021-04-08,2021-04-13,662,687,113.0,3,339.0,Jacket,Parka,M,blue,54,April,8,Thursday,5,4
539,Sonny Tremollet,Male,78,Port Blake,Queensland,140,2021-04-08,2021-04-13,664,1130,102.0,3,306.0,Trousers,Cargo Pants,XS,yellow,68,April,8,Thursday,5,4
539,Sonny Tremollet,Male,78,Port Blake,Queensland,140,2021-04-08,2021-04-13,663,628,112.0,1,112.0,Jacket,Cardigan,L,violet,66,April,8,Thursday,5,4
539,Sonny Tremollet,Male,78,Port Blake,Queensland,334,2021-05-12,2021-05-23,1632,762,109.0,3,327.0,Jacket,Peacoat,M,indigo,52,May,12,Wednesday,11,5
539,Sonny Tremollet,Male,78,Port Blake,Queensland,140,2021-04-08,2021-04-13,660,575,100.0,1,100.0,Jacket,Bomber,XS,green,48,April,8,Thursday,5,4
539,Sonny Tremollet,Male,78,Port Blake,Queensland,334,2021-05-12,2021-05-23,1635,1148,102.0,2,204.0,Trousers,Cargo Pants,L,indigo,46,May,12,Wednesday,11,5
539,Sonny Tremollet,Male,78,Port Blake,Queensland,334,2021-05-12,2021-05-23,1634,282,105.0,2,210.0,Shirt,Cuban Collar,M,red,53,May,12,Wednesday,11,5
539,Sonny Tremollet,Male,78,Port Blake,Queensland,140,2021-04-08,2021-04-13,658,701,119.0,3,357.0,Jacket,Trench Coat,S,red,54,April,8,Thursday,5,4
539,Sonny Tremollet,Male,78,Port Blake,Queensland,334,2021-05-12,2021-05-23,1636,102,118.0,2,236.0,Shirt,Flannel,M,violet,71,May,12,Wednesday,11,5
539,Sonny Tremollet,Male,78,Port Blake,Queensland,334,2021-05-12,2021-05-23,1637,599,112.0,1,112.0,Jacket,Cardigan,XL,red,54,May,12,Wednesday,11,5
539,Sonny Tremollet,Male,78,Port Blake,Queensland,136,2021-09-06,2021-09-08,644,582,100.0,3,300.0,Jacket,Bomber,M,blue,44,September,6,Monday,2,9
539,Sonny Tremollet,Male,78,Port Blake,Queensland,334,2021-05-12,2021-05-23,1638,1188,99.0,1,99.0,Trousers,High-Waisted,L,violet,68,May,12,Wednesday,11,5
545,Jakob Munks,Non-binary,59,Durgantown,Queensland,119,2021-04-29,2021-05-06,549,551,98.0,2,196.0,Jacket,Leather,S,indigo,40,April,29,Thursday,7,4
545,Jakob Munks,Non-binary,59,Durgantown,Queensland,119,2021-04-29,2021-05-06,550,911,96.0,1,96.0,Trousers,Drawstring,S,red,64,April,29,Thursday,7,4
545,Jakob Munks,Non-binary,59,Durgantown,Queensland,119,2021-04-29,2021-05-06,551,66,104.0,1,104.0,Shirt,Dress,S,violet,69,April,29,Thursday,7,4
545,Jakob Munks,Non-binary,59,Durgantown,Queensland,119,2021-04-29,2021-05-06,552,63,104.0,1,104.0,Shirt,Dress,L,indigo,71,April,29,Thursday,7,4
548,Nicky Giuron,Agender,57,West Elliestad,Northern Territory,638,2021-10-03,2021-10-17,3167,924,96.0,3,288.0,Trousers,Drawstring,XL,yellow,48,October,3,Sunday,14,10
548,Nicky Giuron,Agender,57,West Elliestad,Northern Territory,638,2021-10-03,2021-10-17,3166,847,113.0,3,339.0,Trousers,Chinos,M,orange,73,October,3,Sunday,14,10
548,Nicky Giuron,Agender,57,West Elliestad,Northern Territory,638,2021-10-03,2021-10-17,3168,458,118.0,3,354.0,Jacket,Puffer,L,red,44,October,3,Sunday,14,10
548,Nicky Giuron,Agender,57,West Elliestad,Northern Territory,638,2021-10-03,2021-10-17,3169,175,98.0,3,294.0,Shirt,Camp Collared,XS,red,77,October,3,Sunday,14,10
548,Nicky Giuron,Agender,57,West Elliestad,Northern Territory,638,2021-10-03,2021-10-17,3170,1005,106.0,2,212.0,Trousers,Wool,XS,indigo,43,October,3,Sunday,14,10
548,Nicky Giuron,Agender,57,West Elliestad,Northern Territory,638,2021-10-03,2021-10-17,3165,460,118.0,1,118.0,Jacket,Puffer,XS,orange,47,October,3,Sunday,14,10
549,Barclay Beswick,Male,50,Gleasonburgh,Northern Territory,956,2021-05-18,2021-06-07,4774,1250,112.0,2,224.0,Trousers,Tracksuit Bottoms,XS,indigo,63,May,18,Tuesday,20,5
549,Barclay Beswick,Male,50,Gleasonburgh,Northern Territory,121,2021-04-21,2021-04-23,563,60,104.0,2,208.0,Shirt,Dress,XS,indigo,56,April,21,Wednesday,2,4
549,Barclay Beswick,Male,50,Gleasonburgh,Northern Territory,956,2021-05-18,2021-06-07,4771,695,113.0,3,339.0,Jacket,Parka,XS,violet,59,May,18,Tuesday,20,5
549,Barclay Beswick,Male,50,Gleasonburgh,Northern Territory,956,2021-05-18,2021-06-07,4775,548,98.0,3,294.0,Jacket,Leather,L,blue,62,May,18,Tuesday,20,5
549,Barclay Beswick,Male,50,Gleasonburgh,Northern Territory,121,2021-04-21,2021-04-23,561,568,100.0,2,200.0,Jacket,Bomber,L,orange,71,April,21,Wednesday,2,4
549,Barclay Beswick,Male,50,Gleasonburgh,Northern Territory,308,2021-02-13,2021-03-08,1503,678,113.0,3,339.0,Jacket,Parka,L,yellow,72,February,13,Saturday,23,2
549,Barclay Beswick,Male,50,Gleasonburgh,Northern Territory,308,2021-02-13,2021-03-08,1504,944,96.0,3,288.0,Trousers,Drawstring,XL,violet,80,February,13,Saturday,23,2
549,Barclay Beswick,Male,50,Gleasonburgh,Northern Territory,308,2021-02-13,2021-03-08,1502,598,112.0,1,112.0,Jacket,Cardigan,L,red,41,February,13,Saturday,23,2
549,Barclay Beswick,Male,50,Gleasonburgh,Northern Territory,121,2021-04-21,2021-04-23,560,58,104.0,1,104.0,Shirt,Dress,L,blue,61,April,21,Wednesday,2,4
549,Barclay Beswick,Male,50,Gleasonburgh,Northern Territory,121,2021-04-21,2021-04-23,559,920,96.0,2,192.0,Trousers,Drawstring,XS,yellow,41,April,21,Wednesday,2,4
549,Barclay Beswick,Male,50,Gleasonburgh,Northern Territory,603,2021-08-30,2021-09-04,3009,1170,99.0,2,198.0,Trousers,High-Waisted,XS,green,42,August,30,Monday,5,8
549,Barclay Beswick,Male,50,Gleasonburgh,Northern Territory,121,2021-04-21,2021-04-23,562,1200,105.0,1,105.0,Trousers,Pleated,XS,yellow,75,April,21,Wednesday,2,4
549,Barclay Beswick,Male,50,Gleasonburgh,Northern Territory,956,2021-05-18,2021-06-07,4773,377,94.0,2,188.0,Shirt,Henley,M,indigo,70,May,18,Tuesday,20,5
549,Barclay Beswick,Male,50,Gleasonburgh,Northern Territory,956,2021-05-18,2021-06-07,4772,672,113.0,2,226.0,Jacket,Parka,M,orange,51,May,18,Tuesday,20,5
549,Barclay Beswick,Male,50,Gleasonburgh,Northern Territory,121,2021-04-21,2021-04-23,566,1126,102.0,1,102.0,Trousers,Cargo Pants,S,orange,60,April,21,Wednesday,2,4
549,Barclay Beswick,Male,50,Gleasonburgh,Northern Territory,121,2021-04-21,2021-04-23,564,266,95.0,2,190.0,Shirt,Polo,S,blue,76,April,21,Wednesday,2,4
549,Barclay Beswick,Male,50,Gleasonburgh,Northern Territory,121,2021-04-21,2021-04-23,565,1222,105.0,3,315.0,Trousers,Pleated,M,violet,45,April,21,Wednesday,2,4
550,Marna Lammerts,Male,22,Sophiafurt,New South Wales,871,2021-09-24,2021-10-08,4358,637,93.0,1,93.0,Jacket,Coach,M,orange,72,September,24,Friday,14,9
550,Marna Lammerts,Male,22,Sophiafurt,New South Wales,871,2021-09-24,2021-10-08,4360,1056,93.0,1,93.0,Trousers,Joggers,S,orange,43,September,24,Friday,14,9
550,Marna Lammerts,Male,22,Sophiafurt,New South Wales,871,2021-09-24,2021-10-08,4359,495,102.0,2,204.0,Jacket,Windbreaker,XS,orange,70,September,24,Friday,14,9
551,Theodor Skipton,Bigender,68,Declanton,South Australia,424,2021-03-13,2021-03-18,2109,407,119.0,1,119.0,Shirt,Casual Slim Fit,M,blue,61,March,13,Saturday,5,3
551,Theodor Skipton,Bigender,68,Declanton,South Australia,424,2021-03-13,2021-03-18,2110,759,109.0,1,109.0,Jacket,Peacoat,XL,blue,77,March,13,Saturday,5,3
551,Theodor Skipton,Bigender,68,Declanton,South Australia,424,2021-03-13,2021-03-18,2115,1040,90.0,2,180.0,Trousers,Relaxed Leg,XS,indigo,60,March,13,Saturday,5,3
551,Theodor Skipton,Bigender,68,Declanton,South Australia,424,2021-03-13,2021-03-18,2116,454,107.0,1,107.0,Jacket,Denim,XL,violet,63,March,13,Saturday,5,3
551,Theodor Skipton,Bigender,68,Declanton,South Australia,424,2021-03-13,2021-03-18,2113,833,117.0,1,117.0,Jacket,Shearling,L,indigo,66,March,13,Saturday,5,3
551,Theodor Skipton,Bigender,68,Declanton,South Australia,424,2021-03-13,2021-03-18,2114,420,107.0,3,321.0,Jacket,Denim,XS,red,60,March,13,Saturday,5,3
551,Theodor Skipton,Bigender,68,Declanton,South Australia,424,2021-03-13,2021-03-18,2111,1078,93.0,2,186.0,Trousers,Joggers,L,indigo,42,March,13,Saturday,5,3
551,Theodor Skipton,Bigender,68,Declanton,South Australia,280,2021-01-07,2021-01-08,1353,502,102.0,1,102.0,Jacket,Windbreaker,M,yellow,52,January,7,Thursday,1,1
551,Theodor Skipton,Bigender,68,Declanton,South Australia,280,2021-01-07,2021-01-08,1355,459,118.0,1,118.0,Jacket,Puffer,XL,red,41,January,7,Thursday,1,1
551,Theodor Skipton,Bigender,68,Declanton,South Australia,280,2021-01-07,2021-01-08,1354,1159,99.0,3,297.0,Trousers,High-Waisted,XL,red,80,January,7,Thursday,1,1
551,Theodor Skipton,Bigender,68,Declanton,South Australia,424,2021-03-13,2021-03-18,2112,182,98.0,1,98.0,Shirt,Camp Collared,M,orange,65,March,13,Saturday,5,3
553,Niels Loadsman,Genderfluid,30,Kaiview,New South Wales,902,2021-01-12,2021-01-15,4525,118,92.0,1,92.0,Shirt,Denim,L,yellow,75,January,12,Tuesday,3,1
553,Niels Loadsman,Genderfluid,30,Kaiview,New South Wales,902,2021-01-12,2021-01-15,4526,892,94.0,2,188.0,Trousers,Cords,M,green,76,January,12,Tuesday,3,1
553,Niels Loadsman,Genderfluid,30,Kaiview,New South Wales,902,2021-01-12,2021-01-15,4523,21,96.0,1,96.0,Shirt,Oxford Cloth,S,blue,51,January,12,Tuesday,3,1
553,Niels Loadsman,Genderfluid,30,Kaiview,New South Wales,902,2021-01-12,2021-01-15,4528,568,100.0,3,300.0,Jacket,Bomber,L,orange,71,January,12,Tuesday,3,1
553,Niels Loadsman,Genderfluid,30,Kaiview,New South Wales,440,2021-10-09,2021-10-30,2184,1158,99.0,3,297.0,Trousers,High-Waisted,L,red,52,October,9,Saturday,21,10
553,Niels Loadsman,Genderfluid,30,Kaiview,New South Wales,902,2021-01-12,2021-01-15,4527,365,94.0,1,94.0,Shirt,Henley,XS,green,61,January,12,Tuesday,3,1
553,Niels Loadsman,Genderfluid,30,Kaiview,New South Wales,440,2021-10-09,2021-10-30,2189,120,92.0,3,276.0,Shirt,Denim,XS,green,66,October,9,Saturday,21,10
553,Niels Loadsman,Genderfluid,30,Kaiview,New South Wales,902,2021-01-12,2021-01-15,4524,683,113.0,2,226.0,Jacket,Parka,L,green,55,January,12,Tuesday,3,1
553,Niels Loadsman,Genderfluid,30,Kaiview,New South Wales,440,2021-10-09,2021-10-30,2186,762,109.0,2,218.0,Jacket,Peacoat,M,indigo,52,October,9,Saturday,21,10
553,Niels Loadsman,Genderfluid,30,Kaiview,New South Wales,440,2021-10-09,2021-10-30,2188,882,94.0,1,94.0,Trousers,Cords,M,orange,53,October,9,Saturday,21,10
553,Niels Loadsman,Genderfluid,30,Kaiview,New South Wales,440,2021-10-09,2021-10-30,2187,1130,102.0,1,102.0,Trousers,Cargo Pants,XS,yellow,68,October,9,Saturday,21,10
553,Niels Loadsman,Genderfluid,30,Kaiview,New South Wales,440,2021-10-09,2021-10-30,2185,105,92.0,2,184.0,Shirt,Denim,XS,red,52,October,9,Saturday,21,10
554,Lisetta Griffin,Non-binary,56,New Benjaminborough,Tasmania,109,2021-04-06,2021-04-29,495,248,95.0,3,285.0,Shirt,Polo,L,red,72,April,6,Tuesday,23,4
554,Lisetta Griffin,Non-binary,56,New Benjaminborough,Tasmania,109,2021-04-06,2021-04-29,498,586,100.0,1,100.0,Jacket,Bomber,S,indigo,41,April,6,Tuesday,23,4
554,Lisetta Griffin,Non-binary,56,New Benjaminborough,Tasmania,109,2021-04-06,2021-04-29,497,1072,93.0,1,93.0,Trousers,Joggers,M,blue,78,April,6,Tuesday,23,4
554,Lisetta Griffin,Non-binary,56,New Benjaminborough,Tasmania,109,2021-04-06,2021-04-29,496,1108,115.0,2,230.0,Trousers,Cropped,L,blue,45,April,6,Tuesday,23,4
555,Kalil Thal,Polygender,77,Lake Jacobborough,Victoria,220,2021-10-10,2021-10-25,1073,97,118.0,1,118.0,Shirt,Flannel,M,indigo,69,October,10,Sunday,15,10
555,Kalil Thal,Polygender,77,Lake Jacobborough,Victoria,220,2021-10-10,2021-10-25,1072,1000,106.0,3,318.0,Trousers,Wool,XS,blue,58,October,10,Sunday,15,10
555,Kalil Thal,Polygender,77,Lake Jacobborough,Victoria,220,2021-10-10,2021-10-25,1071,878,94.0,2,188.0,Trousers,Cords,L,red,53,October,10,Sunday,15,10
555,Kalil Thal,Polygender,77,Lake Jacobborough,Victoria,220,2021-10-10,2021-10-25,1074,472,118.0,3,354.0,Jacket,Puffer,M,green,72,October,10,Sunday,15,10
556,Nessy Kildea,Genderfluid,61,West Kai,South Australia,63,2021-02-11,2021-03-08,277,975,97.0,2,194.0,Trousers,Slim-Fit,XS,violet,70,February,11,Thursday,25,2
556,Nessy Kildea,Genderfluid,61,West Kai,South Australia,63,2021-02-11,2021-03-08,276,327,109.0,3,327.0,Shirt,Mandarin Collar,M,yellow,58,February,11,Thursday,25,2
556,Nessy Kildea,Genderfluid,61,West Kai,South Australia,368,2021-09-02,2021-09-21,1819,863,113.0,3,339.0,Trousers,Chinos,L,blue,46,September,2,Thursday,19,9
556,Nessy Kildea,Genderfluid,61,West Kai,South Australia,63,2021-02-11,2021-03-08,278,360,94.0,2,188.0,Shirt,Henley,XS,yellow,42,February,11,Thursday,25,2
556,Nessy Kildea,Genderfluid,61,West Kai,South Australia,63,2021-02-11,2021-03-08,279,208,98.0,1,98.0,Shirt,Camp Collared,L,violet,42,February,11,Thursday,25,2
556,Nessy Kildea,Genderfluid,61,West Kai,South Australia,368,2021-09-02,2021-09-21,1818,517,102.0,1,102.0,Jacket,Windbreaker,M,indigo,56,September,2,Thursday,19,9
556,Nessy Kildea,Genderfluid,61,West Kai,South Australia,368,2021-09-02,2021-09-21,1816,1014,106.0,2,212.0,Trousers,Wool,XL,violet,40,September,2,Thursday,19,9
556,Nessy Kildea,Genderfluid,61,West Kai,South Australia,368,2021-09-02,2021-09-21,1817,964,97.0,3,291.0,Trousers,Slim-Fit,XL,green,67,September,2,Thursday,19,9
556,Nessy Kildea,Genderfluid,61,West Kai,South Australia,368,2021-09-02,2021-09-21,1820,1156,99.0,3,297.0,Trousers,High-Waisted,S,red,80,September,2,Thursday,19,9
557,Kyle Lowbridge,Bigender,59,Lake Jesse,Tasmania,874,2021-03-25,2021-04-10,4379,826,117.0,3,351.0,Jacket,Shearling,S,blue,72,March,25,Thursday,16,3
557,Kyle Lowbridge,Bigender,59,Lake Jesse,Tasmania,874,2021-03-25,2021-04-10,4378,1170,99.0,1,99.0,Trousers,High-Waisted,XS,green,42,March,25,Thursday,16,3
557,Kyle Lowbridge,Bigender,59,Lake Jesse,Tasmania,874,2021-03-25,2021-04-10,4375,32,96.0,2,192.0,Shirt,Oxford Cloth,M,violet,65,March,25,Thursday,16,3
557,Kyle Lowbridge,Bigender,59,Lake Jesse,Tasmania,874,2021-03-25,2021-04-10,4377,421,107.0,1,107.0,Jacket,Denim,S,red,69,March,25,Thursday,16,3
557,Kyle Lowbridge,Bigender,59,Lake Jesse,Tasmania,874,2021-03-25,2021-04-10,4383,488,118.0,3,354.0,Jacket,Puffer,L,violet,49,March,25,Thursday,16,3
557,Kyle Lowbridge,Bigender,59,Lake Jesse,Tasmania,874,2021-03-25,2021-04-10,4382,973,97.0,3,291.0,Trousers,Slim-Fit,L,indigo,48,March,25,Thursday,16,3
557,Kyle Lowbridge,Bigender,59,Lake Jesse,Tasmania,874,2021-03-25,2021-04-10,4380,744,109.0,1,109.0,Jacket,Peacoat,XL,orange,69,March,25,Thursday,16,3
557,Kyle Lowbridge,Bigender,59,Lake Jesse,Tasmania,874,2021-03-25,2021-04-10,4381,1238,112.0,1,112.0,Trousers,Tracksuit Bottoms,L,yellow,41,March,25,Thursday,16,3
557,Kyle Lowbridge,Bigender,59,Lake Jesse,Tasmania,874,2021-03-25,2021-04-10,4376,919,96.0,2,192.0,Trousers,Drawstring,XL,orange,68,March,25,Thursday,16,3
558,Lizette Lindro,Genderqueer,38,Violetfort,South Australia,877,2021-07-14,2021-08-02,4392,437,107.0,2,214.0,Jacket,Denim,M,green,79,July,14,Wednesday,19,7
558,Lizette Lindro,Genderqueer,38,Violetfort,South Australia,768,2021-09-29,2021-10-16,3846,748,109.0,3,327.0,Jacket,Peacoat,L,yellow,63,September,29,Wednesday,17,9
558,Lizette Lindro,Genderqueer,38,Violetfort,South Australia,768,2021-09-29,2021-10-16,3847,291,105.0,3,315.0,Shirt,Cuban Collar,S,yellow,41,September,29,Wednesday,17,9
558,Lizette Lindro,Genderqueer,38,Violetfort,South Australia,768,2021-09-29,2021-10-16,3845,128,92.0,1,92.0,Shirt,Denim,L,blue,45,September,29,Wednesday,17,9
558,Lizette Lindro,Genderqueer,38,Violetfort,South Australia,768,2021-09-29,2021-10-16,3844,1023,90.0,1,90.0,Trousers,Relaxed Leg,L,orange,78,September,29,Wednesday,17,9
558,Lizette Lindro,Genderqueer,38,Violetfort,South Australia,533,2021-06-04,2021-06-09,2666,344,109.0,3,327.0,Shirt,Mandarin Collar,XL,indigo,77,June,4,Friday,5,6
558,Lizette Lindro,Genderqueer,38,Violetfort,South Australia,533,2021-06-04,2021-06-09,2667,618,112.0,1,112.0,Jacket,Cardigan,L,blue,68,June,4,Friday,5,6
558,Lizette Lindro,Genderqueer,38,Violetfort,South Australia,533,2021-06-04,2021-06-09,2665,1199,105.0,2,210.0,Trousers,Pleated,XL,orange,69,June,4,Friday,5,6
558,Lizette Lindro,Genderqueer,38,Violetfort,South Australia,768,2021-09-29,2021-10-16,3843,1090,115.0,3,345.0,Trousers,Cropped,XS,orange,78,September,29,Wednesday,17,9
558,Lizette Lindro,Genderqueer,38,Violetfort,South Australia,768,2021-09-29,2021-10-16,3848,654,93.0,2,186.0,Jacket,Coach,XL,blue,46,September,29,Wednesday,17,9
558,Lizette Lindro,Genderqueer,38,Violetfort,South Australia,877,2021-07-14,2021-08-02,4394,509,102.0,1,102.0,Jacket,Windbreaker,XL,green,71,July,14,Wednesday,19,7
558,Lizette Lindro,Genderqueer,38,Violetfort,South Australia,877,2021-07-14,2021-08-02,4395,1042,90.0,2,180.0,Trousers,Relaxed Leg,M,indigo,45,July,14,Wednesday,19,7
558,Lizette Lindro,Genderqueer,38,Violetfort,South Australia,877,2021-07-14,2021-08-02,4393,1011,106.0,2,212.0,Trousers,Wool,S,violet,59,July,14,Wednesday,19,7
562,Joy Mirrlees,Agender,58,West Rubyland,Queensland,132,2021-04-17,2021-05-01,626,658,93.0,3,279.0,Jacket,Coach,L,indigo,74,April,17,Saturday,14,4
562,Joy Mirrlees,Agender,58,West Rubyland,Queensland,132,2021-04-17,2021-05-01,624,979,97.0,1,97.0,Trousers,Slim-Fit,XL,violet,48,April,17,Saturday,14,4
562,Joy Mirrlees,Agender,58,West Rubyland,Queensland,132,2021-04-17,2021-05-01,622,420,107.0,1,107.0,Jacket,Denim,XS,red,60,April,17,Saturday,14,4
562,Joy Mirrlees,Agender,58,West Rubyland,Queensland,132,2021-04-17,2021-05-01,623,207,98.0,2,196.0,Shirt,Camp Collared,M,violet,41,April,17,Saturday,14,4
562,Joy Mirrlees,Agender,58,West Rubyland,Queensland,132,2021-04-17,2021-05-01,625,1227,112.0,2,224.0,Trousers,Tracksuit Bottoms,M,red,78,April,17,Saturday,14,4
562,Joy Mirrlees,Agender,58,West Rubyland,Queensland,25,2021-07-04,2021-07-08,112,736,109.0,3,327.0,Jacket,Peacoat,S,red,67,July,4,Sunday,4,7
562,Joy Mirrlees,Agender,58,West Rubyland,Queensland,25,2021-07-04,2021-07-08,113,593,100.0,2,200.0,Jacket,Bomber,L,violet,68,July,4,Sunday,4,7
564,Shoshana Redsell,Bigender,34,North Marcusland,Northern Territory,16,2021-07-07,2021-07-08,77,273,95.0,1,95.0,Shirt,Polo,L,indigo,60,July,7,Wednesday,1,7
564,Shoshana Redsell,Bigender,34,North Marcusland,Northern Territory,16,2021-07-07,2021-07-08,69,7,96.0,3,288.0,Shirt,Oxford Cloth,M,orange,77,July,7,Wednesday,1,7
564,Shoshana Redsell,Bigender,34,North Marcusland,Northern Territory,16,2021-07-07,2021-07-08,73,28,96.0,1,96.0,Shirt,Oxford Cloth,L,indigo,70,July,7,Wednesday,1,7
564,Shoshana Redsell,Bigender,34,North Marcusland,Northern Territory,16,2021-07-07,2021-07-08,72,297,105.0,2,210.0,Shirt,Cuban Collar,M,green,45,July,7,Wednesday,1,7
564,Shoshana Redsell,Bigender,34,North Marcusland,Northern Territory,16,2021-07-07,2021-07-08,74,934,96.0,1,96.0,Trousers,Drawstring,XL,blue,60,July,7,Wednesday,1,7
564,Shoshana Redsell,Bigender,34,North Marcusland,Northern Territory,16,2021-07-07,2021-07-08,75,324,109.0,3,327.0,Shirt,Mandarin Collar,XL,orange,59,July,7,Wednesday,1,7
564,Shoshana Redsell,Bigender,34,North Marcusland,Northern Territory,16,2021-07-07,2021-07-08,71,17,96.0,2,192.0,Shirt,Oxford Cloth,M,green,60,July,7,Wednesday,1,7
564,Shoshana Redsell,Bigender,34,North Marcusland,Northern Territory,16,2021-07-07,2021-07-08,70,381,94.0,3,282.0,Shirt,Henley,S,violet,43,July,7,Wednesday,1,7
564,Shoshana Redsell,Bigender,34,North Marcusland,Northern Territory,16,2021-07-07,2021-07-08,76,578,100.0,2,200.0,Jacket,Bomber,L,green,78,July,7,Wednesday,1,7
565,Hoebart Edger,Genderqueer,73,Hamiltonport,Queensland,959,2021-01-17,2021-02-10,4780,732,119.0,3,357.0,Jacket,Trench Coat,M,violet,61,January,17,Sunday,24,1
565,Hoebart Edger,Genderqueer,73,Hamiltonport,Queensland,959,2021-01-17,2021-02-10,4781,205,98.0,3,294.0,Shirt,Camp Collared,XS,violet,72,January,17,Sunday,24,1
565,Hoebart Edger,Genderqueer,73,Hamiltonport,Queensland,959,2021-01-17,2021-02-10,4782,1184,99.0,3,297.0,Trousers,High-Waisted,XL,indigo,57,January,17,Sunday,24,1
565,Hoebart Edger,Genderqueer,73,Hamiltonport,Queensland,113,2021-03-19,2021-04-08,525,640,93.0,1,93.0,Jacket,Coach,XS,yellow,52,March,19,Friday,20,3
565,Hoebart Edger,Genderqueer,73,Hamiltonport,Queensland,113,2021-03-19,2021-04-08,524,533,98.0,1,98.0,Jacket,Leather,L,orange,78,March,19,Friday,20,3
565,Hoebart Edger,Genderqueer,73,Hamiltonport,Queensland,113,2021-03-19,2021-04-08,522,1030,90.0,2,180.0,Trousers,Relaxed Leg,XS,green,80,March,19,Friday,20,3
565,Hoebart Edger,Genderqueer,73,Hamiltonport,Queensland,113,2021-03-19,2021-04-08,521,562,100.0,3,300.0,Jacket,Bomber,M,red,79,March,19,Friday,20,3
565,Hoebart Edger,Genderqueer,73,Hamiltonport,Queensland,113,2021-03-19,2021-04-08,520,172,91.0,3,273.0,Shirt,Linen,M,violet,44,March,19,Friday,20,3
565,Hoebart Edger,Genderqueer,73,Hamiltonport,Queensland,113,2021-03-19,2021-04-08,517,1236,112.0,3,336.0,Trousers,Tracksuit Bottoms,S,yellow,49,March,19,Friday,20,3
565,Hoebart Edger,Genderqueer,73,Hamiltonport,Queensland,113,2021-03-19,2021-04-08,518,153,91.0,2,182.0,Shirt,Linen,L,yellow,72,March,19,Friday,20,3
565,Hoebart Edger,Genderqueer,73,Hamiltonport,Queensland,113,2021-03-19,2021-04-08,523,90,118.0,2,236.0,Shirt,Flannel,XS,blue,62,March,19,Friday,20,3
565,Hoebart Edger,Genderqueer,73,Hamiltonport,Queensland,113,2021-03-19,2021-04-08,516,760,109.0,3,327.0,Jacket,Peacoat,XS,indigo,45,March,19,Friday,20,3
565,Hoebart Edger,Genderqueer,73,Hamiltonport,Queensland,113,2021-03-19,2021-04-08,519,979,97.0,3,291.0,Trousers,Slim-Fit,XL,violet,48,March,19,Friday,20,3
566,Melissa Partkya,Male,23,O'keefeton,Tasmania,876,2021-05-20,2021-05-24,4391,697,113.0,2,226.0,Jacket,Parka,M,violet,75,May,20,Thursday,4,5
566,Melissa Partkya,Male,23,O'keefeton,Tasmania,876,2021-05-20,2021-05-24,4387,713,119.0,2,238.0,Jacket,Trench Coat,L,yellow,77,May,20,Thursday,4,5
566,Melissa Partkya,Male,23,O'keefeton,Tasmania,451,2021-08-25,2021-09-06,2234,234,106.0,2,212.0,Shirt,Chambray,XL,blue,43,August,25,Wednesday,12,8
566,Melissa Partkya,Male,23,O'keefeton,Tasmania,451,2021-08-25,2021-09-06,2233,688,113.0,1,113.0,Jacket,Parka,L,blue,61,August,25,Wednesday,12,8
566,Melissa Partkya,Male,23,O'keefeton,Tasmania,451,2021-08-25,2021-09-06,2236,183,98.0,2,196.0,Shirt,Camp Collared,L,orange,63,August,25,Wednesday,12,8
566,Melissa Partkya,Male,23,O'keefeton,Tasmania,847,2021-10-19,2021-11-04,4253,593,100.0,2,200.0,Jacket,Bomber,L,violet,68,October,19,Tuesday,16,10
566,Melissa Partkya,Male,23,O'keefeton,Tasmania,556,2021-07-30,2021-08-01,2776,459,118.0,2,236.0,Jacket,Puffer,XL,red,41,July,30,Friday,2,7
566,Melissa Partkya,Male,23,O'keefeton,Tasmania,556,2021-07-30,2021-08-01,2775,202,98.0,2,196.0,Shirt,Camp Collared,M,indigo,52,July,30,Friday,2,7
566,Melissa Partkya,Male,23,O'keefeton,Tasmania,847,2021-10-19,2021-11-04,4252,790,91.0,1,91.0,Jacket,Pullover,XS,blue,61,October,19,Tuesday,16,10
566,Melissa Partkya,Male,23,O'keefeton,Tasmania,451,2021-08-25,2021-09-06,2235,778,91.0,1,91.0,Jacket,Pullover,L,orange,56,August,25,Wednesday,12,8
566,Melissa Partkya,Male,23,O'keefeton,Tasmania,847,2021-10-19,2021-11-04,4254,500,102.0,2,204.0,Jacket,Windbreaker,XS,yellow,50,October,19,Tuesday,16,10
566,Melissa Partkya,Male,23,O'keefeton,Tasmania,876,2021-05-20,2021-05-24,4390,606,112.0,2,224.0,Jacket,Cardigan,S,yellow,79,May,20,Thursday,4,5
566,Melissa Partkya,Male,23,O'keefeton,Tasmania,876,2021-05-20,2021-05-24,4389,1087,115.0,2,230.0,Trousers,Cropped,M,red,50,May,20,Thursday,4,5
566,Melissa Partkya,Male,23,O'keefeton,Tasmania,556,2021-07-30,2021-08-01,2779,968,97.0,3,291.0,Trousers,Slim-Fit,L,blue,49,July,30,Friday,2,7
566,Melissa Partkya,Male,23,O'keefeton,Tasmania,556,2021-07-30,2021-08-01,2778,530,98.0,2,196.0,Jacket,Leather,XS,orange,63,July,30,Friday,2,7
566,Melissa Partkya,Male,23,O'keefeton,Tasmania,556,2021-07-30,2021-08-01,2777,595,112.0,2,224.0,Jacket,Cardigan,XS,red,51,July,30,Friday,2,7
566,Melissa Partkya,Male,23,O'keefeton,Tasmania,161,2021-03-22,2021-04-11,762,936,96.0,1,96.0,Trousers,Drawstring,S,indigo,46,March,22,Monday,20,3
566,Melissa Partkya,Male,23,O'keefeton,Tasmania,161,2021-03-22,2021-04-11,760,48,104.0,2,208.0,Shirt,Dress,L,yellow,56,March,22,Monday,20,3
566,Melissa Partkya,Male,23,O'keefeton,Tasmania,161,2021-03-22,2021-04-11,761,1177,99.0,2,198.0,Trousers,High-Waisted,M,blue,52,March,22,Monday,20,3
566,Melissa Partkya,Male,23,O'keefeton,Tasmania,161,2021-03-22,2021-04-11,763,1041,90.0,2,180.0,Trousers,Relaxed Leg,S,indigo,40,March,22,Monday,20,3
566,Melissa Partkya,Male,23,O'keefeton,Tasmania,161,2021-03-22,2021-04-11,767,517,102.0,2,204.0,Jacket,Windbreaker,M,indigo,56,March,22,Monday,20,3
566,Melissa Partkya,Male,23,O'keefeton,Tasmania,161,2021-03-22,2021-04-11,764,483,118.0,2,236.0,Jacket,Puffer,L,indigo,61,March,22,Monday,20,3
566,Melissa Partkya,Male,23,O'keefeton,Tasmania,161,2021-03-22,2021-04-11,765,525,98.0,3,294.0,Jacket,Leather,XS,red,67,March,22,Monday,20,3
566,Melissa Partkya,Male,23,O'keefeton,Tasmania,161,2021-03-22,2021-04-11,766,63,104.0,3,312.0,Shirt,Dress,L,indigo,71,March,22,Monday,20,3
566,Melissa Partkya,Male,23,O'keefeton,Tasmania,556,2021-07-30,2021-08-01,2780,238,106.0,2,212.0,Shirt,Chambray,L,indigo,79,July,30,Friday,2,7
566,Melissa Partkya,Male,23,O'keefeton,Tasmania,876,2021-05-20,2021-05-24,4388,739,109.0,3,327.0,Jacket,Peacoat,XL,red,58,May,20,Thursday,4,5
567,Andi Kettleson,Female,39,East Piper,Northern Territory,88,2021-07-19,2021-08-15,385,770,91.0,2,182.0,Jacket,Pullover,XS,red,54,July,19,Monday,27,7
567,Andi Kettleson,Female,39,East Piper,Northern Territory,88,2021-07-19,2021-08-15,383,407,119.0,1,119.0,Shirt,Casual Slim Fit,M,blue,61,July,19,Monday,27,7
567,Andi Kettleson,Female,39,East Piper,Northern Territory,88,2021-07-19,2021-08-15,387,1221,105.0,2,210.0,Trousers,Pleated,S,violet,50,July,19,Monday,27,7
567,Andi Kettleson,Female,39,East Piper,Northern Territory,88,2021-07-19,2021-08-15,382,862,113.0,3,339.0,Trousers,Chinos,M,blue,41,July,19,Monday,27,7
567,Andi Kettleson,Female,39,East Piper,Northern Territory,88,2021-07-19,2021-08-15,386,915,96.0,2,192.0,Trousers,Drawstring,XS,orange,41,July,19,Monday,27,7
567,Andi Kettleson,Female,39,East Piper,Northern Territory,88,2021-07-19,2021-08-15,384,86,118.0,2,236.0,Shirt,Flannel,S,green,57,July,19,Monday,27,7
567,Andi Kettleson,Female,39,East Piper,Northern Territory,88,2021-07-19,2021-08-15,381,126,92.0,1,92.0,Shirt,Denim,S,blue,47,July,19,Monday,27,7
568,Gallard Mangan,Bigender,64,Chloeville,Tasmania,492,2021-07-24,2021-08-07,2425,1023,90.0,1,90.0,Trousers,Relaxed Leg,L,orange,78,July,24,Saturday,14,7
568,Gallard Mangan,Bigender,64,Chloeville,Tasmania,492,2021-07-24,2021-08-07,2424,837,117.0,1,117.0,Jacket,Shearling,M,violet,74,July,24,Saturday,14,7
568,Gallard Mangan,Bigender,64,Chloeville,Tasmania,492,2021-07-24,2021-08-07,2421,1043,90.0,3,270.0,Trousers,Relaxed Leg,L,indigo,48,July,24,Saturday,14,7
568,Gallard Mangan,Bigender,64,Chloeville,Tasmania,204,2021-09-30,2021-10-10,995,879,94.0,1,94.0,Trousers,Cords,XL,red,80,September,30,Thursday,10,9
568,Gallard Mangan,Bigender,64,Chloeville,Tasmania,204,2021-09-30,2021-10-10,996,325,109.0,2,218.0,Shirt,Mandarin Collar,XS,yellow,45,September,30,Thursday,10,9
568,Gallard Mangan,Bigender,64,Chloeville,Tasmania,204,2021-09-30,2021-10-10,998,484,118.0,2,236.0,Jacket,Puffer,XL,indigo,60,September,30,Thursday,10,9
568,Gallard Mangan,Bigender,64,Chloeville,Tasmania,204,2021-09-30,2021-10-10,997,649,93.0,1,93.0,Jacket,Coach,XL,green,48,September,30,Thursday,10,9
568,Gallard Mangan,Bigender,64,Chloeville,Tasmania,492,2021-07-24,2021-08-07,2422,379,94.0,3,282.0,Shirt,Henley,XL,indigo,52,July,24,Saturday,14,7
568,Gallard Mangan,Bigender,64,Chloeville,Tasmania,492,2021-07-24,2021-08-07,2423,1205,105.0,2,210.0,Trousers,Pleated,XS,green,58,July,24,Saturday,14,7
568,Gallard Mangan,Bigender,64,Chloeville,Tasmania,492,2021-07-24,2021-08-07,2427,31,96.0,3,288.0,Shirt,Oxford Cloth,S,violet,41,July,24,Saturday,14,7
568,Gallard Mangan,Bigender,64,Chloeville,Tasmania,492,2021-07-24,2021-08-07,2426,630,93.0,2,186.0,Jacket,Coach,XS,red,71,July,24,Saturday,14,7
570,Henryetta Sheffield,Genderqueer,35,New Masonstad,New South Wales,860,2021-04-09,2021-05-04,4317,664,93.0,1,93.0,Jacket,Coach,XL,violet,60,April,9,Friday,25,4
570,Henryetta Sheffield,Genderqueer,35,New Masonstad,New South Wales,860,2021-04-09,2021-05-04,4315,640,93.0,3,279.0,Jacket,Coach,XS,yellow,52,April,9,Friday,25,4
570,Henryetta Sheffield,Genderqueer,35,New Masonstad,New South Wales,860,2021-04-09,2021-05-04,4314,995,106.0,1,106.0,Trousers,Wool,XS,green,73,April,9,Friday,25,4
570,Henryetta Sheffield,Genderqueer,35,New Masonstad,New South Wales,860,2021-04-09,2021-05-04,4316,52,104.0,3,312.0,Shirt,Dress,M,green,65,April,9,Friday,25,4
570,Henryetta Sheffield,Genderqueer,35,New Masonstad,New South Wales,43,2021-07-13,2021-08-03,203,586,100.0,1,100.0,Jacket,Bomber,S,indigo,41,July,13,Tuesday,21,7
570,Henryetta Sheffield,Genderqueer,35,New Masonstad,New South Wales,43,2021-07-13,2021-08-03,204,134,92.0,3,276.0,Shirt,Denim,XL,indigo,58,July,13,Tuesday,21,7
570,Henryetta Sheffield,Genderqueer,35,New Masonstad,New South Wales,43,2021-07-13,2021-08-03,202,1146,102.0,2,204.0,Trousers,Cargo Pants,S,indigo,48,July,13,Tuesday,21,7
571,Kristofor Roos,Agender,22,Jordanside,Australian Capital Territory,45,2021-05-30,2021-06-21,215,1258,112.0,1,112.0,Trousers,Tracksuit Bottoms,L,violet,45,May,30,Sunday,22,5
571,Kristofor Roos,Agender,22,Jordanside,Australian Capital Territory,376,2021-07-04,2021-07-17,1865,217,106.0,1,106.0,Shirt,Chambray,M,orange,43,July,4,Sunday,13,7
571,Kristofor Roos,Agender,22,Jordanside,Australian Capital Territory,45,2021-05-30,2021-06-21,212,1037,90.0,2,180.0,Trousers,Relaxed Leg,M,blue,72,May,30,Sunday,22,5
571,Kristofor Roos,Agender,22,Jordanside,Australian Capital Territory,45,2021-05-30,2021-06-21,211,705,119.0,3,357.0,Jacket,Trench Coat,XS,orange,69,May,30,Sunday,22,5
571,Kristofor Roos,Agender,22,Jordanside,Australian Capital Territory,45,2021-05-30,2021-06-21,210,476,118.0,1,118.0,Jacket,Puffer,S,blue,76,May,30,Sunday,22,5
571,Kristofor Roos,Agender,22,Jordanside,Australian Capital Territory,188,2021-04-10,2021-04-22,917,1246,112.0,3,336.0,Trousers,Tracksuit Bottoms,S,blue,48,April,10,Saturday,12,4
571,Kristofor Roos,Agender,22,Jordanside,Australian Capital Territory,45,2021-05-30,2021-06-21,214,1253,112.0,2,224.0,Trousers,Tracksuit Bottoms,L,indigo,50,May,30,Sunday,22,5
571,Kristofor Roos,Agender,22,Jordanside,Australian Capital Territory,45,2021-05-30,2021-06-21,213,345,109.0,3,327.0,Shirt,Mandarin Collar,XS,violet,52,May,30,Sunday,22,5
571,Kristofor Roos,Agender,22,Jordanside,Australian Capital Territory,188,2021-04-10,2021-04-22,916,961,97.0,3,291.0,Trousers,Slim-Fit,S,green,70,April,10,Saturday,12,4
571,Kristofor Roos,Agender,22,Jordanside,Australian Capital Territory,474,2021-08-19,2021-09-09,2332,988,106.0,1,106.0,Trousers,Wool,L,orange,56,August,19,Thursday,21,8
571,Kristofor Roos,Agender,22,Jordanside,Australian Capital Territory,500,2021-01-15,2021-01-24,2469,1012,106.0,2,212.0,Trousers,Wool,M,violet,51,January,15,Friday,9,1
571,Kristofor Roos,Agender,22,Jordanside,Australian Capital Territory,500,2021-01-15,2021-01-24,2468,284,105.0,2,210.0,Shirt,Cuban Collar,XL,red,65,January,15,Friday,9,1
571,Kristofor Roos,Agender,22,Jordanside,Australian Capital Territory,474,2021-08-19,2021-09-09,2333,724,119.0,2,238.0,Jacket,Trench Coat,XL,blue,69,August,19,Thursday,21,8
571,Kristofor Roos,Agender,22,Jordanside,Australian Capital Territory,500,2021-01-15,2021-01-24,2467,100,118.0,2,236.0,Shirt,Flannel,XS,violet,72,January,15,Friday,9,1
571,Kristofor Roos,Agender,22,Jordanside,Australian Capital Territory,500,2021-01-15,2021-01-24,2471,943,96.0,1,96.0,Trousers,Drawstring,L,violet,62,January,15,Friday,9,1
571,Kristofor Roos,Agender,22,Jordanside,Australian Capital Territory,500,2021-01-15,2021-01-24,2470,965,97.0,1,97.0,Trousers,Slim-Fit,XS,blue,55,January,15,Friday,9,1
571,Kristofor Roos,Agender,22,Jordanside,Australian Capital Territory,254,2021-08-07,2021-09-03,1233,664,93.0,2,186.0,Jacket,Coach,XL,violet,60,August,7,Saturday,27,8
571,Kristofor Roos,Agender,22,Jordanside,Australian Capital Territory,376,2021-07-04,2021-07-17,1872,110,92.0,2,184.0,Shirt,Denim,XS,orange,45,July,4,Sunday,13,7
571,Kristofor Roos,Agender,22,Jordanside,Australian Capital Territory,254,2021-08-07,2021-09-03,1232,175,98.0,2,196.0,Shirt,Camp Collared,XS,red,77,August,7,Saturday,27,8
571,Kristofor Roos,Agender,22,Jordanside,Australian Capital Territory,254,2021-08-07,2021-09-03,1230,1186,99.0,2,198.0,Trousers,High-Waisted,S,violet,45,August,7,Saturday,27,8
571,Kristofor Roos,Agender,22,Jordanside,Australian Capital Territory,254,2021-08-07,2021-09-03,1231,816,117.0,1,117.0,Jacket,Shearling,S,yellow,48,August,7,Saturday,27,8
571,Kristofor Roos,Agender,22,Jordanside,Australian Capital Territory,188,2021-04-10,2021-04-22,918,1109,115.0,1,115.0,Trousers,Cropped,XL,blue,51,April,10,Saturday,12,4
571,Kristofor Roos,Agender,22,Jordanside,Australian Capital Territory,474,2021-08-19,2021-09-09,2334,184,98.0,1,98.0,Shirt,Camp Collared,XL,orange,48,August,19,Thursday,21,8
571,Kristofor Roos,Agender,22,Jordanside,Australian Capital Territory,500,2021-01-15,2021-01-24,2466,112,92.0,2,184.0,Shirt,Denim,M,orange,50,January,15,Friday,9,1
571,Kristofor Roos,Agender,22,Jordanside,Australian Capital Territory,500,2021-01-15,2021-01-24,2465,1169,99.0,1,99.0,Trousers,High-Waisted,XL,yellow,78,January,15,Friday,9,1
571,Kristofor Roos,Agender,22,Jordanside,Australian Capital Territory,474,2021-08-19,2021-09-09,2335,1154,102.0,2,204.0,Trousers,Cargo Pants,XL,violet,77,August,19,Thursday,21,8
571,Kristofor Roos,Agender,22,Jordanside,Australian Capital Territory,376,2021-07-04,2021-07-17,1871,587,100.0,2,200.0,Jacket,Bomber,M,indigo,52,July,4,Sunday,13,7
571,Kristofor Roos,Agender,22,Jordanside,Australian Capital Territory,376,2021-07-04,2021-07-17,1866,1039,90.0,3,270.0,Trousers,Relaxed Leg,XL,blue,40,July,4,Sunday,13,7
571,Kristofor Roos,Agender,22,Jordanside,Australian Capital Territory,474,2021-08-19,2021-09-09,2331,229,106.0,1,106.0,Shirt,Chambray,XL,green,58,August,19,Thursday,21,8
571,Kristofor Roos,Agender,22,Jordanside,Australian Capital Territory,474,2021-08-19,2021-09-09,2328,728,119.0,3,357.0,Jacket,Trench Coat,L,indigo,71,August,19,Thursday,21,8
571,Kristofor Roos,Agender,22,Jordanside,Australian Capital Territory,474,2021-08-19,2021-09-09,2329,89,118.0,1,118.0,Shirt,Flannel,XL,green,77,August,19,Thursday,21,8
571,Kristofor Roos,Agender,22,Jordanside,Australian Capital Territory,474,2021-08-19,2021-09-09,2327,114,92.0,1,92.0,Shirt,Denim,XL,orange,67,August,19,Thursday,21,8
571,Kristofor Roos,Agender,22,Jordanside,Australian Capital Territory,474,2021-08-19,2021-09-09,2330,1069,93.0,1,93.0,Trousers,Joggers,XL,green,56,August,19,Thursday,21,8
571,Kristofor Roos,Agender,22,Jordanside,Australian Capital Territory,376,2021-07-04,2021-07-17,1870,973,97.0,1,97.0,Trousers,Slim-Fit,L,indigo,48,July,4,Sunday,13,7
571,Kristofor Roos,Agender,22,Jordanside,Australian Capital Territory,376,2021-07-04,2021-07-17,1869,206,98.0,1,98.0,Shirt,Camp Collared,S,violet,80,July,4,Sunday,13,7
571,Kristofor Roos,Agender,22,Jordanside,Australian Capital Territory,376,2021-07-04,2021-07-17,1867,268,95.0,3,285.0,Shirt,Polo,L,blue,77,July,4,Sunday,13,7
571,Kristofor Roos,Agender,22,Jordanside,Australian Capital Territory,376,2021-07-04,2021-07-17,1868,966,97.0,1,97.0,Trousers,Slim-Fit,S,blue,49,July,4,Sunday,13,7
572,Raquela Swinnard,Agender,27,Sanfordton,South Australia,815,2021-05-02,2021-05-17,4102,903,94.0,1,94.0,Trousers,Cords,L,indigo,62,May,2,Sunday,15,5
572,Raquela Swinnard,Agender,27,Sanfordton,South Australia,815,2021-05-02,2021-05-17,4101,448,107.0,2,214.0,Jacket,Denim,L,indigo,67,May,2,Sunday,15,5
572,Raquela Swinnard,Agender,27,Sanfordton,South Australia,815,2021-05-02,2021-05-17,4103,1025,90.0,3,270.0,Trousers,Relaxed Leg,XS,yellow,44,May,2,Sunday,15,5
572,Raquela Swinnard,Agender,27,Sanfordton,South Australia,815,2021-05-02,2021-05-17,4099,927,96.0,2,192.0,Trousers,Drawstring,M,green,52,May,2,Sunday,15,5
572,Raquela Swinnard,Agender,27,Sanfordton,South Australia,815,2021-05-02,2021-05-17,4100,1059,93.0,1,93.0,Trousers,Joggers,XL,orange,44,May,2,Sunday,15,5
572,Raquela Swinnard,Agender,27,Sanfordton,South Australia,815,2021-05-02,2021-05-17,4104,556,98.0,2,196.0,Jacket,Leather,S,violet,65,May,2,Sunday,15,5
572,Raquela Swinnard,Agender,27,Sanfordton,South Australia,815,2021-05-02,2021-05-17,4098,1204,105.0,3,315.0,Trousers,Pleated,XL,yellow,52,May,2,Sunday,15,5
572,Raquela Swinnard,Agender,27,Sanfordton,South Australia,815,2021-05-02,2021-05-17,4105,702,119.0,2,238.0,Jacket,Trench Coat,M,red,57,May,2,Sunday,15,5
573,Atlante Dissman,Male,37,Abbeyshire,South Australia,772,2021-06-07,2021-06-27,3858,606,112.0,2,224.0,Jacket,Cardigan,S,yellow,79,June,7,Monday,20,6
573,Atlante Dissman,Male,37,Abbeyshire,South Australia,772,2021-06-07,2021-06-27,3856,1018,90.0,3,270.0,Trousers,Relaxed Leg,L,red,63,June,7,Monday,20,6
573,Atlante Dissman,Male,37,Abbeyshire,South Australia,106,2021-03-09,2021-03-28,479,1069,93.0,3,279.0,Trousers,Joggers,XL,green,56,March,9,Tuesday,19,3
573,Atlante Dissman,Male,37,Abbeyshire,South Australia,106,2021-03-09,2021-03-28,478,639,93.0,2,186.0,Jacket,Coach,XL,orange,46,March,9,Tuesday,19,3
573,Atlante Dissman,Male,37,Abbeyshire,South Australia,148,2021-01-14,2021-01-24,696,1214,105.0,3,315.0,Trousers,Pleated,XL,blue,55,January,14,Thursday,10,1
573,Atlante Dissman,Male,37,Abbeyshire,South Australia,148,2021-01-14,2021-01-24,697,220,106.0,3,318.0,Shirt,Chambray,XS,yellow,57,January,14,Thursday,10,1
573,Atlante Dissman,Male,37,Abbeyshire,South Australia,148,2021-01-14,2021-01-24,694,213,106.0,1,106.0,Shirt,Chambray,L,red,44,January,14,Thursday,10,1
573,Atlante Dissman,Male,37,Abbeyshire,South Australia,148,2021-01-14,2021-01-24,695,779,91.0,3,273.0,Jacket,Pullover,XL,orange,69,January,14,Thursday,10,1
573,Atlante Dissman,Male,37,Abbeyshire,South Australia,772,2021-06-07,2021-06-27,3857,308,105.0,3,315.0,Shirt,Cuban Collar,L,indigo,65,June,7,Monday,20,6
573,Atlante Dissman,Male,37,Abbeyshire,South Australia,106,2021-03-09,2021-03-28,480,1105,115.0,3,345.0,Trousers,Cropped,XS,blue,47,March,9,Tuesday,19,3
574,Ranna Paolillo,Polygender,53,Zacharybury,Northern Territory,176,2021-09-26,2021-10-04,849,642,93.0,1,93.0,Jacket,Coach,M,yellow,48,September,26,Sunday,8,9
574,Ranna Paolillo,Polygender,53,Zacharybury,Northern Territory,176,2021-09-26,2021-10-04,851,24,96.0,3,288.0,Shirt,Oxford Cloth,XL,blue,60,September,26,Sunday,8,9
574,Ranna Paolillo,Polygender,53,Zacharybury,Northern Territory,176,2021-09-26,2021-10-04,850,124,92.0,1,92.0,Shirt,Denim,XL,green,52,September,26,Sunday,8,9
574,Ranna Paolillo,Polygender,53,Zacharybury,Northern Territory,688,2021-03-08,2021-03-29,3409,363,94.0,1,94.0,Shirt,Henley,L,yellow,62,March,8,Monday,21,3
574,Ranna Paolillo,Polygender,53,Zacharybury,Northern Territory,688,2021-03-08,2021-03-29,3410,682,113.0,3,339.0,Jacket,Parka,M,green,71,March,8,Monday,21,3
574,Ranna Paolillo,Polygender,53,Zacharybury,Northern Territory,496,2021-06-17,2021-06-27,2449,1222,105.0,3,315.0,Trousers,Pleated,M,violet,45,June,17,Thursday,10,6
574,Ranna Paolillo,Polygender,53,Zacharybury,Northern Territory,496,2021-06-17,2021-06-27,2448,843,113.0,2,226.0,Trousers,Chinos,L,red,44,June,17,Thursday,10,6
574,Ranna Paolillo,Polygender,53,Zacharybury,Northern Territory,496,2021-06-17,2021-06-27,2450,1173,99.0,1,99.0,Trousers,High-Waisted,L,green,75,June,17,Thursday,10,6
574,Ranna Paolillo,Polygender,53,Zacharybury,Northern Territory,688,2021-03-08,2021-03-29,3412,1236,112.0,2,224.0,Trousers,Tracksuit Bottoms,S,yellow,49,March,8,Monday,21,3
574,Ranna Paolillo,Polygender,53,Zacharybury,Northern Territory,496,2021-06-17,2021-06-27,2447,411,119.0,3,357.0,Shirt,Casual Slim Fit,S,indigo,65,June,17,Thursday,10,6
574,Ranna Paolillo,Polygender,53,Zacharybury,Northern Territory,176,2021-09-26,2021-10-04,853,1028,90.0,1,90.0,Trousers,Relaxed Leg,L,yellow,65,September,26,Sunday,8,9
574,Ranna Paolillo,Polygender,53,Zacharybury,Northern Territory,496,2021-06-17,2021-06-27,2445,437,107.0,1,107.0,Jacket,Denim,M,green,79,June,17,Thursday,10,6
574,Ranna Paolillo,Polygender,53,Zacharybury,Northern Territory,496,2021-06-17,2021-06-27,2446,1254,112.0,2,224.0,Trousers,Tracksuit Bottoms,XL,indigo,54,June,17,Thursday,10,6
574,Ranna Paolillo,Polygender,53,Zacharybury,Northern Territory,176,2021-09-26,2021-10-04,852,1095,115.0,3,345.0,Trousers,Cropped,XS,yellow,41,September,26,Sunday,8,9
574,Ranna Paolillo,Polygender,53,Zacharybury,Northern Territory,176,2021-09-26,2021-10-04,848,704,119.0,1,119.0,Jacket,Trench Coat,XL,red,40,September,26,Sunday,8,9
574,Ranna Paolillo,Polygender,53,Zacharybury,Northern Territory,688,2021-03-08,2021-03-29,3411,1137,102.0,3,306.0,Trousers,Cargo Pants,M,green,78,March,8,Monday,21,3
577,Hillier Seward,Genderfluid,32,Heaneyview,South Australia,958,2021-06-21,2021-07-01,4778,1184,99.0,2,198.0,Trousers,High-Waisted,XL,indigo,57,June,21,Monday,10,6
577,Hillier Seward,Genderfluid,32,Heaneyview,South Australia,857,2021-09-01,2021-09-10,4303,431,107.0,2,214.0,Jacket,Denim,S,yellow,43,September,1,Wednesday,9,9
577,Hillier Seward,Genderfluid,32,Heaneyview,South Australia,914,2021-05-09,2021-05-12,4579,123,92.0,3,276.0,Shirt,Denim,L,green,71,May,9,Sunday,3,5
577,Hillier Seward,Genderfluid,32,Heaneyview,South Australia,857,2021-09-01,2021-09-10,4301,213,106.0,3,318.0,Shirt,Chambray,L,red,44,September,1,Wednesday,9,9
577,Hillier Seward,Genderfluid,32,Heaneyview,South Australia,857,2021-09-01,2021-09-10,4300,751,109.0,3,327.0,Jacket,Peacoat,S,green,41,September,1,Wednesday,9,9
577,Hillier Seward,Genderfluid,32,Heaneyview,South Australia,857,2021-09-01,2021-09-10,4302,907,94.0,3,282.0,Trousers,Cords,M,violet,77,September,1,Wednesday,9,9
577,Hillier Seward,Genderfluid,32,Heaneyview,South Australia,914,2021-05-09,2021-05-12,4580,1114,115.0,2,230.0,Trousers,Cropped,XL,indigo,58,May,9,Sunday,3,5
577,Hillier Seward,Genderfluid,32,Heaneyview,South Australia,958,2021-06-21,2021-07-01,4779,157,91.0,1,91.0,Shirt,Linen,M,green,42,June,21,Monday,10,6
578,Riordan Goreway,Genderfluid,75,East Marcus,New South Wales,240,2021-01-27,2021-02-01,1163,124,92.0,3,276.0,Shirt,Denim,XL,green,52,January,27,Wednesday,5,1
578,Riordan Goreway,Genderfluid,75,East Marcus,New South Wales,240,2021-01-27,2021-02-01,1162,473,118.0,1,118.0,Jacket,Puffer,L,green,43,January,27,Wednesday,5,1
578,Riordan Goreway,Genderfluid,75,East Marcus,New South Wales,240,2021-01-27,2021-02-01,1161,259,95.0,2,190.0,Shirt,Polo,XL,yellow,46,January,27,Wednesday,5,1
578,Riordan Goreway,Genderfluid,75,East Marcus,New South Wales,240,2021-01-27,2021-02-01,1164,9,96.0,1,96.0,Shirt,Oxford Cloth,XL,orange,43,January,27,Wednesday,5,1
578,Riordan Goreway,Genderfluid,75,East Marcus,New South Wales,240,2021-01-27,2021-02-01,1160,1009,106.0,1,106.0,Trousers,Wool,XL,indigo,51,January,27,Wednesday,5,1
578,Riordan Goreway,Genderfluid,75,East Marcus,New South Wales,240,2021-01-27,2021-02-01,1165,298,105.0,3,315.0,Shirt,Cuban Collar,L,green,58,January,27,Wednesday,5,1
581,Fabian Gostage,Polygender,40,Hackettland,South Australia,373,2021-03-13,2021-04-03,1848,86,118.0,1,118.0,Shirt,Flannel,S,green,57,March,13,Saturday,21,3
581,Fabian Gostage,Polygender,40,Hackettland,South Australia,651,2021-05-22,2021-05-25,3236,361,94.0,2,188.0,Shirt,Henley,S,yellow,70,May,22,Saturday,3,5
581,Fabian Gostage,Polygender,40,Hackettland,South Australia,651,2021-05-22,2021-05-25,3234,1072,93.0,2,186.0,Trousers,Joggers,M,blue,78,May,22,Saturday,3,5
581,Fabian Gostage,Polygender,40,Hackettland,South Australia,651,2021-05-22,2021-05-25,3233,640,93.0,1,93.0,Jacket,Coach,XS,yellow,52,May,22,Saturday,3,5
581,Fabian Gostage,Polygender,40,Hackettland,South Australia,651,2021-05-22,2021-05-25,3237,801,91.0,1,91.0,Jacket,Pullover,S,violet,74,May,22,Saturday,3,5
581,Fabian Gostage,Polygender,40,Hackettland,South Australia,651,2021-05-22,2021-05-25,3239,336,109.0,2,218.0,Shirt,Mandarin Collar,S,blue,44,May,22,Saturday,3,5
581,Fabian Gostage,Polygender,40,Hackettland,South Australia,651,2021-05-22,2021-05-25,3238,456,118.0,1,118.0,Jacket,Puffer,S,red,62,May,22,Saturday,3,5
581,Fabian Gostage,Polygender,40,Hackettland,South Australia,373,2021-03-13,2021-04-03,1849,36,104.0,3,312.0,Shirt,Dress,S,red,72,March,13,Saturday,21,3
581,Fabian Gostage,Polygender,40,Hackettland,South Australia,985,2021-02-07,2021-02-09,4929,538,98.0,3,294.0,Jacket,Leather,L,yellow,45,February,7,Sunday,2,2
581,Fabian Gostage,Polygender,40,Hackettland,South Australia,985,2021-02-07,2021-02-09,4928,837,117.0,2,234.0,Jacket,Shearling,M,violet,74,February,7,Sunday,2,2
581,Fabian Gostage,Polygender,40,Hackettland,South Australia,985,2021-02-07,2021-02-09,4926,1129,102.0,1,102.0,Trousers,Cargo Pants,XL,orange,61,February,7,Sunday,2,2
581,Fabian Gostage,Polygender,40,Hackettland,South Australia,651,2021-05-22,2021-05-25,3232,538,98.0,3,294.0,Jacket,Leather,L,yellow,45,May,22,Saturday,3,5
581,Fabian Gostage,Polygender,40,Hackettland,South Australia,651,2021-05-22,2021-05-25,3231,997,106.0,3,318.0,Trousers,Wool,M,green,41,May,22,Saturday,3,5
581,Fabian Gostage,Polygender,40,Hackettland,South Australia,651,2021-05-22,2021-05-25,3235,156,91.0,2,182.0,Shirt,Linen,S,green,58,May,22,Saturday,3,5
581,Fabian Gostage,Polygender,40,Hackettland,South Australia,985,2021-02-07,2021-02-09,4925,277,95.0,2,190.0,Shirt,Polo,M,violet,77,February,7,Sunday,2,2
581,Fabian Gostage,Polygender,40,Hackettland,South Australia,985,2021-02-07,2021-02-09,4927,784,91.0,3,273.0,Jacket,Pullover,XL,yellow,67,February,7,Sunday,2,2
581,Fabian Gostage,Polygender,40,Hackettland,South Australia,373,2021-03-13,2021-04-03,1851,1116,115.0,2,230.0,Trousers,Cropped,S,violet,66,March,13,Saturday,21,3
581,Fabian Gostage,Polygender,40,Hackettland,South Australia,373,2021-03-13,2021-04-03,1852,213,106.0,1,106.0,Shirt,Chambray,L,red,44,March,13,Saturday,21,3
581,Fabian Gostage,Polygender,40,Hackettland,South Australia,373,2021-03-13,2021-04-03,1853,370,94.0,1,94.0,Shirt,Henley,XS,blue,61,March,13,Saturday,21,3
581,Fabian Gostage,Polygender,40,Hackettland,South Australia,373,2021-03-13,2021-04-03,1850,1232,112.0,2,224.0,Trousers,Tracksuit Bottoms,M,orange,47,March,13,Saturday,21,3
581,Fabian Gostage,Polygender,40,Hackettland,South Australia,373,2021-03-13,2021-04-03,1854,830,117.0,3,351.0,Jacket,Shearling,XS,indigo,68,March,13,Saturday,21,3
583,Prissie Dumelow,Genderqueer,52,Leomouth,Northern Territory,564,2021-08-23,2021-09-19,2817,991,106.0,1,106.0,Trousers,Wool,S,yellow,69,August,23,Monday,27,8
583,Prissie Dumelow,Genderqueer,52,Leomouth,Northern Territory,564,2021-08-23,2021-09-19,2819,908,94.0,2,188.0,Trousers,Cords,L,violet,74,August,23,Monday,27,8
583,Prissie Dumelow,Genderqueer,52,Leomouth,Northern Territory,564,2021-08-23,2021-09-19,2818,838,117.0,3,351.0,Jacket,Shearling,L,violet,61,August,23,Monday,27,8
585,Alicea Momford,Non-binary,23,West Bella,South Australia,535,2021-01-25,2021-02-07,2669,928,96.0,3,288.0,Trousers,Drawstring,L,green,43,January,25,Monday,13,1
585,Alicea Momford,Non-binary,23,West Bella,South Australia,535,2021-01-25,2021-02-07,2674,164,91.0,1,91.0,Shirt,Linen,XL,blue,47,January,25,Monday,13,1
585,Alicea Momford,Non-binary,23,West Bella,South Australia,120,2021-06-09,2021-06-14,553,1231,112.0,1,112.0,Trousers,Tracksuit Bottoms,S,orange,59,June,9,Wednesday,5,6
585,Alicea Momford,Non-binary,23,West Bella,South Australia,535,2021-01-25,2021-02-07,2670,707,119.0,3,357.0,Jacket,Trench Coat,M,orange,43,January,25,Monday,13,1
585,Alicea Momford,Non-binary,23,West Bella,South Australia,120,2021-06-09,2021-06-14,554,340,109.0,2,218.0,Shirt,Mandarin Collar,XS,indigo,80,June,9,Wednesday,5,6
585,Alicea Momford,Non-binary,23,West Bella,South Australia,120,2021-06-09,2021-06-14,555,881,94.0,2,188.0,Trousers,Cords,S,orange,59,June,9,Wednesday,5,6
585,Alicea Momford,Non-binary,23,West Bella,South Australia,535,2021-01-25,2021-02-07,2672,946,97.0,2,194.0,Trousers,Slim-Fit,S,red,71,January,25,Monday,13,1
585,Alicea Momford,Non-binary,23,West Bella,South Australia,535,2021-01-25,2021-02-07,2671,58,104.0,1,104.0,Shirt,Dress,L,blue,61,January,25,Monday,13,1
585,Alicea Momford,Non-binary,23,West Bella,South Australia,535,2021-01-25,2021-02-07,2673,1224,105.0,2,210.0,Trousers,Pleated,XL,violet,65,January,25,Monday,13,1
585,Alicea Momford,Non-binary,23,West Bella,South Australia,120,2021-06-09,2021-06-14,558,395,119.0,3,357.0,Shirt,Casual Slim Fit,XS,yellow,63,June,9,Wednesday,5,6
585,Alicea Momford,Non-binary,23,West Bella,South Australia,120,2021-06-09,2021-06-14,557,11,96.0,2,192.0,Shirt,Oxford Cloth,S,yellow,78,June,9,Wednesday,5,6
585,Alicea Momford,Non-binary,23,West Bella,South Australia,120,2021-06-09,2021-06-14,556,560,100.0,1,100.0,Jacket,Bomber,XS,red,76,June,9,Wednesday,5,6
586,Wenona Stuck,Agender,34,Hallhaven,New South Wales,189,2021-07-17,2021-08-08,921,179,98.0,2,196.0,Shirt,Camp Collared,XL,red,79,July,17,Saturday,22,7
586,Wenona Stuck,Agender,34,Hallhaven,New South Wales,892,2021-04-09,2021-04-11,4471,983,106.0,2,212.0,Trousers,Wool,L,red,74,April,9,Friday,2,4
586,Wenona Stuck,Agender,34,Hallhaven,New South Wales,189,2021-07-17,2021-08-08,919,214,106.0,1,106.0,Shirt,Chambray,XL,red,42,July,17,Saturday,22,7
586,Wenona Stuck,Agender,34,Hallhaven,New South Wales,189,2021-07-17,2021-08-08,920,668,113.0,1,113.0,Jacket,Parka,L,red,73,July,17,Saturday,22,7
586,Wenona Stuck,Agender,34,Hallhaven,New South Wales,189,2021-07-17,2021-08-08,922,877,94.0,2,188.0,Trousers,Cords,M,red,68,July,17,Saturday,22,7
587,Carmita Grundey,Agender,35,East Declanside,Queensland,56,2021-01-23,2021-02-18,253,610,112.0,3,336.0,Jacket,Cardigan,XS,green,40,January,23,Saturday,26,1
587,Carmita Grundey,Agender,35,East Declanside,Queensland,56,2021-01-23,2021-02-18,252,469,118.0,1,118.0,Jacket,Puffer,XL,yellow,65,January,23,Saturday,26,1
587,Carmita Grundey,Agender,35,East Declanside,Queensland,622,2021-05-16,2021-06-07,3087,709,119.0,1,119.0,Jacket,Trench Coat,XL,orange,71,May,16,Sunday,22,5
587,Carmita Grundey,Agender,35,East Declanside,Queensland,622,2021-05-16,2021-06-07,3090,498,102.0,2,204.0,Jacket,Windbreaker,L,orange,68,May,16,Sunday,22,5
587,Carmita Grundey,Agender,35,East Declanside,Queensland,56,2021-01-23,2021-02-18,254,968,97.0,2,194.0,Trousers,Slim-Fit,L,blue,49,January,23,Saturday,26,1
587,Carmita Grundey,Agender,35,East Declanside,Queensland,56,2021-01-23,2021-02-18,250,1061,93.0,1,93.0,Trousers,Joggers,S,yellow,76,January,23,Saturday,26,1
587,Carmita Grundey,Agender,35,East Declanside,Queensland,56,2021-01-23,2021-02-18,251,879,94.0,3,282.0,Trousers,Cords,XL,red,80,January,23,Saturday,26,1
587,Carmita Grundey,Agender,35,East Declanside,Queensland,622,2021-05-16,2021-06-07,3089,677,113.0,3,339.0,Jacket,Parka,M,yellow,46,May,16,Sunday,22,5
587,Carmita Grundey,Agender,35,East Declanside,Queensland,622,2021-05-16,2021-06-07,3088,236,106.0,3,318.0,Shirt,Chambray,S,indigo,59,May,16,Sunday,22,5
588,Nicole Cheel,Genderfluid,48,West Danieltown,Victoria,33,2021-07-01,2021-07-07,152,1173,99.0,3,297.0,Trousers,High-Waisted,L,green,75,July,1,Thursday,6,7
588,Nicole Cheel,Genderfluid,48,West Danieltown,Victoria,33,2021-07-01,2021-07-07,155,511,102.0,2,204.0,Jacket,Windbreaker,S,blue,41,July,1,Thursday,6,7
588,Nicole Cheel,Genderfluid,48,West Danieltown,Victoria,33,2021-07-01,2021-07-07,154,955,97.0,3,291.0,Trousers,Slim-Fit,XS,yellow,59,July,1,Thursday,6,7
588,Nicole Cheel,Genderfluid,48,West Danieltown,Victoria,33,2021-07-01,2021-07-07,151,486,118.0,2,236.0,Jacket,Puffer,S,violet,46,July,1,Thursday,6,7
588,Nicole Cheel,Genderfluid,48,West Danieltown,Victoria,591,2021-06-18,2021-07-06,2967,1234,112.0,3,336.0,Trousers,Tracksuit Bottoms,XL,orange,42,June,18,Friday,18,6
588,Nicole Cheel,Genderfluid,48,West Danieltown,Victoria,33,2021-07-01,2021-07-07,153,322,109.0,3,327.0,Shirt,Mandarin Collar,M,orange,78,July,1,Thursday,6,7
589,Calhoun Raphael,Polygender,57,Hoppetown,Queensland,707,2021-05-12,2021-05-18,3518,234,106.0,2,212.0,Shirt,Chambray,XL,blue,43,May,12,Wednesday,6,5
589,Calhoun Raphael,Polygender,57,Hoppetown,Queensland,707,2021-05-12,2021-05-18,3519,274,95.0,3,285.0,Shirt,Polo,XL,indigo,56,May,12,Wednesday,6,5
589,Calhoun Raphael,Polygender,57,Hoppetown,Queensland,413,2021-10-17,2021-10-31,2047,527,98.0,2,196.0,Jacket,Leather,M,red,54,October,17,Sunday,14,10
589,Calhoun Raphael,Polygender,57,Hoppetown,Queensland,707,2021-05-12,2021-05-18,3515,939,96.0,2,192.0,Trousers,Drawstring,XL,indigo,41,May,12,Wednesday,6,5
589,Calhoun Raphael,Polygender,57,Hoppetown,Queensland,413,2021-10-17,2021-10-31,2050,124,92.0,2,184.0,Shirt,Denim,XL,green,52,October,17,Sunday,14,10
589,Calhoun Raphael,Polygender,57,Hoppetown,Queensland,413,2021-10-17,2021-10-31,2049,1234,112.0,2,224.0,Trousers,Tracksuit Bottoms,XL,orange,42,October,17,Sunday,14,10
589,Calhoun Raphael,Polygender,57,Hoppetown,Queensland,413,2021-10-17,2021-10-31,2051,306,105.0,3,315.0,Shirt,Cuban Collar,S,indigo,41,October,17,Sunday,14,10
589,Calhoun Raphael,Polygender,57,Hoppetown,Queensland,707,2021-05-12,2021-05-18,3516,803,91.0,3,273.0,Jacket,Pullover,L,violet,78,May,12,Wednesday,6,5
589,Calhoun Raphael,Polygender,57,Hoppetown,Queensland,413,2021-10-17,2021-10-31,2048,707,119.0,3,357.0,Jacket,Trench Coat,M,orange,43,October,17,Sunday,14,10
589,Calhoun Raphael,Polygender,57,Hoppetown,Queensland,707,2021-05-12,2021-05-18,3513,667,113.0,3,339.0,Jacket,Parka,M,red,56,May,12,Wednesday,6,5
589,Calhoun Raphael,Polygender,57,Hoppetown,Queensland,413,2021-10-17,2021-10-31,2046,1204,105.0,2,210.0,Trousers,Pleated,XL,yellow,52,October,17,Sunday,14,10
589,Calhoun Raphael,Polygender,57,Hoppetown,Queensland,707,2021-05-12,2021-05-18,3517,742,109.0,3,327.0,Jacket,Peacoat,M,orange,47,May,12,Wednesday,6,5
589,Calhoun Raphael,Polygender,57,Hoppetown,Queensland,707,2021-05-12,2021-05-18,3514,709,119.0,2,238.0,Jacket,Trench Coat,XL,orange,71,May,12,Wednesday,6,5
592,Salomo Shuttell,Bigender,64,North Stephanie,South Australia,796,2021-07-31,2021-08-06,3997,362,94.0,2,188.0,Shirt,Henley,M,yellow,71,July,31,Saturday,6,7
592,Salomo Shuttell,Bigender,64,North Stephanie,South Australia,796,2021-07-31,2021-08-06,3998,437,107.0,1,107.0,Jacket,Denim,M,green,79,July,31,Saturday,6,7
595,Thomasine Baudet,Female,60,Ameliaview,South Australia,989,2021-01-06,2021-01-29,4946,685,113.0,2,226.0,Jacket,Parka,XS,blue,67,January,6,Wednesday,23,1
595,Thomasine Baudet,Female,60,Ameliaview,South Australia,989,2021-01-06,2021-01-29,4945,78,118.0,2,236.0,Shirt,Flannel,L,orange,59,January,6,Wednesday,23,1
595,Thomasine Baudet,Female,60,Ameliaview,South Australia,989,2021-01-06,2021-01-29,4948,388,119.0,2,238.0,Shirt,Casual Slim Fit,L,red,78,January,6,Wednesday,23,1
595,Thomasine Baudet,Female,60,Ameliaview,South Australia,989,2021-01-06,2021-01-29,4947,330,109.0,1,109.0,Shirt,Mandarin Collar,XS,green,63,January,6,Wednesday,23,1
595,Thomasine Baudet,Female,60,Ameliaview,South Australia,933,2021-04-28,2021-05-20,4651,958,97.0,3,291.0,Trousers,Slim-Fit,L,yellow,64,April,28,Wednesday,22,4
595,Thomasine Baudet,Female,60,Ameliaview,South Australia,933,2021-04-28,2021-05-20,4652,1025,90.0,2,180.0,Trousers,Relaxed Leg,XS,yellow,44,April,28,Wednesday,22,4
595,Thomasine Baudet,Female,60,Ameliaview,South Australia,933,2021-04-28,2021-05-20,4654,838,117.0,3,351.0,Jacket,Shearling,L,violet,61,April,28,Wednesday,22,4
595,Thomasine Baudet,Female,60,Ameliaview,South Australia,933,2021-04-28,2021-05-20,4653,415,119.0,2,238.0,Shirt,Casual Slim Fit,XS,violet,55,April,28,Wednesday,22,4
595,Thomasine Baudet,Female,60,Ameliaview,South Australia,167,2021-06-26,2021-07-18,800,930,96.0,1,96.0,Trousers,Drawstring,XS,blue,45,June,26,Saturday,22,6
595,Thomasine Baudet,Female,60,Ameliaview,South Australia,167,2021-06-26,2021-07-18,802,134,92.0,2,184.0,Shirt,Denim,XL,indigo,58,June,26,Saturday,22,6
595,Thomasine Baudet,Female,60,Ameliaview,South Australia,167,2021-06-26,2021-07-18,801,217,106.0,1,106.0,Shirt,Chambray,M,orange,43,June,26,Saturday,22,6
595,Thomasine Baudet,Female,60,Ameliaview,South Australia,167,2021-06-26,2021-07-18,799,1035,90.0,2,180.0,Trousers,Relaxed Leg,XS,blue,54,June,26,Saturday,22,6
595,Thomasine Baudet,Female,60,Ameliaview,South Australia,933,2021-04-28,2021-05-20,4655,687,113.0,1,113.0,Jacket,Parka,M,blue,54,April,28,Wednesday,22,4
597,Hi Simenel,Genderfluid,80,Lake Michaelbury,South Australia,913,2021-04-03,2021-04-19,4578,222,106.0,3,318.0,Shirt,Chambray,M,yellow,62,April,3,Saturday,16,4
597,Hi Simenel,Genderfluid,80,Lake Michaelbury,South Australia,913,2021-04-03,2021-04-19,4577,761,109.0,1,109.0,Jacket,Peacoat,S,indigo,49,April,3,Saturday,16,4
601,Sol Adhams,Male,55,Sebastianbury,South Australia,388,2021-02-12,2021-02-17,1933,15,96.0,2,192.0,Shirt,Oxford Cloth,XS,green,68,February,12,Friday,5,2
601,Sol Adhams,Male,55,Sebastianbury,South Australia,828,2021-01-09,2021-01-27,4159,626,112.0,2,224.0,Jacket,Cardigan,S,violet,49,January,9,Saturday,18,1
601,Sol Adhams,Male,55,Sebastianbury,South Australia,388,2021-02-12,2021-02-17,1934,670,113.0,2,226.0,Jacket,Parka,XS,orange,53,February,12,Friday,5,2
601,Sol Adhams,Male,55,Sebastianbury,South Australia,388,2021-02-12,2021-02-17,1935,579,100.0,1,100.0,Jacket,Bomber,XL,green,79,February,12,Friday,5,2
601,Sol Adhams,Male,55,Sebastianbury,South Australia,388,2021-02-12,2021-02-17,1932,45,104.0,2,208.0,Shirt,Dress,XS,yellow,69,February,12,Friday,5,2
601,Sol Adhams,Male,55,Sebastianbury,South Australia,828,2021-01-09,2021-01-27,4161,39,104.0,3,312.0,Shirt,Dress,XL,red,47,January,9,Saturday,18,1
601,Sol Adhams,Male,55,Sebastianbury,South Australia,828,2021-01-09,2021-01-27,4160,56,104.0,2,208.0,Shirt,Dress,S,blue,46,January,9,Saturday,18,1
601,Sol Adhams,Male,55,Sebastianbury,South Australia,828,2021-01-09,2021-01-27,4162,1114,115.0,1,115.0,Trousers,Cropped,XL,indigo,58,January,9,Saturday,18,1
602,Kip Cantwell,Bigender,54,East Imogen,Western Australia,341,2021-02-07,2021-02-09,1674,409,119.0,1,119.0,Shirt,Casual Slim Fit,XL,blue,68,February,7,Sunday,2,2
602,Kip Cantwell,Bigender,54,East Imogen,Western Australia,341,2021-02-07,2021-02-09,1675,416,119.0,3,357.0,Shirt,Casual Slim Fit,S,violet,50,February,7,Sunday,2,2
602,Kip Cantwell,Bigender,54,East Imogen,Western Australia,341,2021-02-07,2021-02-09,1673,1143,102.0,3,306.0,Trousers,Cargo Pants,L,blue,77,February,7,Sunday,2,2
602,Kip Cantwell,Bigender,54,East Imogen,Western Australia,341,2021-02-07,2021-02-09,1670,502,102.0,2,204.0,Jacket,Windbreaker,M,yellow,52,February,7,Sunday,2,2
602,Kip Cantwell,Bigender,54,East Imogen,Western Australia,341,2021-02-07,2021-02-09,1669,137,92.0,3,276.0,Shirt,Denim,M,violet,55,February,7,Sunday,2,2
602,Kip Cantwell,Bigender,54,East Imogen,Western Australia,341,2021-02-07,2021-02-09,1672,501,102.0,3,306.0,Jacket,Windbreaker,S,yellow,66,February,7,Sunday,2,2
602,Kip Cantwell,Bigender,54,East Imogen,Western Australia,341,2021-02-07,2021-02-09,1671,95,118.0,3,354.0,Shirt,Flannel,XS,indigo,46,February,7,Sunday,2,2
602,Kip Cantwell,Bigender,54,East Imogen,Western Australia,341,2021-02-07,2021-02-09,1676,1097,115.0,3,345.0,Trousers,Cropped,M,yellow,41,February,7,Sunday,2,2
605,Stanleigh Hazelton,Female,25,Hamiltonshire,Western Australia,255,2021-09-26,2021-10-15,1235,437,107.0,2,214.0,Jacket,Denim,M,green,79,September,26,Sunday,19,9
605,Stanleigh Hazelton,Female,25,Hamiltonshire,Western Australia,869,2021-09-25,2021-10-20,4349,636,93.0,1,93.0,Jacket,Coach,S,orange,55,September,25,Saturday,25,9
605,Stanleigh Hazelton,Female,25,Hamiltonshire,Western Australia,869,2021-09-25,2021-10-20,4348,77,118.0,2,236.0,Shirt,Flannel,M,orange,68,September,25,Saturday,25,9
605,Stanleigh Hazelton,Female,25,Hamiltonshire,Western Australia,869,2021-09-25,2021-10-20,4351,1145,102.0,1,102.0,Trousers,Cargo Pants,XS,indigo,51,September,25,Saturday,25,9
605,Stanleigh Hazelton,Female,25,Hamiltonshire,Western Australia,869,2021-09-25,2021-10-20,4345,949,97.0,2,194.0,Trousers,Slim-Fit,XL,red,67,September,25,Saturday,25,9
605,Stanleigh Hazelton,Female,25,Hamiltonshire,Western Australia,869,2021-09-25,2021-10-20,4346,176,98.0,2,196.0,Shirt,Camp Collared,S,red,67,September,25,Saturday,25,9
605,Stanleigh Hazelton,Female,25,Hamiltonshire,Western Australia,869,2021-09-25,2021-10-20,4347,535,98.0,3,294.0,Jacket,Leather,XS,yellow,73,September,25,Saturday,25,9
605,Stanleigh Hazelton,Female,25,Hamiltonshire,Western Australia,869,2021-09-25,2021-10-20,4344,1214,105.0,3,315.0,Trousers,Pleated,XL,blue,55,September,25,Saturday,25,9
605,Stanleigh Hazelton,Female,25,Hamiltonshire,Western Australia,869,2021-09-25,2021-10-20,4350,351,94.0,2,188.0,Shirt,Henley,S,red,60,September,25,Saturday,25,9
605,Stanleigh Hazelton,Female,25,Hamiltonshire,Western Australia,255,2021-09-26,2021-10-15,1234,806,117.0,3,351.0,Jacket,Shearling,S,red,75,September,26,Sunday,19,9
605,Stanleigh Hazelton,Female,25,Hamiltonshire,Western Australia,869,2021-09-25,2021-10-20,4352,845,113.0,1,113.0,Trousers,Chinos,XS,orange,53,September,25,Saturday,25,9
606,Averyl Atthow,Polygender,53,Calebville,New South Wales,218,2021-07-12,2021-07-20,1066,1219,105.0,3,315.0,Trousers,Pleated,XL,indigo,45,July,12,Monday,8,7
606,Averyl Atthow,Polygender,53,Calebville,New South Wales,425,2021-02-21,2021-03-17,2120,785,91.0,2,182.0,Jacket,Pullover,XS,green,70,February,21,Sunday,24,2
606,Averyl Atthow,Polygender,53,Calebville,New South Wales,425,2021-02-21,2021-03-17,2117,926,96.0,1,96.0,Trousers,Drawstring,S,green,73,February,21,Sunday,24,2
606,Averyl Atthow,Polygender,53,Calebville,New South Wales,425,2021-02-21,2021-03-17,2118,313,105.0,3,315.0,Shirt,Cuban Collar,L,violet,78,February,21,Sunday,24,2
606,Averyl Atthow,Polygender,53,Calebville,New South Wales,425,2021-02-21,2021-03-17,2119,363,94.0,3,282.0,Shirt,Henley,L,yellow,62,February,21,Sunday,24,2
606,Averyl Atthow,Polygender,53,Calebville,New South Wales,218,2021-07-12,2021-07-20,1065,478,118.0,2,236.0,Jacket,Puffer,L,blue,48,July,12,Monday,8,7
606,Averyl Atthow,Polygender,53,Calebville,New South Wales,218,2021-07-12,2021-07-20,1064,360,94.0,1,94.0,Shirt,Henley,XS,yellow,42,July,12,Monday,8,7
606,Averyl Atthow,Polygender,53,Calebville,New South Wales,425,2021-02-21,2021-03-17,2121,1074,93.0,3,279.0,Trousers,Joggers,XL,blue,52,February,21,Sunday,24,2
607,Angie O Mullen,Male,42,North Gracetown,Northern Territory,110,2021-09-02,2021-09-06,501,891,94.0,1,94.0,Trousers,Cords,S,green,78,September,2,Thursday,4,9
607,Angie O Mullen,Male,42,North Gracetown,Northern Territory,110,2021-09-02,2021-09-06,500,818,117.0,1,117.0,Jacket,Shearling,L,yellow,58,September,2,Thursday,4,9
607,Angie O Mullen,Male,42,North Gracetown,Northern Territory,110,2021-09-02,2021-09-06,503,647,93.0,3,279.0,Jacket,Coach,M,green,63,September,2,Thursday,4,9
607,Angie O Mullen,Male,42,North Gracetown,Northern Territory,110,2021-09-02,2021-09-06,499,687,113.0,2,226.0,Jacket,Parka,M,blue,54,September,2,Thursday,4,9
607,Angie O Mullen,Male,42,North Gracetown,Northern Territory,110,2021-09-02,2021-09-06,502,1144,102.0,1,102.0,Trousers,Cargo Pants,XL,blue,57,September,2,Thursday,4,9
609,Vin Rubenovic,Polygender,61,New Emilyton,Northern Territory,539,2021-01-03,2021-01-25,2686,1229,112.0,2,224.0,Trousers,Tracksuit Bottoms,XL,red,45,January,3,Sunday,22,1
609,Vin Rubenovic,Polygender,61,New Emilyton,Northern Territory,539,2021-01-03,2021-01-25,2687,437,107.0,1,107.0,Jacket,Denim,M,green,79,January,3,Sunday,22,1
609,Vin Rubenovic,Polygender,61,New Emilyton,Northern Territory,539,2021-01-03,2021-01-25,2690,1098,115.0,3,345.0,Trousers,Cropped,L,yellow,60,January,3,Sunday,22,1
609,Vin Rubenovic,Polygender,61,New Emilyton,Northern Territory,539,2021-01-03,2021-01-25,2688,613,112.0,3,336.0,Jacket,Cardigan,L,green,63,January,3,Sunday,22,1
609,Vin Rubenovic,Polygender,61,New Emilyton,Northern Territory,539,2021-01-03,2021-01-25,2689,524,102.0,3,306.0,Jacket,Windbreaker,XL,violet,54,January,3,Sunday,22,1
610,Sadye Pes,Agender,31,New Jayden,Tasmania,72,2021-03-13,2021-03-16,312,1028,90.0,2,180.0,Trousers,Relaxed Leg,L,yellow,65,March,13,Saturday,3,3
610,Sadye Pes,Agender,31,New Jayden,Tasmania,72,2021-03-13,2021-03-16,314,71,118.0,2,236.0,Shirt,Flannel,S,red,59,March,13,Saturday,3,3
610,Sadye Pes,Agender,31,New Jayden,Tasmania,72,2021-03-13,2021-03-16,313,548,98.0,2,196.0,Jacket,Leather,L,blue,62,March,13,Saturday,3,3
610,Sadye Pes,Agender,31,New Jayden,Tasmania,72,2021-03-13,2021-03-16,315,596,112.0,2,224.0,Jacket,Cardigan,S,red,47,March,13,Saturday,3,3
611,Conny Chowne,Female,67,West Hayleyhaven,New South Wales,559,2021-03-03,2021-03-15,2794,185,98.0,3,294.0,Shirt,Camp Collared,XS,yellow,55,March,3,Wednesday,12,3
611,Conny Chowne,Female,67,West Hayleyhaven,New South Wales,559,2021-03-03,2021-03-15,2796,568,100.0,1,100.0,Jacket,Bomber,L,orange,71,March,3,Wednesday,12,3
611,Conny Chowne,Female,67,West Hayleyhaven,New South Wales,563,2021-07-04,2021-07-16,2813,409,119.0,1,119.0,Shirt,Casual Slim Fit,XL,blue,68,July,4,Sunday,12,7
611,Conny Chowne,Female,67,West Hayleyhaven,New South Wales,563,2021-07-04,2021-07-16,2815,930,96.0,1,96.0,Trousers,Drawstring,XS,blue,45,July,4,Sunday,12,7
611,Conny Chowne,Female,67,West Hayleyhaven,New South Wales,563,2021-07-04,2021-07-16,2814,1005,106.0,2,212.0,Trousers,Wool,XS,indigo,43,July,4,Sunday,12,7
611,Conny Chowne,Female,67,West Hayleyhaven,New South Wales,559,2021-03-03,2021-03-15,2793,305,105.0,2,210.0,Shirt,Cuban Collar,XS,indigo,50,March,3,Wednesday,12,3
611,Conny Chowne,Female,67,West Hayleyhaven,New South Wales,563,2021-07-04,2021-07-16,2812,164,91.0,3,273.0,Shirt,Linen,XL,blue,47,July,4,Sunday,12,7
611,Conny Chowne,Female,67,West Hayleyhaven,New South Wales,563,2021-07-04,2021-07-16,2810,798,91.0,1,91.0,Jacket,Pullover,L,indigo,50,July,4,Sunday,12,7
611,Conny Chowne,Female,67,West Hayleyhaven,New South Wales,563,2021-07-04,2021-07-16,2811,1045,90.0,3,270.0,Trousers,Relaxed Leg,XS,violet,49,July,4,Sunday,12,7
611,Conny Chowne,Female,67,West Hayleyhaven,New South Wales,563,2021-07-04,2021-07-16,2816,522,102.0,2,204.0,Jacket,Windbreaker,M,violet,64,July,4,Sunday,12,7
611,Conny Chowne,Female,67,West Hayleyhaven,New South Wales,559,2021-03-03,2021-03-15,2798,729,119.0,3,357.0,Jacket,Trench Coat,XL,indigo,64,March,3,Wednesday,12,3
611,Conny Chowne,Female,67,West Hayleyhaven,New South Wales,559,2021-03-03,2021-03-15,2797,550,98.0,2,196.0,Jacket,Leather,XS,indigo,78,March,3,Wednesday,12,3
611,Conny Chowne,Female,67,West Hayleyhaven,New South Wales,559,2021-03-03,2021-03-15,2799,968,97.0,2,194.0,Trousers,Slim-Fit,L,blue,49,March,3,Wednesday,12,3
611,Conny Chowne,Female,67,West Hayleyhaven,New South Wales,559,2021-03-03,2021-03-15,2795,532,98.0,2,196.0,Jacket,Leather,M,orange,80,March,3,Wednesday,12,3
612,Leann Kittow,Female,35,Angelinastad,South Australia,588,2021-05-26,2021-06-20,2952,1031,90.0,2,180.0,Trousers,Relaxed Leg,S,green,51,May,26,Wednesday,25,5
612,Leann Kittow,Female,35,Angelinastad,South Australia,588,2021-05-26,2021-06-20,2951,9,96.0,2,192.0,Shirt,Oxford Cloth,XL,orange,43,May,26,Wednesday,25,5
612,Leann Kittow,Female,35,Angelinastad,South Australia,588,2021-05-26,2021-06-20,2950,281,105.0,1,105.0,Shirt,Cuban Collar,S,red,59,May,26,Wednesday,25,5
612,Leann Kittow,Female,35,Angelinastad,South Australia,588,2021-05-26,2021-06-20,2949,806,117.0,2,234.0,Jacket,Shearling,S,red,75,May,26,Wednesday,25,5
612,Leann Kittow,Female,35,Angelinastad,South Australia,588,2021-05-26,2021-06-20,2948,334,109.0,1,109.0,Shirt,Mandarin Collar,XL,green,79,May,26,Wednesday,25,5
614,Sherwynd Batsford,Polygender,45,Samuelside,New South Wales,620,2021-07-19,2021-08-01,3080,343,109.0,2,218.0,Shirt,Mandarin Collar,L,indigo,53,July,19,Monday,13,7
614,Sherwynd Batsford,Polygender,45,Samuelside,New South Wales,17,2021-02-09,2021-02-11,81,1066,93.0,2,186.0,Trousers,Joggers,S,green,76,February,9,Tuesday,2,2
614,Sherwynd Batsford,Polygender,45,Samuelside,New South Wales,620,2021-07-19,2021-08-01,3078,413,119.0,3,357.0,Shirt,Casual Slim Fit,L,indigo,60,July,19,Monday,13,7
614,Sherwynd Batsford,Polygender,45,Samuelside,New South Wales,566,2021-07-24,2021-08-10,2827,4,96.0,3,288.0,Shirt,Oxford Cloth,XL,red,47,July,24,Saturday,17,7
614,Sherwynd Batsford,Polygender,45,Samuelside,New South Wales,566,2021-07-24,2021-08-10,2826,160,91.0,2,182.0,Shirt,Linen,XS,blue,53,July,24,Saturday,17,7
614,Sherwynd Batsford,Polygender,45,Samuelside,New South Wales,17,2021-02-09,2021-02-11,79,791,91.0,2,182.0,Jacket,Pullover,S,blue,73,February,9,Tuesday,2,2
614,Sherwynd Batsford,Polygender,45,Samuelside,New South Wales,566,2021-07-24,2021-08-10,2828,754,109.0,2,218.0,Jacket,Peacoat,XL,green,68,July,24,Saturday,17,7
614,Sherwynd Batsford,Polygender,45,Samuelside,New South Wales,17,2021-02-09,2021-02-11,78,132,92.0,2,184.0,Shirt,Denim,M,indigo,56,February,9,Tuesday,2,2
614,Sherwynd Batsford,Polygender,45,Samuelside,New South Wales,620,2021-07-19,2021-08-01,3082,616,112.0,1,112.0,Jacket,Cardigan,S,blue,53,July,19,Monday,13,7
614,Sherwynd Batsford,Polygender,45,Samuelside,New South Wales,620,2021-07-19,2021-08-01,3081,647,93.0,3,279.0,Jacket,Coach,M,green,63,July,19,Monday,13,7
614,Sherwynd Batsford,Polygender,45,Samuelside,New South Wales,620,2021-07-19,2021-08-01,3079,372,94.0,1,94.0,Shirt,Henley,M,blue,42,July,19,Monday,13,7
614,Sherwynd Batsford,Polygender,45,Samuelside,New South Wales,566,2021-07-24,2021-08-10,2825,44,104.0,1,104.0,Shirt,Dress,XL,orange,78,July,24,Saturday,17,7
614,Sherwynd Batsford,Polygender,45,Samuelside,New South Wales,17,2021-02-09,2021-02-11,80,463,118.0,1,118.0,Jacket,Puffer,L,orange,66,February,9,Tuesday,2,2
615,Jacquelin Santostefano.,Non-binary,42,Willowmouth,Queensland,336,2021-05-25,2021-05-28,1646,620,112.0,2,224.0,Jacket,Cardigan,XS,indigo,70,May,25,Tuesday,3,5
615,Jacquelin Santostefano.,Non-binary,42,Willowmouth,Queensland,336,2021-05-25,2021-05-28,1644,978,97.0,3,291.0,Trousers,Slim-Fit,L,violet,58,May,25,Tuesday,3,5
615,Jacquelin Santostefano.,Non-binary,42,Willowmouth,Queensland,336,2021-05-25,2021-05-28,1645,358,94.0,1,94.0,Shirt,Henley,L,orange,77,May,25,Tuesday,3,5
615,Jacquelin Santostefano.,Non-binary,42,Willowmouth,Queensland,336,2021-05-25,2021-05-28,1642,808,117.0,2,234.0,Jacket,Shearling,L,red,40,May,25,Tuesday,3,5
615,Jacquelin Santostefano.,Non-binary,42,Willowmouth,Queensland,336,2021-05-25,2021-05-28,1643,578,100.0,1,100.0,Jacket,Bomber,L,green,78,May,25,Tuesday,3,5
620,Phillipe Gatecliffe,Male,35,Jettstad,Australian Capital Territory,279,2021-07-25,2021-07-28,1352,755,109.0,3,327.0,Jacket,Peacoat,XS,blue,48,July,25,Sunday,3,7
620,Phillipe Gatecliffe,Male,35,Jettstad,Australian Capital Territory,279,2021-07-25,2021-07-28,1346,560,100.0,3,300.0,Jacket,Bomber,XS,red,76,July,25,Sunday,3,7
620,Phillipe Gatecliffe,Male,35,Jettstad,Australian Capital Territory,816,2021-02-02,2021-02-06,4109,460,118.0,1,118.0,Jacket,Puffer,XS,orange,47,February,2,Tuesday,4,2
620,Phillipe Gatecliffe,Male,35,Jettstad,Australian Capital Territory,279,2021-07-25,2021-07-28,1350,1073,93.0,1,93.0,Trousers,Joggers,L,blue,75,July,25,Sunday,3,7
620,Phillipe Gatecliffe,Male,35,Jettstad,Australian Capital Territory,279,2021-07-25,2021-07-28,1351,136,92.0,1,92.0,Shirt,Denim,S,violet,54,July,25,Sunday,3,7
620,Phillipe Gatecliffe,Male,35,Jettstad,Australian Capital Territory,48,2021-04-16,2021-04-23,225,683,113.0,3,339.0,Jacket,Parka,L,green,55,April,16,Friday,7,4
620,Phillipe Gatecliffe,Male,35,Jettstad,Australian Capital Territory,816,2021-02-02,2021-02-06,4106,954,97.0,1,97.0,Trousers,Slim-Fit,XL,orange,78,February,2,Tuesday,4,2
620,Phillipe Gatecliffe,Male,35,Jettstad,Australian Capital Territory,816,2021-02-02,2021-02-06,4111,214,106.0,1,106.0,Shirt,Chambray,XL,red,42,February,2,Tuesday,4,2
620,Phillipe Gatecliffe,Male,35,Jettstad,Australian Capital Territory,816,2021-02-02,2021-02-06,4110,271,95.0,1,95.0,Shirt,Polo,S,indigo,50,February,2,Tuesday,4,2
620,Phillipe Gatecliffe,Male,35,Jettstad,Australian Capital Territory,816,2021-02-02,2021-02-06,4107,595,112.0,3,336.0,Jacket,Cardigan,XS,red,51,February,2,Tuesday,4,2
620,Phillipe Gatecliffe,Male,35,Jettstad,Australian Capital Territory,279,2021-07-25,2021-07-28,1348,997,106.0,3,318.0,Trousers,Wool,M,green,41,July,25,Sunday,3,7
620,Phillipe Gatecliffe,Male,35,Jettstad,Australian Capital Territory,279,2021-07-25,2021-07-28,1349,707,119.0,1,119.0,Jacket,Trench Coat,M,orange,43,July,25,Sunday,3,7
620,Phillipe Gatecliffe,Male,35,Jettstad,Australian Capital Territory,279,2021-07-25,2021-07-28,1347,15,96.0,2,192.0,Shirt,Oxford Cloth,XS,green,68,July,25,Sunday,3,7
620,Phillipe Gatecliffe,Male,35,Jettstad,Australian Capital Territory,855,2021-01-26,2021-02-02,4292,722,119.0,2,238.0,Jacket,Trench Coat,M,blue,46,January,26,Tuesday,7,1
620,Phillipe Gatecliffe,Male,35,Jettstad,Australian Capital Territory,855,2021-01-26,2021-02-02,4290,983,106.0,1,106.0,Trousers,Wool,L,red,74,January,26,Tuesday,7,1
620,Phillipe Gatecliffe,Male,35,Jettstad,Australian Capital Territory,855,2021-01-26,2021-02-02,4293,620,112.0,3,336.0,Jacket,Cardigan,XS,indigo,70,January,26,Tuesday,7,1
620,Phillipe Gatecliffe,Male,35,Jettstad,Australian Capital Territory,816,2021-02-02,2021-02-06,4108,1085,115.0,2,230.0,Trousers,Cropped,XS,red,75,February,2,Tuesday,4,2
620,Phillipe Gatecliffe,Male,35,Jettstad,Australian Capital Territory,48,2021-04-16,2021-04-23,224,960,97.0,1,97.0,Trousers,Slim-Fit,XS,green,74,April,16,Friday,7,4
620,Phillipe Gatecliffe,Male,35,Jettstad,Australian Capital Territory,855,2021-01-26,2021-02-02,4291,1112,115.0,3,345.0,Trousers,Cropped,M,indigo,73,January,26,Tuesday,7,1
623,Hort Ridding,Agender,57,West Ashley,South Australia,734,2021-01-25,2021-01-31,3668,168,91.0,1,91.0,Shirt,Linen,L,indigo,75,January,25,Monday,6,1
623,Hort Ridding,Agender,57,West Ashley,South Australia,734,2021-01-25,2021-01-31,3660,956,97.0,2,194.0,Trousers,Slim-Fit,S,yellow,54,January,25,Monday,6,1
623,Hort Ridding,Agender,57,West Ashley,South Australia,734,2021-01-25,2021-01-31,3662,808,117.0,3,351.0,Jacket,Shearling,L,red,40,January,25,Monday,6,1
623,Hort Ridding,Agender,57,West Ashley,South Australia,734,2021-01-25,2021-01-31,3664,439,107.0,3,321.0,Jacket,Denim,XL,green,59,January,25,Monday,6,1
623,Hort Ridding,Agender,57,West Ashley,South Australia,734,2021-01-25,2021-01-31,3666,702,119.0,3,357.0,Jacket,Trench Coat,M,red,57,January,25,Monday,6,1
623,Hort Ridding,Agender,57,West Ashley,South Australia,734,2021-01-25,2021-01-31,3667,799,91.0,1,91.0,Jacket,Pullover,XL,indigo,43,January,25,Monday,6,1
623,Hort Ridding,Agender,57,West Ashley,South Australia,734,2021-01-25,2021-01-31,3665,465,118.0,3,354.0,Jacket,Puffer,XS,yellow,55,January,25,Monday,6,1
623,Hort Ridding,Agender,57,West Ashley,South Australia,734,2021-01-25,2021-01-31,3659,301,105.0,2,210.0,Shirt,Cuban Collar,S,blue,62,January,25,Monday,6,1
623,Hort Ridding,Agender,57,West Ashley,South Australia,734,2021-01-25,2021-01-31,3663,560,100.0,3,300.0,Jacket,Bomber,XS,red,76,January,25,Monday,6,1
623,Hort Ridding,Agender,57,West Ashley,South Australia,734,2021-01-25,2021-01-31,3661,1051,93.0,2,186.0,Trousers,Joggers,S,red,71,January,25,Monday,6,1
623,Hort Ridding,Agender,57,West Ashley,South Australia,266,2021-03-10,2021-03-20,1291,1212,105.0,1,105.0,Trousers,Pleated,M,blue,66,March,10,Wednesday,10,3
623,Hort Ridding,Agender,57,West Ashley,South Australia,266,2021-03-10,2021-03-20,1289,318,109.0,2,218.0,Shirt,Mandarin Collar,L,red,54,March,10,Wednesday,10,3
623,Hort Ridding,Agender,57,West Ashley,South Australia,266,2021-03-10,2021-03-20,1288,229,106.0,2,212.0,Shirt,Chambray,XL,green,58,March,10,Wednesday,10,3
623,Hort Ridding,Agender,57,West Ashley,South Australia,266,2021-03-10,2021-03-20,1292,1258,112.0,2,224.0,Trousers,Tracksuit Bottoms,L,violet,45,March,10,Wednesday,10,3
623,Hort Ridding,Agender,57,West Ashley,South Australia,266,2021-03-10,2021-03-20,1290,224,106.0,2,212.0,Shirt,Chambray,XL,yellow,53,March,10,Wednesday,10,3
623,Hort Ridding,Agender,57,West Ashley,South Australia,378,2021-09-29,2021-10-25,1883,715,119.0,2,238.0,Jacket,Trench Coat,XS,green,62,September,29,Wednesday,26,9
623,Hort Ridding,Agender,57,West Ashley,South Australia,378,2021-09-29,2021-10-25,1881,674,113.0,1,113.0,Jacket,Parka,XL,orange,68,September,29,Wednesday,26,9
623,Hort Ridding,Agender,57,West Ashley,South Australia,378,2021-09-29,2021-10-25,1882,1253,112.0,2,224.0,Trousers,Tracksuit Bottoms,L,indigo,50,September,29,Wednesday,26,9
623,Hort Ridding,Agender,57,West Ashley,South Australia,266,2021-03-10,2021-03-20,1287,209,98.0,1,98.0,Shirt,Camp Collared,XL,violet,40,March,10,Wednesday,10,3
623,Hort Ridding,Agender,57,West Ashley,South Australia,266,2021-03-10,2021-03-20,1293,1098,115.0,1,115.0,Trousers,Cropped,L,yellow,60,March,10,Wednesday,10,3
625,Zorina Rabl,Bigender,31,Lake Phoebe,Western Australia,803,2021-04-03,2021-04-16,4034,399,119.0,1,119.0,Shirt,Casual Slim Fit,XL,yellow,78,April,3,Saturday,13,4
625,Zorina Rabl,Bigender,31,Lake Phoebe,Western Australia,803,2021-04-03,2021-04-16,4032,861,113.0,3,339.0,Trousers,Chinos,S,blue,51,April,3,Saturday,13,4
625,Zorina Rabl,Bigender,31,Lake Phoebe,Western Australia,803,2021-04-03,2021-04-16,4033,930,96.0,3,288.0,Trousers,Drawstring,XS,blue,45,April,3,Saturday,13,4
625,Zorina Rabl,Bigender,31,Lake Phoebe,Western Australia,803,2021-04-03,2021-04-16,4031,511,102.0,2,204.0,Jacket,Windbreaker,S,blue,41,April,3,Saturday,13,4
626,Tann Scothron,Genderqueer,64,Walterstad,New South Wales,7,2021-04-05,2021-04-11,33,1162,99.0,3,297.0,Trousers,High-Waisted,M,orange,69,April,5,Monday,6,4
626,Tann Scothron,Genderqueer,64,Walterstad,New South Wales,7,2021-04-05,2021-04-11,32,850,113.0,2,226.0,Trousers,Chinos,XS,yellow,41,April,5,Monday,6,4
627,Codie Everly,Genderfluid,51,Port Christopher,South Australia,32,2021-06-17,2021-07-14,149,323,109.0,1,109.0,Shirt,Mandarin Collar,L,orange,56,June,17,Thursday,27,6
627,Codie Everly,Genderfluid,51,Port Christopher,South Australia,832,2021-09-06,2021-09-27,4177,258,95.0,1,95.0,Shirt,Polo,L,yellow,46,September,6,Monday,21,9
627,Codie Everly,Genderfluid,51,Port Christopher,South Australia,32,2021-06-17,2021-07-14,150,22,96.0,3,288.0,Shirt,Oxford Cloth,M,blue,57,June,17,Thursday,27,6
627,Codie Everly,Genderfluid,51,Port Christopher,South Australia,32,2021-06-17,2021-07-14,148,1096,115.0,3,345.0,Trousers,Cropped,S,yellow,65,June,17,Thursday,27,6
628,Frayda Simonini,Non-binary,75,West Sophie,Northern Territory,224,2021-07-07,2021-08-02,1091,179,98.0,3,294.0,Shirt,Camp Collared,XL,red,79,July,7,Wednesday,26,7
628,Frayda Simonini,Non-binary,75,West Sophie,Northern Territory,224,2021-07-07,2021-08-02,1092,516,102.0,3,306.0,Jacket,Windbreaker,S,indigo,62,July,7,Wednesday,26,7
628,Frayda Simonini,Non-binary,75,West Sophie,Northern Territory,466,2021-06-10,2021-07-05,2300,1157,99.0,1,99.0,Trousers,High-Waisted,M,red,59,June,10,Thursday,25,6
628,Frayda Simonini,Non-binary,75,West Sophie,Northern Territory,466,2021-06-10,2021-07-05,2297,1188,99.0,1,99.0,Trousers,High-Waisted,L,violet,68,June,10,Thursday,25,6
628,Frayda Simonini,Non-binary,75,West Sophie,Northern Territory,224,2021-07-07,2021-08-02,1090,57,104.0,2,208.0,Shirt,Dress,M,blue,48,July,7,Wednesday,26,7
628,Frayda Simonini,Non-binary,75,West Sophie,Northern Territory,224,2021-07-07,2021-08-02,1089,449,107.0,2,214.0,Jacket,Denim,XL,indigo,51,July,7,Wednesday,26,7
628,Frayda Simonini,Non-binary,75,West Sophie,Northern Territory,466,2021-06-10,2021-07-05,2299,718,119.0,1,119.0,Jacket,Trench Coat,L,green,73,June,10,Thursday,25,6
628,Frayda Simonini,Non-binary,75,West Sophie,Northern Territory,466,2021-06-10,2021-07-05,2298,733,119.0,3,357.0,Jacket,Trench Coat,L,violet,76,June,10,Thursday,25,6
629,Sigismundo Basek,Male,53,Amberland,Western Australia,131,2021-09-20,2021-09-24,621,517,102.0,1,102.0,Jacket,Windbreaker,M,indigo,56,September,20,Monday,4,9
629,Sigismundo Basek,Male,53,Amberland,Western Australia,131,2021-09-20,2021-09-24,620,1142,102.0,2,204.0,Trousers,Cargo Pants,M,blue,64,September,20,Monday,4,9
629,Sigismundo Basek,Male,53,Amberland,Western Australia,653,2021-02-19,2021-03-18,3248,492,102.0,1,102.0,Jacket,Windbreaker,M,red,47,February,19,Friday,27,2
629,Sigismundo Basek,Male,53,Amberland,Western Australia,653,2021-02-19,2021-03-18,3249,970,97.0,2,194.0,Trousers,Slim-Fit,XS,indigo,74,February,19,Friday,27,2
629,Sigismundo Basek,Male,53,Amberland,Western Australia,131,2021-09-20,2021-09-24,617,215,106.0,3,318.0,Shirt,Chambray,XS,orange,76,September,20,Monday,4,9
629,Sigismundo Basek,Male,53,Amberland,Western Australia,653,2021-02-19,2021-03-18,3243,702,119.0,3,357.0,Jacket,Trench Coat,M,red,57,February,19,Friday,27,2
629,Sigismundo Basek,Male,53,Amberland,Western Australia,653,2021-02-19,2021-03-18,3245,216,106.0,1,106.0,Shirt,Chambray,S,orange,69,February,19,Friday,27,2
629,Sigismundo Basek,Male,53,Amberland,Western Australia,94,2021-03-08,2021-03-26,412,212,106.0,2,212.0,Shirt,Chambray,M,red,48,March,8,Monday,18,3
629,Sigismundo Basek,Male,53,Amberland,Western Australia,94,2021-03-08,2021-03-26,413,458,118.0,3,354.0,Jacket,Puffer,L,red,44,March,8,Monday,18,3
629,Sigismundo Basek,Male,53,Amberland,Western Australia,94,2021-03-08,2021-03-26,414,939,96.0,2,192.0,Trousers,Drawstring,XL,indigo,41,March,8,Monday,18,3
629,Sigismundo Basek,Male,53,Amberland,Western Australia,94,2021-03-08,2021-03-26,410,883,94.0,2,188.0,Trousers,Cords,L,orange,74,March,8,Monday,18,3
629,Sigismundo Basek,Male,53,Amberland,Western Australia,94,2021-03-08,2021-03-26,411,1073,93.0,3,279.0,Trousers,Joggers,L,blue,75,March,8,Monday,18,3
629,Sigismundo Basek,Male,53,Amberland,Western Australia,653,2021-02-19,2021-03-18,3246,599,112.0,2,224.0,Jacket,Cardigan,XL,red,54,February,19,Friday,27,2
629,Sigismundo Basek,Male,53,Amberland,Western Australia,653,2021-02-19,2021-03-18,3247,561,100.0,2,200.0,Jacket,Bomber,S,red,74,February,19,Friday,27,2
629,Sigismundo Basek,Male,53,Amberland,Western Australia,131,2021-09-20,2021-09-24,619,865,113.0,2,226.0,Trousers,Chinos,XS,indigo,61,September,20,Monday,4,9
629,Sigismundo Basek,Male,53,Amberland,Western Australia,653,2021-02-19,2021-03-18,3244,232,106.0,1,106.0,Shirt,Chambray,M,blue,66,February,19,Friday,27,2
629,Sigismundo Basek,Male,53,Amberland,Western Australia,653,2021-02-19,2021-03-18,3250,781,91.0,1,91.0,Jacket,Pullover,S,yellow,42,February,19,Friday,27,2
629,Sigismundo Basek,Male,53,Amberland,Western Australia,131,2021-09-20,2021-09-24,618,535,98.0,1,98.0,Jacket,Leather,XS,yellow,73,September,20,Monday,4,9
630,Nicholle Coom,Male,49,New Madisonborough,Victoria,196,2021-10-22,2021-11-16,957,1127,102.0,1,102.0,Trousers,Cargo Pants,M,orange,51,October,22,Friday,25,10
630,Nicholle Coom,Male,49,New Madisonborough,Victoria,196,2021-10-22,2021-11-16,958,750,109.0,1,109.0,Jacket,Peacoat,XS,green,61,October,22,Friday,25,10
630,Nicholle Coom,Male,49,New Madisonborough,Victoria,338,2021-01-26,2021-02-13,1654,640,93.0,1,93.0,Jacket,Coach,XS,yellow,52,January,26,Tuesday,18,1
630,Nicholle Coom,Male,49,New Madisonborough,Victoria,338,2021-01-26,2021-02-13,1653,1183,99.0,2,198.0,Trousers,High-Waisted,L,indigo,55,January,26,Tuesday,18,1
630,Nicholle Coom,Male,49,New Madisonborough,Victoria,196,2021-10-22,2021-11-16,956,948,97.0,2,194.0,Trousers,Slim-Fit,L,red,80,October,22,Friday,25,10
630,Nicholle Coom,Male,49,New Madisonborough,Victoria,196,2021-10-22,2021-11-16,959,239,106.0,3,318.0,Shirt,Chambray,XL,indigo,61,October,22,Friday,25,10
630,Nicholle Coom,Male,49,New Madisonborough,Victoria,196,2021-10-22,2021-11-16,960,306,105.0,2,210.0,Shirt,Cuban Collar,S,indigo,41,October,22,Friday,25,10
630,Nicholle Coom,Male,49,New Madisonborough,Victoria,338,2021-01-26,2021-02-13,1655,805,117.0,2,234.0,Jacket,Shearling,XS,red,74,January,26,Tuesday,18,1
630,Nicholle Coom,Male,49,New Madisonborough,Victoria,338,2021-01-26,2021-02-13,1657,125,92.0,2,184.0,Shirt,Denim,XS,blue,76,January,26,Tuesday,18,1
630,Nicholle Coom,Male,49,New Madisonborough,Victoria,338,2021-01-26,2021-02-13,1656,383,94.0,2,188.0,Shirt,Henley,L,violet,51,January,26,Tuesday,18,1
630,Nicholle Coom,Male,49,New Madisonborough,Victoria,196,2021-10-22,2021-11-16,955,1053,93.0,3,279.0,Trousers,Joggers,L,red,63,October,22,Friday,25,10
631,Wanids Cudby,Female,49,Davidfurt,Northern Territory,66,2021-08-14,2021-08-22,286,947,97.0,3,291.0,Trousers,Slim-Fit,M,red,67,August,14,Saturday,8,8
631,Wanids Cudby,Female,49,Davidfurt,Northern Territory,66,2021-08-14,2021-08-22,292,901,94.0,2,188.0,Trousers,Cords,S,indigo,60,August,14,Saturday,8,8
631,Wanids Cudby,Female,49,Davidfurt,Northern Territory,66,2021-08-14,2021-08-22,291,728,119.0,1,119.0,Jacket,Trench Coat,L,indigo,71,August,14,Saturday,8,8
631,Wanids Cudby,Female,49,Davidfurt,Northern Territory,66,2021-08-14,2021-08-22,295,942,96.0,1,96.0,Trousers,Drawstring,M,violet,73,August,14,Saturday,8,8
631,Wanids Cudby,Female,49,Davidfurt,Northern Territory,66,2021-08-14,2021-08-22,288,810,117.0,3,351.0,Jacket,Shearling,XS,orange,54,August,14,Saturday,8,8
631,Wanids Cudby,Female,49,Davidfurt,Northern Territory,66,2021-08-14,2021-08-22,287,847,113.0,1,113.0,Trousers,Chinos,M,orange,73,August,14,Saturday,8,8
631,Wanids Cudby,Female,49,Davidfurt,Northern Territory,66,2021-08-14,2021-08-22,294,163,91.0,3,273.0,Shirt,Linen,L,blue,70,August,14,Saturday,8,8
631,Wanids Cudby,Female,49,Davidfurt,Northern Territory,66,2021-08-14,2021-08-22,293,672,113.0,2,226.0,Jacket,Parka,M,orange,51,August,14,Saturday,8,8
631,Wanids Cudby,Female,49,Davidfurt,Northern Territory,66,2021-08-14,2021-08-22,289,465,118.0,2,236.0,Jacket,Puffer,XS,yellow,55,August,14,Saturday,8,8
631,Wanids Cudby,Female,49,Davidfurt,Northern Territory,66,2021-08-14,2021-08-22,290,125,92.0,2,184.0,Shirt,Denim,XS,blue,76,August,14,Saturday,8,8
632,Darby Jeffries,Agender,55,South Anthonyburgh,Northern Territory,562,2021-09-19,2021-10-03,2805,336,109.0,2,218.0,Shirt,Mandarin Collar,S,blue,44,September,19,Sunday,14,9
632,Darby Jeffries,Agender,55,South Anthonyburgh,Northern Territory,757,2021-06-03,2021-06-15,3795,263,95.0,1,95.0,Shirt,Polo,L,green,68,June,3,Thursday,12,6
632,Darby Jeffries,Agender,55,South Anthonyburgh,Northern Territory,757,2021-06-03,2021-06-15,3793,639,93.0,1,93.0,Jacket,Coach,XL,orange,46,June,3,Thursday,12,6
632,Darby Jeffries,Agender,55,South Anthonyburgh,Northern Territory,757,2021-06-03,2021-06-15,3794,1247,112.0,1,112.0,Trousers,Tracksuit Bottoms,M,blue,61,June,3,Thursday,12,6
632,Darby Jeffries,Agender,55,South Anthonyburgh,Northern Territory,562,2021-09-19,2021-10-03,2806,1216,105.0,2,210.0,Trousers,Pleated,S,indigo,41,September,19,Sunday,14,9
632,Darby Jeffries,Agender,55,South Anthonyburgh,Northern Territory,562,2021-09-19,2021-10-03,2807,375,94.0,3,282.0,Shirt,Henley,XS,indigo,58,September,19,Sunday,14,9
632,Darby Jeffries,Agender,55,South Anthonyburgh,Northern Territory,562,2021-09-19,2021-10-03,2809,210,106.0,3,318.0,Shirt,Chambray,XS,red,48,September,19,Sunday,14,9
632,Darby Jeffries,Agender,55,South Anthonyburgh,Northern Territory,562,2021-09-19,2021-10-03,2808,628,112.0,3,336.0,Jacket,Cardigan,L,violet,66,September,19,Sunday,14,9
634,Channa Powley,Genderqueer,70,East Mackenzietown,South Australia,694,2021-04-17,2021-05-11,3438,565,100.0,1,100.0,Jacket,Bomber,XS,orange,80,April,17,Saturday,24,4
634,Channa Powley,Genderqueer,70,East Mackenzietown,South Australia,694,2021-04-17,2021-05-11,3443,197,98.0,1,98.0,Shirt,Camp Collared,M,blue,65,April,17,Saturday,24,4
634,Channa Powley,Genderqueer,70,East Mackenzietown,South Australia,694,2021-04-17,2021-05-11,3444,415,119.0,3,357.0,Shirt,Casual Slim Fit,XS,violet,55,April,17,Saturday,24,4
634,Channa Powley,Genderqueer,70,East Mackenzietown,South Australia,694,2021-04-17,2021-05-11,3441,627,112.0,3,336.0,Jacket,Cardigan,M,violet,75,April,17,Saturday,24,4
634,Channa Powley,Genderqueer,70,East Mackenzietown,South Australia,694,2021-04-17,2021-05-11,3440,1171,99.0,3,297.0,Trousers,High-Waisted,S,green,73,April,17,Saturday,24,4
634,Channa Powley,Genderqueer,70,East Mackenzietown,South Australia,694,2021-04-17,2021-05-11,3442,191,98.0,3,294.0,Shirt,Camp Collared,S,green,60,April,17,Saturday,24,4
634,Channa Powley,Genderqueer,70,East Mackenzietown,South Australia,694,2021-04-17,2021-05-11,3439,780,91.0,3,273.0,Jacket,Pullover,XS,yellow,65,April,17,Saturday,24,4
636,Nara Legerwood,Male,24,Abbottburgh,Northern Territory,264,2021-06-13,2021-06-18,1274,1211,105.0,3,315.0,Trousers,Pleated,S,blue,60,June,13,Sunday,5,6
636,Nara Legerwood,Male,24,Abbottburgh,Northern Territory,264,2021-06-13,2021-06-18,1275,633,93.0,3,279.0,Jacket,Coach,L,red,80,June,13,Sunday,5,6
636,Nara Legerwood,Male,24,Abbottburgh,Northern Territory,264,2021-06-13,2021-06-18,1279,13,96.0,2,192.0,Shirt,Oxford Cloth,L,yellow,75,June,13,Sunday,5,6
636,Nara Legerwood,Male,24,Abbottburgh,Northern Territory,807,2021-02-17,2021-03-03,4052,897,94.0,1,94.0,Trousers,Cords,M,blue,47,February,17,Wednesday,14,2
636,Nara Legerwood,Male,24,Abbottburgh,Northern Territory,807,2021-02-17,2021-03-03,4053,1017,90.0,1,90.0,Trousers,Relaxed Leg,M,red,56,February,17,Wednesday,14,2
636,Nara Legerwood,Male,24,Abbottburgh,Northern Territory,807,2021-02-17,2021-03-03,4055,199,98.0,2,196.0,Shirt,Camp Collared,XL,blue,51,February,17,Wednesday,14,2
636,Nara Legerwood,Male,24,Abbottburgh,Northern Territory,807,2021-02-17,2021-03-03,4054,26,96.0,2,192.0,Shirt,Oxford Cloth,S,indigo,59,February,17,Wednesday,14,2
636,Nara Legerwood,Male,24,Abbottburgh,Northern Territory,264,2021-06-13,2021-06-18,1276,1024,90.0,2,180.0,Trousers,Relaxed Leg,XL,orange,80,June,13,Sunday,5,6
636,Nara Legerwood,Male,24,Abbottburgh,Northern Territory,264,2021-06-13,2021-06-18,1277,396,119.0,3,357.0,Shirt,Casual Slim Fit,S,yellow,45,June,13,Sunday,5,6
636,Nara Legerwood,Male,24,Abbottburgh,Northern Territory,264,2021-06-13,2021-06-18,1278,1137,102.0,1,102.0,Trousers,Cargo Pants,M,green,78,June,13,Sunday,5,6
637,Morie Woodfield,Bigender,58,Lilystad,Western Australia,244,2021-09-02,2021-09-09,1180,205,98.0,2,196.0,Shirt,Camp Collared,XS,violet,72,September,2,Thursday,7,9
637,Morie Woodfield,Bigender,58,Lilystad,Western Australia,244,2021-09-02,2021-09-09,1179,777,91.0,1,91.0,Jacket,Pullover,M,orange,60,September,2,Thursday,7,9
637,Morie Woodfield,Bigender,58,Lilystad,Western Australia,244,2021-09-02,2021-09-09,1178,896,94.0,3,282.0,Trousers,Cords,S,blue,59,September,2,Thursday,7,9
637,Morie Woodfield,Bigender,58,Lilystad,Western Australia,244,2021-09-02,2021-09-09,1181,651,93.0,3,279.0,Jacket,Coach,S,blue,47,September,2,Thursday,7,9
637,Morie Woodfield,Bigender,58,Lilystad,Western Australia,244,2021-09-02,2021-09-09,1177,429,107.0,3,321.0,Jacket,Denim,XL,orange,79,September,2,Thursday,7,9
638,Olympia Stobbs,Female,23,Reillyborough,Victoria,488,2021-10-01,2021-10-26,2405,853,113.0,2,226.0,Trousers,Chinos,L,yellow,65,October,1,Friday,25,10
638,Olympia Stobbs,Female,23,Reillyborough,Victoria,488,2021-10-01,2021-10-26,2406,1157,99.0,2,198.0,Trousers,High-Waisted,M,red,59,October,1,Friday,25,10
638,Olympia Stobbs,Female,23,Reillyborough,Victoria,488,2021-10-01,2021-10-26,2402,529,98.0,3,294.0,Jacket,Leather,XL,red,52,October,1,Friday,25,10
638,Olympia Stobbs,Female,23,Reillyborough,Victoria,488,2021-10-01,2021-10-26,2403,42,104.0,1,104.0,Shirt,Dress,M,orange,53,October,1,Friday,25,10
638,Olympia Stobbs,Female,23,Reillyborough,Victoria,488,2021-10-01,2021-10-26,2404,1077,93.0,3,279.0,Trousers,Joggers,M,indigo,66,October,1,Friday,25,10
639,Tobin Jeffryes,Non-binary,40,Lake Alice,Victoria,966,2021-02-25,2021-03-10,4816,756,109.0,3,327.0,Jacket,Peacoat,S,blue,50,February,25,Thursday,13,2
639,Tobin Jeffryes,Non-binary,40,Lake Alice,Victoria,966,2021-02-25,2021-03-10,4815,416,119.0,3,357.0,Shirt,Casual Slim Fit,S,violet,50,February,25,Thursday,13,2
639,Tobin Jeffryes,Non-binary,40,Lake Alice,Victoria,118,2021-02-20,2021-02-22,545,360,94.0,1,94.0,Shirt,Henley,XS,yellow,42,February,20,Saturday,2,2
639,Tobin Jeffryes,Non-binary,40,Lake Alice,Victoria,969,2021-05-22,2021-05-25,4837,651,93.0,2,186.0,Jacket,Coach,S,blue,47,May,22,Saturday,3,5
639,Tobin Jeffryes,Non-binary,40,Lake Alice,Victoria,969,2021-05-22,2021-05-25,4839,266,95.0,2,190.0,Shirt,Polo,S,blue,76,May,22,Saturday,3,5
639,Tobin Jeffryes,Non-binary,40,Lake Alice,Victoria,118,2021-02-20,2021-02-22,548,603,112.0,2,224.0,Jacket,Cardigan,L,orange,79,February,20,Saturday,2,2
639,Tobin Jeffryes,Non-binary,40,Lake Alice,Victoria,969,2021-05-22,2021-05-25,4838,35,104.0,3,312.0,Shirt,Dress,XS,red,63,May,22,Saturday,3,5
639,Tobin Jeffryes,Non-binary,40,Lake Alice,Victoria,966,2021-02-25,2021-03-10,4819,800,91.0,3,273.0,Jacket,Pullover,XS,violet,61,February,25,Thursday,13,2
639,Tobin Jeffryes,Non-binary,40,Lake Alice,Victoria,118,2021-02-20,2021-02-22,547,110,92.0,1,92.0,Shirt,Denim,XS,orange,45,February,20,Saturday,2,2
639,Tobin Jeffryes,Non-binary,40,Lake Alice,Victoria,118,2021-02-20,2021-02-22,546,99,118.0,1,118.0,Shirt,Flannel,XL,indigo,57,February,20,Saturday,2,2
639,Tobin Jeffryes,Non-binary,40,Lake Alice,Victoria,966,2021-02-25,2021-03-10,4820,342,109.0,1,109.0,Shirt,Mandarin Collar,M,indigo,51,February,25,Thursday,13,2
639,Tobin Jeffryes,Non-binary,40,Lake Alice,Victoria,966,2021-02-25,2021-03-10,4823,1148,102.0,3,306.0,Trousers,Cargo Pants,L,indigo,46,February,25,Thursday,13,2
639,Tobin Jeffryes,Non-binary,40,Lake Alice,Victoria,966,2021-02-25,2021-03-10,4818,326,109.0,2,218.0,Shirt,Mandarin Collar,S,yellow,76,February,25,Thursday,13,2
639,Tobin Jeffryes,Non-binary,40,Lake Alice,Victoria,966,2021-02-25,2021-03-10,4817,1076,93.0,1,93.0,Trousers,Joggers,S,indigo,56,February,25,Thursday,13,2
639,Tobin Jeffryes,Non-binary,40,Lake Alice,Victoria,966,2021-02-25,2021-03-10,4814,965,97.0,3,291.0,Trousers,Slim-Fit,XS,blue,55,February,25,Thursday,13,2
639,Tobin Jeffryes,Non-binary,40,Lake Alice,Victoria,966,2021-02-25,2021-03-10,4822,1177,99.0,3,297.0,Trousers,High-Waisted,M,blue,52,February,25,Thursday,13,2
639,Tobin Jeffryes,Non-binary,40,Lake Alice,Victoria,966,2021-02-25,2021-03-10,4821,1078,93.0,3,279.0,Trousers,Joggers,L,indigo,42,February,25,Thursday,13,2
640,Uriel Cottingham,Genderqueer,49,Lincolnchester,Queensland,198,2021-08-31,2021-09-13,967,204,98.0,2,196.0,Shirt,Camp Collared,XL,indigo,42,August,31,Tuesday,13,8
640,Uriel Cottingham,Genderqueer,49,Lincolnchester,Queensland,198,2021-08-31,2021-09-13,968,1259,112.0,2,224.0,Trousers,Tracksuit Bottoms,XL,violet,60,August,31,Tuesday,13,8
640,Uriel Cottingham,Genderqueer,49,Lincolnchester,Queensland,198,2021-08-31,2021-09-13,966,172,91.0,3,273.0,Shirt,Linen,M,violet,44,August,31,Tuesday,13,8
641,Zebulon Rousel,Agender,62,Hamishview,New South Wales,246,2021-06-19,2021-07-16,1189,1250,112.0,1,112.0,Trousers,Tracksuit Bottoms,XS,indigo,63,June,19,Saturday,27,6
641,Zebulon Rousel,Agender,62,Hamishview,New South Wales,246,2021-06-19,2021-07-16,1188,450,107.0,2,214.0,Jacket,Denim,XS,violet,65,June,19,Saturday,27,6
641,Zebulon Rousel,Agender,62,Hamishview,New South Wales,463,2021-03-16,2021-04-09,2283,456,118.0,3,354.0,Jacket,Puffer,S,red,62,March,16,Tuesday,24,3
641,Zebulon Rousel,Agender,62,Hamishview,New South Wales,463,2021-03-16,2021-04-09,2284,864,113.0,3,339.0,Trousers,Chinos,XL,blue,48,March,16,Tuesday,24,3
641,Zebulon Rousel,Agender,62,Hamishview,New South Wales,246,2021-06-19,2021-07-16,1187,627,112.0,3,336.0,Jacket,Cardigan,M,violet,75,June,19,Saturday,27,6
641,Zebulon Rousel,Agender,62,Hamishview,New South Wales,463,2021-03-16,2021-04-09,2280,92,118.0,2,236.0,Shirt,Flannel,M,blue,73,March,16,Tuesday,24,3
641,Zebulon Rousel,Agender,62,Hamishview,New South Wales,463,2021-03-16,2021-04-09,2282,729,119.0,1,119.0,Jacket,Trench Coat,XL,indigo,64,March,16,Tuesday,24,3
641,Zebulon Rousel,Agender,62,Hamishview,New South Wales,463,2021-03-16,2021-04-09,2281,986,106.0,3,318.0,Trousers,Wool,S,orange,59,March,16,Tuesday,24,3
641,Zebulon Rousel,Agender,62,Hamishview,New South Wales,246,2021-06-19,2021-07-16,1186,485,118.0,1,118.0,Jacket,Puffer,XS,violet,74,June,19,Saturday,27,6
643,Pietro Duling,Female,36,Shieldschester,Tasmania,389,2021-04-20,2021-04-23,1936,632,93.0,3,279.0,Jacket,Coach,M,red,76,April,20,Tuesday,3,4
643,Pietro Duling,Female,36,Shieldschester,Tasmania,389,2021-04-20,2021-04-23,1939,440,107.0,2,214.0,Jacket,Denim,XS,blue,49,April,20,Tuesday,3,4
643,Pietro Duling,Female,36,Shieldschester,Tasmania,389,2021-04-20,2021-04-23,1938,165,91.0,1,91.0,Shirt,Linen,XS,indigo,70,April,20,Tuesday,3,4
643,Pietro Duling,Female,36,Shieldschester,Tasmania,389,2021-04-20,2021-04-23,1937,582,100.0,3,300.0,Jacket,Bomber,M,blue,44,April,20,Tuesday,3,4
643,Pietro Duling,Female,36,Shieldschester,Tasmania,745,2021-03-21,2021-04-01,3720,1194,105.0,1,105.0,Trousers,Pleated,XL,red,58,March,21,Sunday,11,3
643,Pietro Duling,Female,36,Shieldschester,Tasmania,745,2021-03-21,2021-04-01,3723,1041,90.0,3,270.0,Trousers,Relaxed Leg,S,indigo,40,March,21,Sunday,11,3
643,Pietro Duling,Female,36,Shieldschester,Tasmania,389,2021-04-20,2021-04-23,1940,929,96.0,3,288.0,Trousers,Drawstring,XL,green,49,April,20,Tuesday,3,4
643,Pietro Duling,Female,36,Shieldschester,Tasmania,389,2021-04-20,2021-04-23,1941,1071,93.0,2,186.0,Trousers,Joggers,S,blue,50,April,20,Tuesday,3,4
643,Pietro Duling,Female,36,Shieldschester,Tasmania,745,2021-03-21,2021-04-01,3721,739,109.0,2,218.0,Jacket,Peacoat,XL,red,58,March,21,Sunday,11,3
643,Pietro Duling,Female,36,Shieldschester,Tasmania,745,2021-03-21,2021-04-01,3722,757,109.0,2,218.0,Jacket,Peacoat,M,blue,71,March,21,Sunday,11,3
643,Pietro Duling,Female,36,Shieldschester,Tasmania,745,2021-03-21,2021-04-01,3726,20,96.0,1,96.0,Shirt,Oxford Cloth,XS,blue,47,March,21,Sunday,11,3
643,Pietro Duling,Female,36,Shieldschester,Tasmania,745,2021-03-21,2021-04-01,3725,1098,115.0,3,345.0,Trousers,Cropped,L,yellow,60,March,21,Sunday,11,3
643,Pietro Duling,Female,36,Shieldschester,Tasmania,745,2021-03-21,2021-04-01,3724,217,106.0,3,318.0,Shirt,Chambray,M,orange,43,March,21,Sunday,11,3
643,Pietro Duling,Female,36,Shieldschester,Tasmania,486,2021-04-27,2021-05-08,2391,358,94.0,3,282.0,Shirt,Henley,L,orange,77,April,27,Tuesday,11,4
643,Pietro Duling,Female,36,Shieldschester,Tasmania,745,2021-03-21,2021-04-01,3727,1191,105.0,2,210.0,Trousers,Pleated,S,red,78,March,21,Sunday,11,3
643,Pietro Duling,Female,36,Shieldschester,Tasmania,745,2021-03-21,2021-04-01,3728,1110,115.0,2,230.0,Trousers,Cropped,XS,indigo,55,March,21,Sunday,11,3
643,Pietro Duling,Female,36,Shieldschester,Tasmania,486,2021-04-27,2021-05-08,2394,359,94.0,1,94.0,Shirt,Henley,XL,orange,52,April,27,Tuesday,11,4
643,Pietro Duling,Female,36,Shieldschester,Tasmania,486,2021-04-27,2021-05-08,2392,1184,99.0,1,99.0,Trousers,High-Waisted,XL,indigo,57,April,27,Tuesday,11,4
643,Pietro Duling,Female,36,Shieldschester,Tasmania,486,2021-04-27,2021-05-08,2393,1052,93.0,3,279.0,Trousers,Joggers,M,red,43,April,27,Tuesday,11,4
644,Ashlie Godwyn,Polygender,46,Baileyberg,Western Australia,630,2021-01-12,2021-01-31,3124,1084,93.0,3,279.0,Trousers,Joggers,XL,violet,40,January,12,Tuesday,19,1
644,Ashlie Godwyn,Polygender,46,Baileyberg,Western Australia,630,2021-01-12,2021-01-31,3123,1062,93.0,2,186.0,Trousers,Joggers,M,yellow,72,January,12,Tuesday,19,1
644,Ashlie Godwyn,Polygender,46,Baileyberg,Western Australia,630,2021-01-12,2021-01-31,3122,943,96.0,2,192.0,Trousers,Drawstring,L,violet,62,January,12,Tuesday,19,1
644,Ashlie Godwyn,Polygender,46,Baileyberg,Western Australia,630,2021-01-12,2021-01-31,3125,882,94.0,3,282.0,Trousers,Cords,M,orange,53,January,12,Tuesday,19,1
644,Ashlie Godwyn,Polygender,46,Baileyberg,Western Australia,630,2021-01-12,2021-01-31,3121,325,109.0,3,327.0,Shirt,Mandarin Collar,XS,yellow,45,January,12,Tuesday,19,1
644,Ashlie Godwyn,Polygender,46,Baileyberg,Western Australia,207,2021-09-25,2021-09-28,1011,839,117.0,2,234.0,Jacket,Shearling,XL,violet,70,September,25,Saturday,3,9
644,Ashlie Godwyn,Polygender,46,Baileyberg,Western Australia,207,2021-09-25,2021-09-28,1009,327,109.0,3,327.0,Shirt,Mandarin Collar,M,yellow,58,September,25,Saturday,3,9
644,Ashlie Godwyn,Polygender,46,Baileyberg,Western Australia,207,2021-09-25,2021-09-28,1008,403,119.0,1,119.0,Shirt,Casual Slim Fit,L,green,54,September,25,Saturday,3,9
644,Ashlie Godwyn,Polygender,46,Baileyberg,Western Australia,207,2021-09-25,2021-09-28,1010,1017,90.0,1,90.0,Trousers,Relaxed Leg,M,red,56,September,25,Saturday,3,9
647,Malory Emmison,Male,51,Lake Nicholasfort,Australian Capital Territory,870,2021-08-01,2021-08-12,4355,720,119.0,3,357.0,Jacket,Trench Coat,XS,blue,59,August,1,Sunday,11,8
647,Malory Emmison,Male,51,Lake Nicholasfort,Australian Capital Territory,870,2021-08-01,2021-08-12,4357,1186,99.0,3,297.0,Trousers,High-Waisted,S,violet,45,August,1,Sunday,11,8
647,Malory Emmison,Male,51,Lake Nicholasfort,Australian Capital Territory,870,2021-08-01,2021-08-12,4356,186,98.0,1,98.0,Shirt,Camp Collared,S,yellow,66,August,1,Sunday,11,8
647,Malory Emmison,Male,51,Lake Nicholasfort,Australian Capital Territory,498,2021-07-15,2021-07-23,2455,132,92.0,2,184.0,Shirt,Denim,M,indigo,56,July,15,Thursday,8,7
647,Malory Emmison,Male,51,Lake Nicholasfort,Australian Capital Territory,498,2021-07-15,2021-07-23,2453,323,109.0,2,218.0,Shirt,Mandarin Collar,L,orange,56,July,15,Thursday,8,7
647,Malory Emmison,Male,51,Lake Nicholasfort,Australian Capital Territory,498,2021-07-15,2021-07-23,2454,1042,90.0,1,90.0,Trousers,Relaxed Leg,M,indigo,45,July,15,Thursday,8,7
647,Malory Emmison,Male,51,Lake Nicholasfort,Australian Capital Territory,498,2021-07-15,2021-07-23,2456,1116,115.0,1,115.0,Trousers,Cropped,S,violet,66,July,15,Thursday,8,7
647,Malory Emmison,Male,51,Lake Nicholasfort,Australian Capital Territory,870,2021-08-01,2021-08-12,4353,1256,112.0,2,224.0,Trousers,Tracksuit Bottoms,S,violet,48,August,1,Sunday,11,8
647,Malory Emmison,Male,51,Lake Nicholasfort,Australian Capital Territory,870,2021-08-01,2021-08-12,4354,789,91.0,3,273.0,Jacket,Pullover,XL,green,65,August,1,Sunday,11,8
648,Jaquelyn Dow,Genderfluid,38,New Emmastad,South Australia,506,2021-09-11,2021-09-27,2509,757,109.0,2,218.0,Jacket,Peacoat,M,blue,71,September,11,Saturday,16,9
648,Jaquelyn Dow,Genderfluid,38,New Emmastad,South Australia,607,2021-10-19,2021-11-12,3025,1053,93.0,3,279.0,Trousers,Joggers,L,red,63,October,19,Tuesday,24,10
648,Jaquelyn Dow,Genderfluid,38,New Emmastad,South Australia,450,2021-04-30,2021-05-05,2232,216,106.0,3,318.0,Shirt,Chambray,S,orange,69,April,30,Friday,5,4
648,Jaquelyn Dow,Genderfluid,38,New Emmastad,South Australia,506,2021-09-11,2021-09-27,2510,1078,93.0,3,279.0,Trousers,Joggers,L,indigo,42,September,11,Saturday,16,9
648,Jaquelyn Dow,Genderfluid,38,New Emmastad,South Australia,506,2021-09-11,2021-09-27,2507,839,117.0,2,234.0,Jacket,Shearling,XL,violet,70,September,11,Saturday,16,9
648,Jaquelyn Dow,Genderfluid,38,New Emmastad,South Australia,506,2021-09-11,2021-09-27,2506,822,117.0,2,234.0,Jacket,Shearling,M,green,59,September,11,Saturday,16,9
648,Jaquelyn Dow,Genderfluid,38,New Emmastad,South Australia,450,2021-04-30,2021-05-05,2228,955,97.0,1,97.0,Trousers,Slim-Fit,XS,yellow,59,April,30,Friday,5,4
648,Jaquelyn Dow,Genderfluid,38,New Emmastad,South Australia,607,2021-10-19,2021-11-12,3027,1155,99.0,3,297.0,Trousers,High-Waisted,XS,red,74,October,19,Tuesday,24,10
648,Jaquelyn Dow,Genderfluid,38,New Emmastad,South Australia,607,2021-10-19,2021-11-12,3026,473,118.0,2,236.0,Jacket,Puffer,L,green,43,October,19,Tuesday,24,10
648,Jaquelyn Dow,Genderfluid,38,New Emmastad,South Australia,607,2021-10-19,2021-11-12,3028,886,94.0,2,188.0,Trousers,Cords,S,yellow,68,October,19,Tuesday,24,10
648,Jaquelyn Dow,Genderfluid,38,New Emmastad,South Australia,450,2021-04-30,2021-05-05,2230,837,117.0,1,117.0,Jacket,Shearling,M,violet,74,April,30,Friday,5,4
648,Jaquelyn Dow,Genderfluid,38,New Emmastad,South Australia,607,2021-10-19,2021-11-12,3029,994,106.0,1,106.0,Trousers,Wool,XL,yellow,72,October,19,Tuesday,24,10
648,Jaquelyn Dow,Genderfluid,38,New Emmastad,South Australia,450,2021-04-30,2021-05-05,2227,277,95.0,3,285.0,Shirt,Polo,M,violet,77,April,30,Friday,5,4
648,Jaquelyn Dow,Genderfluid,38,New Emmastad,South Australia,506,2021-09-11,2021-09-27,2508,1029,90.0,2,180.0,Trousers,Relaxed Leg,XL,yellow,54,September,11,Saturday,16,9
648,Jaquelyn Dow,Genderfluid,38,New Emmastad,South Australia,450,2021-04-30,2021-05-05,2231,517,102.0,1,102.0,Jacket,Windbreaker,M,indigo,56,April,30,Friday,5,4
648,Jaquelyn Dow,Genderfluid,38,New Emmastad,South Australia,450,2021-04-30,2021-05-05,2229,306,105.0,3,315.0,Shirt,Cuban Collar,S,indigo,41,April,30,Friday,5,4
649,Willey Tolley,Genderfluid,74,Schneiderbury,Northern Territory,890,2021-06-21,2021-07-07,4456,664,93.0,2,186.0,Jacket,Coach,XL,violet,60,June,21,Monday,16,6
649,Willey Tolley,Genderfluid,74,Schneiderbury,Northern Territory,890,2021-06-21,2021-07-07,4457,1126,102.0,1,102.0,Trousers,Cargo Pants,S,orange,60,June,21,Monday,16,6
649,Willey Tolley,Genderfluid,74,Schneiderbury,Northern Territory,890,2021-06-21,2021-07-07,4464,1121,102.0,3,306.0,Trousers,Cargo Pants,S,red,63,June,21,Monday,16,6
649,Willey Tolley,Genderfluid,74,Schneiderbury,Northern Territory,890,2021-06-21,2021-07-07,4458,1052,93.0,2,186.0,Trousers,Joggers,M,red,43,June,21,Monday,16,6
649,Willey Tolley,Genderfluid,74,Schneiderbury,Northern Territory,890,2021-06-21,2021-07-07,4459,705,119.0,3,357.0,Jacket,Trench Coat,XS,orange,69,June,21,Monday,16,6
649,Willey Tolley,Genderfluid,74,Schneiderbury,Northern Territory,890,2021-06-21,2021-07-07,4465,189,98.0,3,294.0,Shirt,Camp Collared,XL,yellow,44,June,21,Monday,16,6
649,Willey Tolley,Genderfluid,74,Schneiderbury,Northern Territory,890,2021-06-21,2021-07-07,4460,1247,112.0,3,336.0,Trousers,Tracksuit Bottoms,M,blue,61,June,21,Monday,16,6
649,Willey Tolley,Genderfluid,74,Schneiderbury,Northern Territory,890,2021-06-21,2021-07-07,4463,838,117.0,1,117.0,Jacket,Shearling,L,violet,61,June,21,Monday,16,6
649,Willey Tolley,Genderfluid,74,Schneiderbury,Northern Territory,890,2021-06-21,2021-07-07,4462,359,94.0,3,282.0,Shirt,Henley,XL,orange,52,June,21,Monday,16,6
649,Willey Tolley,Genderfluid,74,Schneiderbury,Northern Territory,890,2021-06-21,2021-07-07,4461,545,98.0,1,98.0,Jacket,Leather,XS,blue,77,June,21,Monday,16,6
651,Beckie Nasey,Genderfluid,61,Evastad,South Australia,799,2021-03-11,2021-04-04,4014,1191,105.0,1,105.0,Trousers,Pleated,S,red,78,March,11,Thursday,24,3
651,Beckie Nasey,Genderfluid,61,Evastad,South Australia,799,2021-03-11,2021-04-04,4015,17,96.0,1,96.0,Shirt,Oxford Cloth,M,green,60,March,11,Thursday,24,3
651,Beckie Nasey,Genderfluid,61,Evastad,South Australia,799,2021-03-11,2021-04-04,4012,1208,105.0,3,315.0,Trousers,Pleated,L,green,47,March,11,Thursday,24,3
651,Beckie Nasey,Genderfluid,61,Evastad,South Australia,799,2021-03-11,2021-04-04,4011,331,109.0,3,327.0,Shirt,Mandarin Collar,S,green,74,March,11,Thursday,24,3
651,Beckie Nasey,Genderfluid,61,Evastad,South Australia,799,2021-03-11,2021-04-04,4013,886,94.0,1,94.0,Trousers,Cords,S,yellow,68,March,11,Thursday,24,3
652,Roley Cassedy,Male,63,North Isabelleside,South Australia,23,2021-05-17,2021-05-22,109,809,117.0,3,351.0,Jacket,Shearling,XL,red,42,May,17,Monday,5,5
652,Roley Cassedy,Male,63,North Isabelleside,South Australia,23,2021-05-17,2021-05-22,108,238,106.0,2,212.0,Shirt,Chambray,L,indigo,79,May,17,Monday,5,5
653,Pieter Bruton,Polygender,21,Lachlanstad,Queensland,853,2021-09-27,2021-10-18,4283,540,98.0,3,294.0,Jacket,Leather,XS,green,57,September,27,Monday,21,9
653,Pieter Bruton,Polygender,21,Lachlanstad,Queensland,853,2021-09-27,2021-10-18,4286,1015,90.0,2,180.0,Trousers,Relaxed Leg,XS,red,52,September,27,Monday,21,9
653,Pieter Bruton,Polygender,21,Lachlanstad,Queensland,853,2021-09-27,2021-10-18,4285,45,104.0,1,104.0,Shirt,Dress,XS,yellow,69,September,27,Monday,21,9
653,Pieter Bruton,Polygender,21,Lachlanstad,Queensland,853,2021-09-27,2021-10-18,4282,549,98.0,2,196.0,Jacket,Leather,XL,blue,67,September,27,Monday,21,9
653,Pieter Bruton,Polygender,21,Lachlanstad,Queensland,853,2021-09-27,2021-10-18,4287,535,98.0,2,196.0,Jacket,Leather,XS,yellow,73,September,27,Monday,21,9
653,Pieter Bruton,Polygender,21,Lachlanstad,Queensland,853,2021-09-27,2021-10-18,4284,568,100.0,2,200.0,Jacket,Bomber,L,orange,71,September,27,Monday,21,9
653,Pieter Bruton,Polygender,21,Lachlanstad,Queensland,853,2021-09-27,2021-10-18,4288,1220,105.0,3,315.0,Trousers,Pleated,XS,violet,58,September,27,Monday,21,9
654,Gareth Bindon,Female,42,West Sebastianfort,Victoria,206,2021-06-01,2021-06-16,1002,249,95.0,1,95.0,Shirt,Polo,XL,red,76,June,1,Tuesday,15,6
654,Gareth Bindon,Female,42,West Sebastianfort,Victoria,206,2021-06-01,2021-06-16,1003,66,104.0,3,312.0,Shirt,Dress,S,violet,69,June,1,Tuesday,15,6
654,Gareth Bindon,Female,42,West Sebastianfort,Victoria,206,2021-06-01,2021-06-16,1006,912,96.0,1,96.0,Trousers,Drawstring,M,red,70,June,1,Tuesday,15,6
654,Gareth Bindon,Female,42,West Sebastianfort,Victoria,206,2021-06-01,2021-06-16,1005,541,98.0,2,196.0,Jacket,Leather,S,green,77,June,1,Tuesday,15,6
654,Gareth Bindon,Female,42,West Sebastianfort,Victoria,206,2021-06-01,2021-06-16,1004,340,109.0,2,218.0,Shirt,Mandarin Collar,XS,indigo,80,June,1,Tuesday,15,6
654,Gareth Bindon,Female,42,West Sebastianfort,Victoria,206,2021-06-01,2021-06-16,1007,553,98.0,3,294.0,Jacket,Leather,L,indigo,79,June,1,Tuesday,15,6
655,Jillene Goodbanne,Agender,77,Mitchellhaven,South Australia,375,2021-01-20,2021-01-26,1862,778,91.0,1,91.0,Jacket,Pullover,L,orange,56,January,20,Wednesday,6,1
655,Jillene Goodbanne,Agender,77,Mitchellhaven,South Australia,375,2021-01-20,2021-01-26,1864,654,93.0,3,279.0,Jacket,Coach,XL,blue,46,January,20,Wednesday,6,1
655,Jillene Goodbanne,Agender,77,Mitchellhaven,South Australia,375,2021-01-20,2021-01-26,1863,1122,102.0,2,204.0,Trousers,Cargo Pants,M,red,52,January,20,Wednesday,6,1
657,Orran Skip,Male,25,Port Eveland,South Australia,962,2021-02-09,2021-02-18,4798,387,119.0,3,357.0,Shirt,Casual Slim Fit,M,red,67,February,9,Tuesday,9,2
657,Orran Skip,Male,25,Port Eveland,South Australia,962,2021-02-09,2021-02-18,4797,262,95.0,1,95.0,Shirt,Polo,M,green,62,February,9,Tuesday,9,2
657,Orran Skip,Male,25,Port Eveland,South Australia,962,2021-02-09,2021-02-18,4794,750,109.0,3,327.0,Jacket,Peacoat,XS,green,61,February,9,Tuesday,9,2
657,Orran Skip,Male,25,Port Eveland,South Australia,962,2021-02-09,2021-02-18,4793,866,113.0,3,339.0,Trousers,Chinos,S,indigo,67,February,9,Tuesday,9,2
657,Orran Skip,Male,25,Port Eveland,South Australia,962,2021-02-09,2021-02-18,4796,367,94.0,2,188.0,Shirt,Henley,M,green,65,February,9,Tuesday,9,2
657,Orran Skip,Male,25,Port Eveland,South Australia,223,2021-03-23,2021-03-30,1082,883,94.0,3,282.0,Trousers,Cords,L,orange,74,March,23,Tuesday,7,3
657,Orran Skip,Male,25,Port Eveland,South Australia,223,2021-03-23,2021-03-30,1086,1117,115.0,3,345.0,Trousers,Cropped,M,violet,47,March,23,Tuesday,7,3
657,Orran Skip,Male,25,Port Eveland,South Australia,223,2021-03-23,2021-03-30,1088,583,100.0,3,300.0,Jacket,Bomber,L,blue,64,March,23,Tuesday,7,3
657,Orran Skip,Male,25,Port Eveland,South Australia,223,2021-03-23,2021-03-30,1087,91,118.0,2,236.0,Shirt,Flannel,S,blue,43,March,23,Tuesday,7,3
657,Orran Skip,Male,25,Port Eveland,South Australia,962,2021-02-09,2021-02-18,4795,326,109.0,3,327.0,Shirt,Mandarin Collar,S,yellow,76,February,9,Tuesday,9,2
657,Orran Skip,Male,25,Port Eveland,South Australia,223,2021-03-23,2021-03-30,1083,373,94.0,1,94.0,Shirt,Henley,L,blue,60,March,23,Tuesday,7,3
657,Orran Skip,Male,25,Port Eveland,South Australia,223,2021-03-23,2021-03-30,1085,13,96.0,1,96.0,Shirt,Oxford Cloth,L,yellow,75,March,23,Tuesday,7,3
657,Orran Skip,Male,25,Port Eveland,South Australia,223,2021-03-23,2021-03-30,1084,832,117.0,1,117.0,Jacket,Shearling,M,indigo,74,March,23,Tuesday,7,3
659,Ira Dafforne,Non-binary,57,Sophiemouth,Tasmania,701,2021-08-28,2021-09-10,3483,488,118.0,1,118.0,Jacket,Puffer,L,violet,49,August,28,Saturday,13,8
659,Ira Dafforne,Non-binary,57,Sophiemouth,Tasmania,10,2021-10-15,2021-10-16,45,426,107.0,3,321.0,Jacket,Denim,S,orange,51,October,15,Friday,1,10
659,Ira Dafforne,Non-binary,57,Sophiemouth,Tasmania,10,2021-10-15,2021-10-16,44,860,113.0,2,226.0,Trousers,Chinos,XS,blue,69,October,15,Friday,1,10
659,Ira Dafforne,Non-binary,57,Sophiemouth,Tasmania,10,2021-10-15,2021-10-16,43,325,109.0,3,327.0,Shirt,Mandarin Collar,XS,yellow,45,October,15,Friday,1,10
659,Ira Dafforne,Non-binary,57,Sophiemouth,Tasmania,701,2021-08-28,2021-09-10,3484,319,109.0,3,327.0,Shirt,Mandarin Collar,XL,red,64,August,28,Saturday,13,8
659,Ira Dafforne,Non-binary,57,Sophiemouth,Tasmania,701,2021-08-28,2021-09-10,3481,314,105.0,2,210.0,Shirt,Cuban Collar,XL,violet,44,August,28,Saturday,13,8
659,Ira Dafforne,Non-binary,57,Sophiemouth,Tasmania,701,2021-08-28,2021-09-10,3482,914,96.0,2,192.0,Trousers,Drawstring,XL,red,77,August,28,Saturday,13,8
659,Ira Dafforne,Non-binary,57,Sophiemouth,Tasmania,277,2021-04-05,2021-04-06,1333,690,113.0,2,226.0,Jacket,Parka,XS,indigo,57,April,5,Monday,1,4
659,Ira Dafforne,Non-binary,57,Sophiemouth,Tasmania,277,2021-04-05,2021-04-06,1335,1180,99.0,2,198.0,Trousers,High-Waisted,XS,indigo,47,April,5,Monday,1,4
659,Ira Dafforne,Non-binary,57,Sophiemouth,Tasmania,277,2021-04-05,2021-04-06,1334,944,96.0,2,192.0,Trousers,Drawstring,XL,violet,80,April,5,Monday,1,4
659,Ira Dafforne,Non-binary,57,Sophiemouth,Tasmania,277,2021-04-05,2021-04-06,1337,740,109.0,3,327.0,Jacket,Peacoat,XS,orange,78,April,5,Monday,1,4
659,Ira Dafforne,Non-binary,57,Sophiemouth,Tasmania,277,2021-04-05,2021-04-06,1336,181,98.0,2,196.0,Shirt,Camp Collared,S,orange,62,April,5,Monday,1,4
659,Ira Dafforne,Non-binary,57,Sophiemouth,Tasmania,277,2021-04-05,2021-04-06,1339,126,92.0,2,184.0,Shirt,Denim,S,blue,47,April,5,Monday,1,4
659,Ira Dafforne,Non-binary,57,Sophiemouth,Tasmania,277,2021-04-05,2021-04-06,1338,1037,90.0,3,270.0,Trousers,Relaxed Leg,M,blue,72,April,5,Monday,1,4
660,Slade Villaret,Genderfluid,47,Charlesshire,Australian Capital Territory,765,2021-01-15,2021-02-01,3830,237,106.0,3,318.0,Shirt,Chambray,M,indigo,62,January,15,Friday,17,1
660,Slade Villaret,Genderfluid,47,Charlesshire,Australian Capital Territory,765,2021-01-15,2021-02-01,3829,706,119.0,1,119.0,Jacket,Trench Coat,S,orange,41,January,15,Friday,17,1
660,Slade Villaret,Genderfluid,47,Charlesshire,Australian Capital Territory,765,2021-01-15,2021-02-01,3831,28,96.0,2,192.0,Shirt,Oxford Cloth,L,indigo,70,January,15,Friday,17,1
660,Slade Villaret,Genderfluid,47,Charlesshire,Australian Capital Territory,765,2021-01-15,2021-02-01,3832,1046,90.0,1,90.0,Trousers,Relaxed Leg,S,violet,75,January,15,Friday,17,1
661,Engracia Abilowitz,Male,45,North Beau,Western Australia,359,2021-05-16,2021-05-31,1774,222,106.0,3,318.0,Shirt,Chambray,M,yellow,62,May,16,Sunday,15,5
661,Engracia Abilowitz,Male,45,North Beau,Western Australia,359,2021-05-16,2021-05-31,1775,694,113.0,2,226.0,Jacket,Parka,XL,indigo,78,May,16,Sunday,15,5
661,Engracia Abilowitz,Male,45,North Beau,Western Australia,359,2021-05-16,2021-05-31,1777,1193,105.0,1,105.0,Trousers,Pleated,L,red,70,May,16,Sunday,15,5
661,Engracia Abilowitz,Male,45,North Beau,Western Australia,359,2021-05-16,2021-05-31,1776,1069,93.0,1,93.0,Trousers,Joggers,XL,green,56,May,16,Sunday,15,5
662,Nerita Peotz,Female,58,Pipershire,Queensland,941,2021-09-30,2021-10-05,4703,518,102.0,3,306.0,Jacket,Windbreaker,L,indigo,67,September,30,Thursday,5,9
662,Nerita Peotz,Female,58,Pipershire,Queensland,941,2021-09-30,2021-10-05,4704,1224,105.0,3,315.0,Trousers,Pleated,XL,violet,65,September,30,Thursday,5,9
664,Dannie Fidler,Genderfluid,32,East Max,Tasmania,225,2021-10-04,2021-10-26,1097,318,109.0,3,327.0,Shirt,Mandarin Collar,L,red,54,October,4,Monday,22,10
664,Dannie Fidler,Genderfluid,32,East Max,Tasmania,225,2021-10-04,2021-10-26,1096,328,109.0,2,218.0,Shirt,Mandarin Collar,L,yellow,78,October,4,Monday,22,10
664,Dannie Fidler,Genderfluid,32,East Max,Tasmania,225,2021-10-04,2021-10-26,1098,243,106.0,3,318.0,Shirt,Chambray,L,violet,53,October,4,Monday,22,10
664,Dannie Fidler,Genderfluid,32,East Max,Tasmania,225,2021-10-04,2021-10-26,1094,382,94.0,1,94.0,Shirt,Henley,M,violet,44,October,4,Monday,22,10
664,Dannie Fidler,Genderfluid,32,East Max,Tasmania,168,2021-01-10,2021-01-27,806,439,107.0,1,107.0,Jacket,Denim,XL,green,59,January,10,Sunday,17,1
664,Dannie Fidler,Genderfluid,32,East Max,Tasmania,814,2021-03-04,2021-03-28,4095,342,109.0,2,218.0,Shirt,Mandarin Collar,M,indigo,51,March,4,Thursday,24,3
664,Dannie Fidler,Genderfluid,32,East Max,Tasmania,814,2021-03-04,2021-03-28,4096,49,104.0,2,208.0,Shirt,Dress,XL,yellow,75,March,4,Thursday,24,3
664,Dannie Fidler,Genderfluid,32,East Max,Tasmania,814,2021-03-04,2021-03-28,4094,488,118.0,3,354.0,Jacket,Puffer,L,violet,49,March,4,Thursday,24,3
664,Dannie Fidler,Genderfluid,32,East Max,Tasmania,895,2021-07-26,2021-08-15,4488,700,119.0,1,119.0,Jacket,Trench Coat,XS,red,78,July,26,Monday,20,7
664,Dannie Fidler,Genderfluid,32,East Max,Tasmania,895,2021-07-26,2021-08-15,4487,70,118.0,2,236.0,Shirt,Flannel,XS,red,42,July,26,Monday,20,7
664,Dannie Fidler,Genderfluid,32,East Max,Tasmania,895,2021-07-26,2021-08-15,4486,643,93.0,1,93.0,Jacket,Coach,L,yellow,53,July,26,Monday,20,7
664,Dannie Fidler,Genderfluid,32,East Max,Tasmania,895,2021-07-26,2021-08-15,4485,600,112.0,2,224.0,Jacket,Cardigan,XS,orange,46,July,26,Monday,20,7
664,Dannie Fidler,Genderfluid,32,East Max,Tasmania,895,2021-07-26,2021-08-15,4484,835,117.0,1,117.0,Jacket,Shearling,XS,violet,75,July,26,Monday,20,7
664,Dannie Fidler,Genderfluid,32,East Max,Tasmania,895,2021-07-26,2021-08-15,4483,89,118.0,3,354.0,Shirt,Flannel,XL,green,77,July,26,Monday,20,7
664,Dannie Fidler,Genderfluid,32,East Max,Tasmania,225,2021-10-04,2021-10-26,1093,687,113.0,2,226.0,Jacket,Parka,M,blue,54,October,4,Monday,22,10
664,Dannie Fidler,Genderfluid,32,East Max,Tasmania,225,2021-10-04,2021-10-26,1095,575,100.0,2,200.0,Jacket,Bomber,XS,green,48,October,4,Monday,22,10
664,Dannie Fidler,Genderfluid,32,East Max,Tasmania,814,2021-03-04,2021-03-28,4097,727,119.0,3,357.0,Jacket,Trench Coat,M,indigo,42,March,4,Thursday,24,3
664,Dannie Fidler,Genderfluid,32,East Max,Tasmania,814,2021-03-04,2021-03-28,4092,11,96.0,3,288.0,Shirt,Oxford Cloth,S,yellow,78,March,4,Thursday,24,3
664,Dannie Fidler,Genderfluid,32,East Max,Tasmania,814,2021-03-04,2021-03-28,4091,398,119.0,3,357.0,Shirt,Casual Slim Fit,L,yellow,63,March,4,Thursday,24,3
664,Dannie Fidler,Genderfluid,32,East Max,Tasmania,168,2021-01-10,2021-01-27,807,605,112.0,2,224.0,Jacket,Cardigan,XS,yellow,46,January,10,Sunday,17,1
664,Dannie Fidler,Genderfluid,32,East Max,Tasmania,814,2021-03-04,2021-03-28,4093,983,106.0,1,106.0,Trousers,Wool,L,red,74,March,4,Thursday,24,3
664,Dannie Fidler,Genderfluid,32,East Max,Tasmania,168,2021-01-10,2021-01-27,805,19,96.0,1,96.0,Shirt,Oxford Cloth,XL,green,42,January,10,Sunday,17,1
664,Dannie Fidler,Genderfluid,32,East Max,Tasmania,168,2021-01-10,2021-01-27,804,1112,115.0,3,345.0,Trousers,Cropped,M,indigo,73,January,10,Sunday,17,1
664,Dannie Fidler,Genderfluid,32,East Max,Tasmania,168,2021-01-10,2021-01-27,803,1037,90.0,3,270.0,Trousers,Relaxed Leg,M,blue,72,January,10,Sunday,17,1
664,Dannie Fidler,Genderfluid,32,East Max,Tasmania,546,2021-04-29,2021-05-19,2732,153,91.0,2,182.0,Shirt,Linen,L,yellow,72,April,29,Thursday,20,4
664,Dannie Fidler,Genderfluid,32,East Max,Tasmania,546,2021-04-29,2021-05-19,2733,352,94.0,3,282.0,Shirt,Henley,M,red,52,April,29,Thursday,20,4
664,Dannie Fidler,Genderfluid,32,East Max,Tasmania,546,2021-04-29,2021-05-19,2734,79,118.0,1,118.0,Shirt,Flannel,XL,orange,50,April,29,Thursday,20,4
664,Dannie Fidler,Genderfluid,32,East Max,Tasmania,546,2021-04-29,2021-05-19,2735,961,97.0,2,194.0,Trousers,Slim-Fit,S,green,70,April,29,Thursday,20,4
664,Dannie Fidler,Genderfluid,32,East Max,Tasmania,546,2021-04-29,2021-05-19,2736,344,109.0,1,109.0,Shirt,Mandarin Collar,XL,indigo,77,April,29,Thursday,20,4
665,Jedidiah Sydall,Genderfluid,61,Kiehnstad,Australian Capital Territory,718,2021-05-13,2021-05-20,3587,1255,112.0,2,224.0,Trousers,Tracksuit Bottoms,XS,violet,67,May,13,Thursday,7,5
665,Jedidiah Sydall,Genderfluid,61,Kiehnstad,Australian Capital Territory,718,2021-05-13,2021-05-20,3588,921,96.0,2,192.0,Trousers,Drawstring,S,yellow,74,May,13,Thursday,7,5
665,Jedidiah Sydall,Genderfluid,61,Kiehnstad,Australian Capital Territory,718,2021-05-13,2021-05-20,3589,862,113.0,2,226.0,Trousers,Chinos,M,blue,41,May,13,Thursday,7,5
665,Jedidiah Sydall,Genderfluid,61,Kiehnstad,Australian Capital Territory,718,2021-05-13,2021-05-20,3578,231,106.0,1,106.0,Shirt,Chambray,S,blue,61,May,13,Thursday,7,5
665,Jedidiah Sydall,Genderfluid,61,Kiehnstad,Australian Capital Territory,718,2021-05-13,2021-05-20,3579,1070,93.0,1,93.0,Trousers,Joggers,XS,blue,67,May,13,Thursday,7,5
665,Jedidiah Sydall,Genderfluid,61,Kiehnstad,Australian Capital Territory,718,2021-05-13,2021-05-20,3580,935,96.0,1,96.0,Trousers,Drawstring,XS,indigo,61,May,13,Thursday,7,5
665,Jedidiah Sydall,Genderfluid,61,Kiehnstad,Australian Capital Territory,718,2021-05-13,2021-05-20,3581,848,113.0,2,226.0,Trousers,Chinos,L,orange,60,May,13,Thursday,7,5
665,Jedidiah Sydall,Genderfluid,61,Kiehnstad,Australian Capital Territory,718,2021-05-13,2021-05-20,3582,1248,112.0,2,224.0,Trousers,Tracksuit Bottoms,L,blue,72,May,13,Thursday,7,5
665,Jedidiah Sydall,Genderfluid,61,Kiehnstad,Australian Capital Territory,718,2021-05-13,2021-05-20,3583,1018,90.0,1,90.0,Trousers,Relaxed Leg,L,red,63,May,13,Thursday,7,5
665,Jedidiah Sydall,Genderfluid,61,Kiehnstad,Australian Capital Territory,718,2021-05-13,2021-05-20,3584,24,96.0,2,192.0,Shirt,Oxford Cloth,XL,blue,60,May,13,Thursday,7,5
665,Jedidiah Sydall,Genderfluid,61,Kiehnstad,Australian Capital Territory,718,2021-05-13,2021-05-20,3585,442,107.0,3,321.0,Jacket,Denim,M,blue,61,May,13,Thursday,7,5
665,Jedidiah Sydall,Genderfluid,61,Kiehnstad,Australian Capital Territory,718,2021-05-13,2021-05-20,3586,117,92.0,1,92.0,Shirt,Denim,M,yellow,67,May,13,Thursday,7,5
667,Annice Kelcey,Polygender,30,New Beau,Victoria,219,2021-01-05,2021-01-10,1068,872,113.0,1,113.0,Trousers,Chinos,M,violet,54,January,5,Tuesday,5,1
667,Annice Kelcey,Polygender,30,New Beau,Victoria,219,2021-01-05,2021-01-10,1069,288,105.0,1,105.0,Shirt,Cuban Collar,L,orange,65,January,5,Tuesday,5,1
667,Annice Kelcey,Polygender,30,New Beau,Victoria,219,2021-01-05,2021-01-10,1070,956,97.0,1,97.0,Trousers,Slim-Fit,S,yellow,54,January,5,Tuesday,5,1
667,Annice Kelcey,Polygender,30,New Beau,Victoria,219,2021-01-05,2021-01-10,1067,279,95.0,2,190.0,Shirt,Polo,XL,violet,79,January,5,Tuesday,5,1
669,Bobbi Pickerill,Genderfluid,68,Bauchland,Victoria,887,2021-01-27,2021-02-20,4450,356,94.0,2,188.0,Shirt,Henley,S,orange,46,January,27,Wednesday,24,1
669,Bobbi Pickerill,Genderfluid,68,Bauchland,Victoria,887,2021-01-27,2021-02-20,4452,977,97.0,2,194.0,Trousers,Slim-Fit,M,violet,51,January,27,Wednesday,24,1
669,Bobbi Pickerill,Genderfluid,68,Bauchland,Victoria,887,2021-01-27,2021-02-20,4449,153,91.0,1,91.0,Shirt,Linen,L,yellow,72,January,27,Wednesday,24,1
669,Bobbi Pickerill,Genderfluid,68,Bauchland,Victoria,887,2021-01-27,2021-02-20,4451,905,94.0,2,188.0,Trousers,Cords,XS,violet,76,January,27,Wednesday,24,1
669,Bobbi Pickerill,Genderfluid,68,Bauchland,Victoria,887,2021-01-27,2021-02-20,4453,192,98.0,2,196.0,Shirt,Camp Collared,M,green,41,January,27,Wednesday,24,1
673,Carlynn McCabe,Male,59,New Angelina,South Australia,343,2021-09-17,2021-10-06,1685,756,109.0,3,327.0,Jacket,Peacoat,S,blue,50,September,17,Friday,19,9
673,Carlynn McCabe,Male,59,New Angelina,South Australia,343,2021-09-17,2021-10-06,1684,378,94.0,2,188.0,Shirt,Henley,L,indigo,44,September,17,Friday,19,9
673,Carlynn McCabe,Male,59,New Angelina,South Australia,343,2021-09-17,2021-10-06,1683,830,117.0,1,117.0,Jacket,Shearling,XS,indigo,68,September,17,Friday,19,9
674,Marthena Matterson,Bigender,36,Goodwinmouth,South Australia,154,2021-10-17,2021-11-07,728,630,93.0,2,186.0,Jacket,Coach,XS,red,71,October,17,Sunday,21,10
674,Marthena Matterson,Bigender,36,Goodwinmouth,South Australia,154,2021-10-17,2021-11-07,725,347,109.0,1,109.0,Shirt,Mandarin Collar,M,violet,76,October,17,Sunday,21,10
674,Marthena Matterson,Bigender,36,Goodwinmouth,South Australia,154,2021-10-17,2021-11-07,727,174,91.0,1,91.0,Shirt,Linen,XL,violet,73,October,17,Sunday,21,10
674,Marthena Matterson,Bigender,36,Goodwinmouth,South Australia,725,2021-09-26,2021-10-05,3625,265,95.0,3,285.0,Shirt,Polo,XS,blue,56,September,26,Sunday,9,9
674,Marthena Matterson,Bigender,36,Goodwinmouth,South Australia,725,2021-09-26,2021-10-05,3627,1217,105.0,3,315.0,Trousers,Pleated,M,indigo,48,September,26,Sunday,9,9
674,Marthena Matterson,Bigender,36,Goodwinmouth,South Australia,725,2021-09-26,2021-10-05,3626,32,96.0,1,96.0,Shirt,Oxford Cloth,M,violet,65,September,26,Sunday,9,9
674,Marthena Matterson,Bigender,36,Goodwinmouth,South Australia,725,2021-09-26,2021-10-05,3628,1234,112.0,1,112.0,Trousers,Tracksuit Bottoms,XL,orange,42,September,26,Sunday,9,9
674,Marthena Matterson,Bigender,36,Goodwinmouth,South Australia,154,2021-10-17,2021-11-07,729,625,112.0,2,224.0,Jacket,Cardigan,XS,violet,40,October,17,Sunday,21,10
674,Marthena Matterson,Bigender,36,Goodwinmouth,South Australia,154,2021-10-17,2021-11-07,726,1043,90.0,1,90.0,Trousers,Relaxed Leg,L,indigo,48,October,17,Sunday,21,10
676,Haslett Edwins,Bigender,59,Kaylafurt,Northern Territory,509,2021-01-02,2021-01-25,2525,457,118.0,2,236.0,Jacket,Puffer,M,red,62,January,2,Saturday,23,1
676,Haslett Edwins,Bigender,59,Kaylafurt,Northern Territory,509,2021-01-02,2021-01-25,2529,624,112.0,2,224.0,Jacket,Cardigan,XL,indigo,78,January,2,Saturday,23,1
676,Haslett Edwins,Bigender,59,Kaylafurt,Northern Territory,509,2021-01-02,2021-01-25,2527,841,113.0,3,339.0,Trousers,Chinos,S,red,62,January,2,Saturday,23,1
676,Haslett Edwins,Bigender,59,Kaylafurt,Northern Territory,509,2021-01-02,2021-01-25,2526,126,92.0,2,184.0,Shirt,Denim,S,blue,47,January,2,Saturday,23,1
676,Haslett Edwins,Bigender,59,Kaylafurt,Northern Territory,509,2021-01-02,2021-01-25,2528,513,102.0,3,306.0,Jacket,Windbreaker,L,blue,41,January,2,Saturday,23,1
677,Nady Buston,Female,33,North Mikayla,Tasmania,983,2021-07-12,2021-07-14,4913,1225,112.0,3,336.0,Trousers,Tracksuit Bottoms,XS,red,55,July,12,Monday,2,7
677,Nady Buston,Female,33,North Mikayla,Tasmania,672,2021-02-12,2021-02-25,3334,523,102.0,3,306.0,Jacket,Windbreaker,L,violet,72,February,12,Friday,13,2
677,Nady Buston,Female,33,North Mikayla,Tasmania,983,2021-07-12,2021-07-14,4915,1088,115.0,3,345.0,Trousers,Cropped,L,red,63,July,12,Monday,2,7
677,Nady Buston,Female,33,North Mikayla,Tasmania,983,2021-07-12,2021-07-14,4916,325,109.0,3,327.0,Shirt,Mandarin Collar,XS,yellow,45,July,12,Monday,2,7
677,Nady Buston,Female,33,North Mikayla,Tasmania,983,2021-07-12,2021-07-14,4914,921,96.0,1,96.0,Trousers,Drawstring,S,yellow,74,July,12,Monday,2,7
677,Nady Buston,Female,33,North Mikayla,Tasmania,672,2021-02-12,2021-02-25,3335,663,93.0,2,186.0,Jacket,Coach,L,violet,80,February,12,Friday,13,2
677,Nady Buston,Female,33,North Mikayla,Tasmania,672,2021-02-12,2021-02-25,3337,708,119.0,3,357.0,Jacket,Trench Coat,L,orange,70,February,12,Friday,13,2
677,Nady Buston,Female,33,North Mikayla,Tasmania,983,2021-07-12,2021-07-14,4917,667,113.0,1,113.0,Jacket,Parka,M,red,56,July,12,Monday,2,7
677,Nady Buston,Female,33,North Mikayla,Tasmania,672,2021-02-12,2021-02-25,3338,275,95.0,3,285.0,Shirt,Polo,XS,violet,67,February,12,Friday,13,2
677,Nady Buston,Female,33,North Mikayla,Tasmania,672,2021-02-12,2021-02-25,3336,1004,106.0,3,318.0,Trousers,Wool,XL,blue,41,February,12,Friday,13,2
678,Dare Andrich,Agender,79,East Alex,New South Wales,213,2021-09-14,2021-09-27,1039,759,109.0,3,327.0,Jacket,Peacoat,XL,blue,77,September,14,Tuesday,13,9
678,Dare Andrich,Agender,79,East Alex,New South Wales,213,2021-09-14,2021-09-27,1041,737,109.0,1,109.0,Jacket,Peacoat,M,red,59,September,14,Tuesday,13,9
678,Dare Andrich,Agender,79,East Alex,New South Wales,213,2021-09-14,2021-09-27,1038,907,94.0,1,94.0,Trousers,Cords,M,violet,77,September,14,Tuesday,13,9
678,Dare Andrich,Agender,79,East Alex,New South Wales,213,2021-09-14,2021-09-27,1042,55,104.0,1,104.0,Shirt,Dress,XS,blue,41,September,14,Tuesday,13,9
678,Dare Andrich,Agender,79,East Alex,New South Wales,213,2021-09-14,2021-09-27,1043,522,102.0,3,306.0,Jacket,Windbreaker,M,violet,64,September,14,Tuesday,13,9
678,Dare Andrich,Agender,79,East Alex,New South Wales,213,2021-09-14,2021-09-27,1040,1007,106.0,2,212.0,Trousers,Wool,M,indigo,56,September,14,Tuesday,13,9
678,Dare Andrich,Agender,79,East Alex,New South Wales,213,2021-09-14,2021-09-27,1037,262,95.0,3,285.0,Shirt,Polo,M,green,62,September,14,Tuesday,13,9
679,Osgood Percifer,Genderqueer,76,Cameronton,Western Australia,520,2021-02-04,2021-03-01,2589,30,96.0,3,288.0,Shirt,Oxford Cloth,XS,violet,74,February,4,Thursday,25,2
679,Osgood Percifer,Genderqueer,76,Cameronton,Western Australia,307,2021-10-11,2021-10-28,1501,1177,99.0,3,297.0,Trousers,High-Waisted,M,blue,52,October,11,Monday,17,10
679,Osgood Percifer,Genderqueer,76,Cameronton,Western Australia,520,2021-02-04,2021-03-01,2595,1052,93.0,2,186.0,Trousers,Joggers,M,red,43,February,4,Thursday,25,2
679,Osgood Percifer,Genderqueer,76,Cameronton,Western Australia,520,2021-02-04,2021-03-01,2592,975,97.0,1,97.0,Trousers,Slim-Fit,XS,violet,70,February,4,Thursday,25,2
679,Osgood Percifer,Genderqueer,76,Cameronton,Western Australia,520,2021-02-04,2021-03-01,2591,1091,115.0,2,230.0,Trousers,Cropped,S,orange,78,February,4,Thursday,25,2
679,Osgood Percifer,Genderqueer,76,Cameronton,Western Australia,520,2021-02-04,2021-03-01,2590,465,118.0,2,236.0,Jacket,Puffer,XS,yellow,55,February,4,Thursday,25,2
679,Osgood Percifer,Genderqueer,76,Cameronton,Western Australia,520,2021-02-04,2021-03-01,2596,204,98.0,1,98.0,Shirt,Camp Collared,XL,indigo,42,February,4,Thursday,25,2
679,Osgood Percifer,Genderqueer,76,Cameronton,Western Australia,520,2021-02-04,2021-03-01,2588,1136,102.0,2,204.0,Trousers,Cargo Pants,S,green,79,February,4,Thursday,25,2
679,Osgood Percifer,Genderqueer,76,Cameronton,Western Australia,520,2021-02-04,2021-03-01,2587,920,96.0,2,192.0,Trousers,Drawstring,XS,yellow,41,February,4,Thursday,25,2
679,Osgood Percifer,Genderqueer,76,Cameronton,Western Australia,520,2021-02-04,2021-03-01,2593,138,92.0,1,92.0,Shirt,Denim,L,violet,78,February,4,Thursday,25,2
679,Osgood Percifer,Genderqueer,76,Cameronton,Western Australia,307,2021-10-11,2021-10-28,1498,349,109.0,1,109.0,Shirt,Mandarin Collar,XL,violet,71,October,11,Monday,17,10
679,Osgood Percifer,Genderqueer,76,Cameronton,Western Australia,307,2021-10-11,2021-10-28,1500,1070,93.0,2,186.0,Trousers,Joggers,XS,blue,67,October,11,Monday,17,10
679,Osgood Percifer,Genderqueer,76,Cameronton,Western Australia,520,2021-02-04,2021-03-01,2594,954,97.0,3,291.0,Trousers,Slim-Fit,XL,orange,78,February,4,Thursday,25,2
679,Osgood Percifer,Genderqueer,76,Cameronton,Western Australia,307,2021-10-11,2021-10-28,1499,886,94.0,3,282.0,Trousers,Cords,S,yellow,68,October,11,Monday,17,10
680,Camellia Heatherington,Bigender,78,Taylorfurt,New South Wales,77,2021-04-19,2021-04-29,338,535,98.0,3,294.0,Jacket,Leather,XS,yellow,73,April,19,Monday,10,4
680,Camellia Heatherington,Bigender,78,Taylorfurt,New South Wales,77,2021-04-19,2021-04-29,343,782,91.0,3,273.0,Jacket,Pullover,M,yellow,49,April,19,Monday,10,4
680,Camellia Heatherington,Bigender,78,Taylorfurt,New South Wales,77,2021-04-19,2021-04-29,342,878,94.0,3,282.0,Trousers,Cords,L,red,53,April,19,Monday,10,4
680,Camellia Heatherington,Bigender,78,Taylorfurt,New South Wales,77,2021-04-19,2021-04-29,337,614,112.0,1,112.0,Jacket,Cardigan,XL,green,64,April,19,Monday,10,4
680,Camellia Heatherington,Bigender,78,Taylorfurt,New South Wales,77,2021-04-19,2021-04-29,339,1165,99.0,2,198.0,Trousers,High-Waisted,XS,yellow,64,April,19,Monday,10,4
680,Camellia Heatherington,Bigender,78,Taylorfurt,New South Wales,77,2021-04-19,2021-04-29,341,1221,105.0,1,105.0,Trousers,Pleated,S,violet,50,April,19,Monday,10,4
680,Camellia Heatherington,Bigender,78,Taylorfurt,New South Wales,77,2021-04-19,2021-04-29,336,390,119.0,3,357.0,Shirt,Casual Slim Fit,XS,orange,43,April,19,Monday,10,4
680,Camellia Heatherington,Bigender,78,Taylorfurt,New South Wales,77,2021-04-19,2021-04-29,334,81,118.0,3,354.0,Shirt,Flannel,S,yellow,42,April,19,Monday,10,4
680,Camellia Heatherington,Bigender,78,Taylorfurt,New South Wales,77,2021-04-19,2021-04-29,335,672,113.0,1,113.0,Jacket,Parka,M,orange,51,April,19,Monday,10,4
680,Camellia Heatherington,Bigender,78,Taylorfurt,New South Wales,77,2021-04-19,2021-04-29,340,364,94.0,1,94.0,Shirt,Henley,XL,yellow,55,April,19,Monday,10,4
680,Camellia Heatherington,Bigender,78,Taylorfurt,New South Wales,77,2021-04-19,2021-04-29,345,577,100.0,2,200.0,Jacket,Bomber,M,green,61,April,19,Monday,10,4
680,Camellia Heatherington,Bigender,78,Taylorfurt,New South Wales,854,2021-08-10,2021-08-27,4289,35,104.0,3,312.0,Shirt,Dress,XS,red,63,August,10,Tuesday,17,8
680,Camellia Heatherington,Bigender,78,Taylorfurt,New South Wales,77,2021-04-19,2021-04-29,344,819,117.0,3,351.0,Jacket,Shearling,XL,yellow,63,April,19,Monday,10,4
680,Camellia Heatherington,Bigender,78,Taylorfurt,New South Wales,627,2021-04-03,2021-04-08,3107,94,118.0,1,118.0,Shirt,Flannel,XL,blue,61,April,3,Saturday,5,4
680,Camellia Heatherington,Bigender,78,Taylorfurt,New South Wales,627,2021-04-03,2021-04-08,3108,1074,93.0,2,186.0,Trousers,Joggers,XL,blue,52,April,3,Saturday,5,4
681,Shermy Mulbry,Polygender,79,West Alyssaton,Victoria,78,2021-05-13,2021-05-29,347,1086,115.0,2,230.0,Trousers,Cropped,S,red,47,May,13,Thursday,16,5
681,Shermy Mulbry,Polygender,79,West Alyssaton,Victoria,78,2021-05-13,2021-05-29,346,733,119.0,3,357.0,Jacket,Trench Coat,L,violet,76,May,13,Thursday,16,5
681,Shermy Mulbry,Polygender,79,West Alyssaton,Victoria,78,2021-05-13,2021-05-29,348,1001,106.0,2,212.0,Trousers,Wool,S,blue,55,May,13,Thursday,16,5
682,Alon Abramsky,Polygender,27,Sofiahaven,Western Australia,613,2021-05-23,2021-06-07,3053,1106,115.0,3,345.0,Trousers,Cropped,S,blue,62,May,23,Sunday,15,5
682,Alon Abramsky,Polygender,27,Sofiahaven,Western Australia,613,2021-05-23,2021-06-07,3051,624,112.0,1,112.0,Jacket,Cardigan,XL,indigo,78,May,23,Sunday,15,5
682,Alon Abramsky,Polygender,27,Sofiahaven,Western Australia,613,2021-05-23,2021-06-07,3050,777,91.0,1,91.0,Jacket,Pullover,M,orange,60,May,23,Sunday,15,5
682,Alon Abramsky,Polygender,27,Sofiahaven,Western Australia,613,2021-05-23,2021-06-07,3054,448,107.0,3,321.0,Jacket,Denim,L,indigo,67,May,23,Sunday,15,5
682,Alon Abramsky,Polygender,27,Sofiahaven,Western Australia,613,2021-05-23,2021-06-07,3052,405,119.0,2,238.0,Shirt,Casual Slim Fit,XS,blue,55,May,23,Sunday,15,5
682,Alon Abramsky,Polygender,27,Sofiahaven,Western Australia,613,2021-05-23,2021-06-07,3049,405,119.0,1,119.0,Shirt,Casual Slim Fit,XS,blue,55,May,23,Sunday,15,5
683,Esteban Hensmans,Genderfluid,45,West Finnberg,Australian Capital Territory,252,2021-01-11,2021-02-05,1225,364,94.0,3,282.0,Shirt,Henley,XL,yellow,55,January,11,Monday,25,1
683,Esteban Hensmans,Genderfluid,45,West Finnberg,Australian Capital Territory,252,2021-01-11,2021-02-05,1223,627,112.0,3,336.0,Jacket,Cardigan,M,violet,75,January,11,Monday,25,1
683,Esteban Hensmans,Genderfluid,45,West Finnberg,Australian Capital Territory,252,2021-01-11,2021-02-05,1221,728,119.0,3,357.0,Jacket,Trench Coat,L,indigo,71,January,11,Monday,25,1
683,Esteban Hensmans,Genderfluid,45,West Finnberg,Australian Capital Territory,783,2021-01-17,2021-01-19,3920,1121,102.0,2,204.0,Trousers,Cargo Pants,S,red,63,January,17,Sunday,2,1
683,Esteban Hensmans,Genderfluid,45,West Finnberg,Australian Capital Territory,783,2021-01-17,2021-01-19,3918,705,119.0,1,119.0,Jacket,Trench Coat,XS,orange,69,January,17,Sunday,2,1
683,Esteban Hensmans,Genderfluid,45,West Finnberg,Australian Capital Territory,783,2021-01-17,2021-01-19,3916,88,118.0,1,118.0,Shirt,Flannel,L,green,72,January,17,Sunday,2,1
683,Esteban Hensmans,Genderfluid,45,West Finnberg,Australian Capital Territory,783,2021-01-17,2021-01-19,3919,69,104.0,1,104.0,Shirt,Dress,XL,violet,77,January,17,Sunday,2,1
683,Esteban Hensmans,Genderfluid,45,West Finnberg,Australian Capital Territory,783,2021-01-17,2021-01-19,3917,458,118.0,2,236.0,Jacket,Puffer,L,red,44,January,17,Sunday,2,1
683,Esteban Hensmans,Genderfluid,45,West Finnberg,Australian Capital Territory,312,2021-07-06,2021-07-31,1523,684,113.0,2,226.0,Jacket,Parka,XL,green,55,July,6,Tuesday,25,7
683,Esteban Hensmans,Genderfluid,45,West Finnberg,Australian Capital Territory,312,2021-07-06,2021-07-31,1524,836,117.0,1,117.0,Jacket,Shearling,S,violet,49,July,6,Tuesday,25,7
683,Esteban Hensmans,Genderfluid,45,West Finnberg,Australian Capital Territory,312,2021-07-06,2021-07-31,1520,155,91.0,2,182.0,Shirt,Linen,XS,green,49,July,6,Tuesday,25,7
683,Esteban Hensmans,Genderfluid,45,West Finnberg,Australian Capital Territory,312,2021-07-06,2021-07-31,1518,899,94.0,3,282.0,Trousers,Cords,XL,blue,65,July,6,Tuesday,25,7
683,Esteban Hensmans,Genderfluid,45,West Finnberg,Australian Capital Territory,312,2021-07-06,2021-07-31,1517,31,96.0,2,192.0,Shirt,Oxford Cloth,S,violet,41,July,6,Tuesday,25,7
683,Esteban Hensmans,Genderfluid,45,West Finnberg,Australian Capital Territory,312,2021-07-06,2021-07-31,1519,713,119.0,1,119.0,Jacket,Trench Coat,L,yellow,77,July,6,Tuesday,25,7
683,Esteban Hensmans,Genderfluid,45,West Finnberg,Australian Capital Territory,312,2021-07-06,2021-07-31,1521,78,118.0,2,236.0,Shirt,Flannel,L,orange,59,July,6,Tuesday,25,7
683,Esteban Hensmans,Genderfluid,45,West Finnberg,Australian Capital Territory,312,2021-07-06,2021-07-31,1516,285,105.0,2,210.0,Shirt,Cuban Collar,XS,orange,62,July,6,Tuesday,25,7
683,Esteban Hensmans,Genderfluid,45,West Finnberg,Australian Capital Territory,312,2021-07-06,2021-07-31,1522,895,94.0,3,282.0,Trousers,Cords,XS,blue,60,July,6,Tuesday,25,7
683,Esteban Hensmans,Genderfluid,45,West Finnberg,Australian Capital Territory,312,2021-07-06,2021-07-31,1526,949,97.0,1,97.0,Trousers,Slim-Fit,XL,red,67,July,6,Tuesday,25,7
683,Esteban Hensmans,Genderfluid,45,West Finnberg,Australian Capital Territory,312,2021-07-06,2021-07-31,1525,1239,112.0,3,336.0,Trousers,Tracksuit Bottoms,XL,yellow,59,July,6,Tuesday,25,7
683,Esteban Hensmans,Genderfluid,45,West Finnberg,Australian Capital Territory,252,2021-01-11,2021-02-05,1220,662,93.0,3,279.0,Jacket,Coach,M,violet,74,January,11,Monday,25,1
683,Esteban Hensmans,Genderfluid,45,West Finnberg,Australian Capital Territory,252,2021-01-11,2021-02-05,1219,524,102.0,2,204.0,Jacket,Windbreaker,XL,violet,54,January,11,Monday,25,1
683,Esteban Hensmans,Genderfluid,45,West Finnberg,Australian Capital Territory,252,2021-01-11,2021-02-05,1218,397,119.0,2,238.0,Shirt,Casual Slim Fit,M,yellow,76,January,11,Monday,25,1
683,Esteban Hensmans,Genderfluid,45,West Finnberg,Australian Capital Territory,252,2021-01-11,2021-02-05,1217,772,91.0,1,91.0,Jacket,Pullover,M,red,55,January,11,Monday,25,1
683,Esteban Hensmans,Genderfluid,45,West Finnberg,Australian Capital Territory,252,2021-01-11,2021-02-05,1224,98,118.0,3,354.0,Shirt,Flannel,L,indigo,62,January,11,Monday,25,1
683,Esteban Hensmans,Genderfluid,45,West Finnberg,Australian Capital Territory,252,2021-01-11,2021-02-05,1226,1104,115.0,2,230.0,Trousers,Cropped,XL,green,49,January,11,Monday,25,1
683,Esteban Hensmans,Genderfluid,45,West Finnberg,Australian Capital Territory,252,2021-01-11,2021-02-05,1222,859,113.0,2,226.0,Trousers,Chinos,XL,green,50,January,11,Monday,25,1
684,Camala Llywarch,Agender,78,Laurenview,Western Australia,806,2021-08-01,2021-08-16,4051,482,118.0,3,354.0,Jacket,Puffer,M,indigo,49,August,1,Sunday,15,8
684,Camala Llywarch,Agender,78,Laurenview,Western Australia,806,2021-08-01,2021-08-16,4050,522,102.0,1,102.0,Jacket,Windbreaker,M,violet,64,August,1,Sunday,15,8
686,Elbertina Gaish,Polygender,22,Dickensshire,Victoria,322,2021-08-17,2021-09-12,1577,967,97.0,1,97.0,Trousers,Slim-Fit,M,blue,75,August,17,Tuesday,26,8
686,Elbertina Gaish,Polygender,22,Dickensshire,Victoria,322,2021-08-17,2021-09-12,1579,348,109.0,1,109.0,Shirt,Mandarin Collar,L,violet,54,August,17,Tuesday,26,8
686,Elbertina Gaish,Polygender,22,Dickensshire,Victoria,322,2021-08-17,2021-09-12,1580,152,91.0,3,273.0,Shirt,Linen,M,yellow,59,August,17,Tuesday,26,8
686,Elbertina Gaish,Polygender,22,Dickensshire,Victoria,322,2021-08-17,2021-09-12,1578,537,98.0,2,196.0,Jacket,Leather,M,yellow,77,August,17,Tuesday,26,8
686,Elbertina Gaish,Polygender,22,Dickensshire,Victoria,322,2021-08-17,2021-09-12,1575,797,91.0,2,182.0,Jacket,Pullover,M,indigo,72,August,17,Tuesday,26,8
686,Elbertina Gaish,Polygender,22,Dickensshire,Victoria,322,2021-08-17,2021-09-12,1576,997,106.0,2,212.0,Trousers,Wool,M,green,41,August,17,Tuesday,26,8
686,Elbertina Gaish,Polygender,22,Dickensshire,Victoria,322,2021-08-17,2021-09-12,1574,236,106.0,2,212.0,Shirt,Chambray,S,indigo,59,August,17,Tuesday,26,8
687,Amalia Eallis,Bigender,22,East Ruby,New South Wales,708,2021-10-24,2021-11-10,3522,937,96.0,2,192.0,Trousers,Drawstring,M,indigo,58,October,24,Sunday,17,10
687,Amalia Eallis,Bigender,22,East Ruby,New South Wales,708,2021-10-24,2021-11-10,3523,867,113.0,3,339.0,Trousers,Chinos,M,indigo,64,October,24,Sunday,17,10
687,Amalia Eallis,Bigender,22,East Ruby,New South Wales,708,2021-10-24,2021-11-10,3520,1099,115.0,1,115.0,Trousers,Cropped,XL,yellow,68,October,24,Sunday,17,10
687,Amalia Eallis,Bigender,22,East Ruby,New South Wales,708,2021-10-24,2021-11-10,3521,159,91.0,2,182.0,Shirt,Linen,XL,green,51,October,24,Sunday,17,10
687,Amalia Eallis,Bigender,22,East Ruby,New South Wales,708,2021-10-24,2021-11-10,3524,180,98.0,3,294.0,Shirt,Camp Collared,XS,orange,52,October,24,Sunday,17,10
690,Arlie Bowman,Genderqueer,34,Port Annabelle,Northern Territory,615,2021-01-31,2021-02-10,3063,385,119.0,1,119.0,Shirt,Casual Slim Fit,XS,red,49,January,31,Sunday,10,1
690,Arlie Bowman,Genderqueer,34,Port Annabelle,Northern Territory,42,2021-07-29,2021-08-02,200,330,109.0,1,109.0,Shirt,Mandarin Collar,XS,green,63,July,29,Thursday,4,7
690,Arlie Bowman,Genderqueer,34,Port Annabelle,Northern Territory,499,2021-10-24,2021-10-26,2457,180,98.0,1,98.0,Shirt,Camp Collared,XS,orange,52,October,24,Sunday,2,10
690,Arlie Bowman,Genderqueer,34,Port Annabelle,Northern Territory,499,2021-10-24,2021-10-26,2460,1217,105.0,3,315.0,Trousers,Pleated,M,indigo,48,October,24,Sunday,2,10
690,Arlie Bowman,Genderqueer,34,Port Annabelle,Northern Territory,42,2021-07-29,2021-08-02,199,978,97.0,2,194.0,Trousers,Slim-Fit,L,violet,58,July,29,Thursday,4,7
690,Arlie Bowman,Genderqueer,34,Port Annabelle,Northern Territory,42,2021-07-29,2021-08-02,198,866,113.0,1,113.0,Trousers,Chinos,S,indigo,67,July,29,Thursday,4,7
690,Arlie Bowman,Genderqueer,34,Port Annabelle,Northern Territory,42,2021-07-29,2021-08-02,201,1225,112.0,1,112.0,Trousers,Tracksuit Bottoms,XS,red,55,July,29,Thursday,4,7
690,Arlie Bowman,Genderqueer,34,Port Annabelle,Northern Territory,499,2021-10-24,2021-10-26,2459,17,96.0,2,192.0,Shirt,Oxford Cloth,M,green,60,October,24,Sunday,2,10
690,Arlie Bowman,Genderqueer,34,Port Annabelle,Northern Territory,499,2021-10-24,2021-10-26,2461,96,118.0,3,354.0,Shirt,Flannel,S,indigo,74,October,24,Sunday,2,10
690,Arlie Bowman,Genderqueer,34,Port Annabelle,Northern Territory,499,2021-10-24,2021-10-26,2458,1022,90.0,1,90.0,Trousers,Relaxed Leg,M,orange,74,October,24,Sunday,2,10
690,Arlie Bowman,Genderqueer,34,Port Annabelle,Northern Territory,499,2021-10-24,2021-10-26,2463,889,94.0,3,282.0,Trousers,Cords,XL,yellow,65,October,24,Sunday,2,10
690,Arlie Bowman,Genderqueer,34,Port Annabelle,Northern Territory,615,2021-01-31,2021-02-10,3061,491,102.0,3,306.0,Jacket,Windbreaker,S,red,54,January,31,Sunday,10,1
690,Arlie Bowman,Genderqueer,34,Port Annabelle,Northern Territory,615,2021-01-31,2021-02-10,3064,782,91.0,2,182.0,Jacket,Pullover,M,yellow,49,January,31,Sunday,10,1
690,Arlie Bowman,Genderqueer,34,Port Annabelle,Northern Territory,499,2021-10-24,2021-10-26,2464,132,92.0,3,276.0,Shirt,Denim,M,indigo,56,October,24,Sunday,2,10
690,Arlie Bowman,Genderqueer,34,Port Annabelle,Northern Territory,499,2021-10-24,2021-10-26,2462,1104,115.0,3,345.0,Trousers,Cropped,XL,green,49,October,24,Sunday,2,10
690,Arlie Bowman,Genderqueer,34,Port Annabelle,Northern Territory,615,2021-01-31,2021-02-10,3060,948,97.0,3,291.0,Trousers,Slim-Fit,L,red,80,January,31,Sunday,10,1
690,Arlie Bowman,Genderqueer,34,Port Annabelle,Northern Territory,615,2021-01-31,2021-02-10,3062,1213,105.0,3,315.0,Trousers,Pleated,L,blue,79,January,31,Sunday,10,1
691,Silvie Bortol,Genderfluid,73,Abigailshire,New South Wales,421,2021-09-28,2021-10-09,2093,755,109.0,3,327.0,Jacket,Peacoat,XS,blue,48,September,28,Tuesday,11,9
691,Silvie Bortol,Genderfluid,73,Abigailshire,New South Wales,421,2021-09-28,2021-10-09,2092,767,109.0,2,218.0,Jacket,Peacoat,M,violet,77,September,28,Tuesday,11,9
691,Silvie Bortol,Genderfluid,73,Abigailshire,New South Wales,421,2021-09-28,2021-10-09,2096,634,93.0,2,186.0,Jacket,Coach,XL,red,46,September,28,Tuesday,11,9
691,Silvie Bortol,Genderfluid,73,Abigailshire,New South Wales,421,2021-09-28,2021-10-09,2097,723,119.0,1,119.0,Jacket,Trench Coat,L,blue,50,September,28,Tuesday,11,9
691,Silvie Bortol,Genderfluid,73,Abigailshire,New South Wales,652,2021-03-09,2021-03-27,3242,386,119.0,2,238.0,Shirt,Casual Slim Fit,S,red,50,March,9,Tuesday,18,3
691,Silvie Bortol,Genderfluid,73,Abigailshire,New South Wales,652,2021-03-09,2021-03-27,3241,908,94.0,3,282.0,Trousers,Cords,L,violet,74,March,9,Tuesday,18,3
691,Silvie Bortol,Genderfluid,73,Abigailshire,New South Wales,421,2021-09-28,2021-10-09,2094,146,91.0,3,273.0,Shirt,Linen,S,orange,42,September,28,Tuesday,11,9
691,Silvie Bortol,Genderfluid,73,Abigailshire,New South Wales,421,2021-09-28,2021-10-09,2095,572,100.0,3,300.0,Jacket,Bomber,M,yellow,71,September,28,Tuesday,11,9
691,Silvie Bortol,Genderfluid,73,Abigailshire,New South Wales,652,2021-03-09,2021-03-27,3240,516,102.0,2,204.0,Jacket,Windbreaker,S,indigo,62,March,9,Tuesday,18,3
692,Perceval Umbers,Bigender,20,Laraview,Tasmania,606,2021-01-31,2021-02-08,3019,251,95.0,1,95.0,Shirt,Polo,S,orange,78,January,31,Sunday,8,1
692,Perceval Umbers,Bigender,20,Laraview,Tasmania,589,2021-06-25,2021-07-20,2953,754,109.0,2,218.0,Jacket,Peacoat,XL,green,68,June,25,Friday,25,6
692,Perceval Umbers,Bigender,20,Laraview,Tasmania,589,2021-06-25,2021-07-20,2954,566,100.0,1,100.0,Jacket,Bomber,S,orange,49,June,25,Friday,25,6
692,Perceval Umbers,Bigender,20,Laraview,Tasmania,589,2021-06-25,2021-07-20,2955,1009,106.0,1,106.0,Trousers,Wool,XL,indigo,51,June,25,Friday,25,6
692,Perceval Umbers,Bigender,20,Laraview,Tasmania,606,2021-01-31,2021-02-08,3024,782,91.0,1,91.0,Jacket,Pullover,M,yellow,49,January,31,Sunday,8,1
692,Perceval Umbers,Bigender,20,Laraview,Tasmania,606,2021-01-31,2021-02-08,3022,486,118.0,2,236.0,Jacket,Puffer,S,violet,46,January,31,Sunday,8,1
692,Perceval Umbers,Bigender,20,Laraview,Tasmania,606,2021-01-31,2021-02-08,3021,163,91.0,1,91.0,Shirt,Linen,L,blue,70,January,31,Sunday,8,1
692,Perceval Umbers,Bigender,20,Laraview,Tasmania,606,2021-01-31,2021-02-08,3023,472,118.0,3,354.0,Jacket,Puffer,M,green,72,January,31,Sunday,8,1
692,Perceval Umbers,Bigender,20,Laraview,Tasmania,589,2021-06-25,2021-07-20,2957,283,105.0,2,210.0,Shirt,Cuban Collar,L,red,45,June,25,Friday,25,6
692,Perceval Umbers,Bigender,20,Laraview,Tasmania,606,2021-01-31,2021-02-08,3020,372,94.0,3,282.0,Shirt,Henley,M,blue,42,January,31,Sunday,8,1
692,Perceval Umbers,Bigender,20,Laraview,Tasmania,589,2021-06-25,2021-07-20,2962,488,118.0,3,354.0,Jacket,Puffer,L,violet,49,June,25,Friday,25,6
692,Perceval Umbers,Bigender,20,Laraview,Tasmania,589,2021-06-25,2021-07-20,2961,404,119.0,1,119.0,Shirt,Casual Slim Fit,XL,green,41,June,25,Friday,25,6
692,Perceval Umbers,Bigender,20,Laraview,Tasmania,589,2021-06-25,2021-07-20,2960,265,95.0,3,285.0,Shirt,Polo,XS,blue,56,June,25,Friday,25,6
692,Perceval Umbers,Bigender,20,Laraview,Tasmania,589,2021-06-25,2021-07-20,2959,1224,105.0,2,210.0,Trousers,Pleated,XL,violet,65,June,25,Friday,25,6
692,Perceval Umbers,Bigender,20,Laraview,Tasmania,589,2021-06-25,2021-07-20,2956,955,97.0,2,194.0,Trousers,Slim-Fit,XS,yellow,59,June,25,Friday,25,6
692,Perceval Umbers,Bigender,20,Laraview,Tasmania,589,2021-06-25,2021-07-20,2958,133,92.0,1,92.0,Shirt,Denim,L,indigo,58,June,25,Friday,25,6
693,Hetti Fibbens,Genderqueer,45,Beattychester,Queensland,749,2021-09-20,2021-09-24,3744,746,109.0,1,109.0,Jacket,Peacoat,S,yellow,49,September,20,Monday,4,9
693,Hetti Fibbens,Genderqueer,45,Beattychester,Queensland,749,2021-09-20,2021-09-24,3749,12,96.0,3,288.0,Shirt,Oxford Cloth,M,yellow,56,September,20,Monday,4,9
693,Hetti Fibbens,Genderqueer,45,Beattychester,Queensland,749,2021-09-20,2021-09-24,3750,120,92.0,1,92.0,Shirt,Denim,XS,green,66,September,20,Monday,4,9
693,Hetti Fibbens,Genderqueer,45,Beattychester,Queensland,596,2021-06-13,2021-06-27,2991,544,98.0,2,196.0,Jacket,Leather,XL,green,58,June,13,Sunday,14,6
693,Hetti Fibbens,Genderqueer,45,Beattychester,Queensland,596,2021-06-13,2021-06-27,2992,294,105.0,1,105.0,Shirt,Cuban Collar,XL,yellow,76,June,13,Sunday,14,6
693,Hetti Fibbens,Genderqueer,45,Beattychester,Queensland,442,2021-03-24,2021-03-30,2198,1242,112.0,2,224.0,Trousers,Tracksuit Bottoms,M,green,47,March,24,Wednesday,6,3
693,Hetti Fibbens,Genderqueer,45,Beattychester,Queensland,442,2021-03-24,2021-03-30,2199,970,97.0,1,97.0,Trousers,Slim-Fit,XS,indigo,74,March,24,Wednesday,6,3
693,Hetti Fibbens,Genderqueer,45,Beattychester,Queensland,442,2021-03-24,2021-03-30,2200,873,113.0,1,113.0,Trousers,Chinos,L,violet,62,March,24,Wednesday,6,3
693,Hetti Fibbens,Genderqueer,45,Beattychester,Queensland,749,2021-09-20,2021-09-24,3748,665,113.0,3,339.0,Jacket,Parka,XS,red,65,September,20,Monday,4,9
693,Hetti Fibbens,Genderqueer,45,Beattychester,Queensland,749,2021-09-20,2021-09-24,3746,628,112.0,1,112.0,Jacket,Cardigan,L,violet,66,September,20,Monday,4,9
693,Hetti Fibbens,Genderqueer,45,Beattychester,Queensland,749,2021-09-20,2021-09-24,3745,1197,105.0,1,105.0,Trousers,Pleated,M,orange,57,September,20,Monday,4,9
693,Hetti Fibbens,Genderqueer,45,Beattychester,Queensland,749,2021-09-20,2021-09-24,3747,865,113.0,1,113.0,Trousers,Chinos,XS,indigo,61,September,20,Monday,4,9
696,Miner Craddock,Non-binary,38,Callummouth,Australian Capital Territory,717,2021-03-11,2021-04-05,3577,179,98.0,3,294.0,Shirt,Camp Collared,XL,red,79,March,11,Thursday,25,3
696,Miner Craddock,Non-binary,38,Callummouth,Australian Capital Territory,475,2021-05-27,2021-06-01,2336,1204,105.0,2,210.0,Trousers,Pleated,XL,yellow,52,May,27,Thursday,5,5
696,Miner Craddock,Non-binary,38,Callummouth,Australian Capital Territory,475,2021-05-27,2021-06-01,2337,1149,102.0,1,102.0,Trousers,Cargo Pants,XL,indigo,64,May,27,Thursday,5,5
696,Miner Craddock,Non-binary,38,Callummouth,Australian Capital Territory,717,2021-03-11,2021-04-05,3576,518,102.0,3,306.0,Jacket,Windbreaker,L,indigo,67,March,11,Thursday,25,3
696,Miner Craddock,Non-binary,38,Callummouth,Australian Capital Territory,717,2021-03-11,2021-04-05,3575,237,106.0,1,106.0,Shirt,Chambray,M,indigo,62,March,11,Thursday,25,3
696,Miner Craddock,Non-binary,38,Callummouth,Australian Capital Territory,717,2021-03-11,2021-04-05,3573,219,106.0,1,106.0,Shirt,Chambray,XL,orange,57,March,11,Thursday,25,3
696,Miner Craddock,Non-binary,38,Callummouth,Australian Capital Territory,717,2021-03-11,2021-04-05,3572,1148,102.0,1,102.0,Trousers,Cargo Pants,L,indigo,46,March,11,Thursday,25,3
696,Miner Craddock,Non-binary,38,Callummouth,Australian Capital Territory,475,2021-05-27,2021-06-01,2343,97,118.0,2,236.0,Shirt,Flannel,M,indigo,69,May,27,Thursday,5,5
696,Miner Craddock,Non-binary,38,Callummouth,Australian Capital Territory,475,2021-05-27,2021-06-01,2342,113,92.0,2,184.0,Shirt,Denim,L,orange,45,May,27,Thursday,5,5
696,Miner Craddock,Non-binary,38,Callummouth,Australian Capital Territory,475,2021-05-27,2021-06-01,2338,1250,112.0,1,112.0,Trousers,Tracksuit Bottoms,XS,indigo,63,May,27,Thursday,5,5
696,Miner Craddock,Non-binary,38,Callummouth,Australian Capital Territory,475,2021-05-27,2021-06-01,2339,630,93.0,2,186.0,Jacket,Coach,XS,red,71,May,27,Thursday,5,5
696,Miner Craddock,Non-binary,38,Callummouth,Australian Capital Territory,717,2021-03-11,2021-04-05,3574,174,91.0,2,182.0,Shirt,Linen,XL,violet,73,March,11,Thursday,25,3
696,Miner Craddock,Non-binary,38,Callummouth,Australian Capital Territory,475,2021-05-27,2021-06-01,2340,722,119.0,1,119.0,Jacket,Trench Coat,M,blue,46,May,27,Thursday,5,5
696,Miner Craddock,Non-binary,38,Callummouth,Australian Capital Territory,475,2021-05-27,2021-06-01,2341,1035,90.0,2,180.0,Trousers,Relaxed Leg,XS,blue,54,May,27,Thursday,5,5
697,Antonia Yeardsley,Agender,51,Port Cody,Australian Capital Territory,692,2021-06-18,2021-07-05,3431,953,97.0,2,194.0,Trousers,Slim-Fit,L,orange,66,June,18,Friday,17,6
697,Antonia Yeardsley,Agender,51,Port Cody,Australian Capital Territory,692,2021-06-18,2021-07-05,3432,1094,115.0,1,115.0,Trousers,Cropped,XL,orange,61,June,18,Friday,17,6
697,Antonia Yeardsley,Agender,51,Port Cody,Australian Capital Territory,692,2021-06-18,2021-07-05,3429,54,104.0,1,104.0,Shirt,Dress,XL,green,52,June,18,Friday,17,6
697,Antonia Yeardsley,Agender,51,Port Cody,Australian Capital Territory,692,2021-06-18,2021-07-05,3430,752,109.0,3,327.0,Jacket,Peacoat,M,green,49,June,18,Friday,17,6
698,Cary Boaler,Genderfluid,27,New Isaac,Victoria,779,2021-07-07,2021-07-21,3894,166,91.0,1,91.0,Shirt,Linen,S,indigo,72,July,7,Wednesday,14,7
698,Cary Boaler,Genderfluid,27,New Isaac,Victoria,779,2021-07-07,2021-07-21,3890,616,112.0,3,336.0,Jacket,Cardigan,S,blue,53,July,7,Wednesday,14,7
698,Cary Boaler,Genderfluid,27,New Isaac,Victoria,779,2021-07-07,2021-07-21,3896,409,119.0,2,238.0,Shirt,Casual Slim Fit,XL,blue,68,July,7,Wednesday,14,7
698,Cary Boaler,Genderfluid,27,New Isaac,Victoria,779,2021-07-07,2021-07-21,3893,751,109.0,3,327.0,Jacket,Peacoat,S,green,41,July,7,Wednesday,14,7
698,Cary Boaler,Genderfluid,27,New Isaac,Victoria,779,2021-07-07,2021-07-21,3891,383,94.0,1,94.0,Shirt,Henley,L,violet,51,July,7,Wednesday,14,7
698,Cary Boaler,Genderfluid,27,New Isaac,Victoria,779,2021-07-07,2021-07-21,3892,180,98.0,3,294.0,Shirt,Camp Collared,XS,orange,52,July,7,Wednesday,14,7
698,Cary Boaler,Genderfluid,27,New Isaac,Victoria,779,2021-07-07,2021-07-21,3889,561,100.0,2,200.0,Jacket,Bomber,S,red,74,July,7,Wednesday,14,7
698,Cary Boaler,Genderfluid,27,New Isaac,Victoria,779,2021-07-07,2021-07-21,3895,21,96.0,2,192.0,Shirt,Oxford Cloth,S,blue,51,July,7,Wednesday,14,7
703,Diann Grieger,Polygender,26,Port Joeltown,South Australia,920,2021-07-26,2021-08-16,4601,791,91.0,2,182.0,Jacket,Pullover,S,blue,73,July,26,Monday,21,7
703,Diann Grieger,Polygender,26,Port Joeltown,South Australia,920,2021-07-26,2021-08-16,4602,943,96.0,3,288.0,Trousers,Drawstring,L,violet,62,July,26,Monday,21,7
703,Diann Grieger,Polygender,26,Port Joeltown,South Australia,922,2021-10-10,2021-11-02,4606,1231,112.0,2,224.0,Trousers,Tracksuit Bottoms,S,orange,59,October,10,Sunday,23,10
703,Diann Grieger,Polygender,26,Port Joeltown,South Australia,920,2021-07-26,2021-08-16,4597,540,98.0,3,294.0,Jacket,Leather,XS,green,57,July,26,Monday,21,7
703,Diann Grieger,Polygender,26,Port Joeltown,South Australia,920,2021-07-26,2021-08-16,4596,1212,105.0,2,210.0,Trousers,Pleated,M,blue,66,July,26,Monday,21,7
703,Diann Grieger,Polygender,26,Port Joeltown,South Australia,920,2021-07-26,2021-08-16,4600,502,102.0,1,102.0,Jacket,Windbreaker,M,yellow,52,July,26,Monday,21,7
703,Diann Grieger,Polygender,26,Port Joeltown,South Australia,920,2021-07-26,2021-08-16,4598,1000,106.0,3,318.0,Trousers,Wool,XS,blue,58,July,26,Monday,21,7
703,Diann Grieger,Polygender,26,Port Joeltown,South Australia,922,2021-10-10,2021-11-02,4607,173,91.0,3,273.0,Shirt,Linen,L,violet,70,October,10,Sunday,23,10
703,Diann Grieger,Polygender,26,Port Joeltown,South Australia,920,2021-07-26,2021-08-16,4599,609,112.0,3,336.0,Jacket,Cardigan,XL,yellow,42,July,26,Monday,21,7
706,Stephen MacAleese,Agender,43,Lake Aiden,Northern Territory,501,2021-02-16,2021-02-25,2472,227,106.0,1,106.0,Shirt,Chambray,M,green,56,February,16,Tuesday,9,2
706,Stephen MacAleese,Agender,43,Lake Aiden,Northern Territory,501,2021-02-16,2021-02-25,2475,193,98.0,1,98.0,Shirt,Camp Collared,L,green,80,February,16,Tuesday,9,2
706,Stephen MacAleese,Agender,43,Lake Aiden,Northern Territory,501,2021-02-16,2021-02-25,2473,1082,93.0,2,186.0,Trousers,Joggers,M,violet,72,February,16,Tuesday,9,2
706,Stephen MacAleese,Agender,43,Lake Aiden,Northern Territory,501,2021-02-16,2021-02-25,2478,808,117.0,1,117.0,Jacket,Shearling,L,red,40,February,16,Tuesday,9,2
706,Stephen MacAleese,Agender,43,Lake Aiden,Northern Territory,501,2021-02-16,2021-02-25,2479,667,113.0,1,113.0,Jacket,Parka,M,red,56,February,16,Tuesday,9,2
706,Stephen MacAleese,Agender,43,Lake Aiden,Northern Territory,501,2021-02-16,2021-02-25,2477,737,109.0,2,218.0,Jacket,Peacoat,M,red,59,February,16,Tuesday,9,2
706,Stephen MacAleese,Agender,43,Lake Aiden,Northern Territory,501,2021-02-16,2021-02-25,2474,1029,90.0,2,180.0,Trousers,Relaxed Leg,XL,yellow,54,February,16,Tuesday,9,2
706,Stephen MacAleese,Agender,43,Lake Aiden,Northern Territory,501,2021-02-16,2021-02-25,2476,409,119.0,3,357.0,Shirt,Casual Slim Fit,XL,blue,68,February,16,Tuesday,9,2
708,Debee Lording,Genderfluid,51,West Olivertown,Western Australia,581,2021-05-09,2021-05-29,2904,721,119.0,2,238.0,Jacket,Trench Coat,S,blue,64,May,9,Sunday,20,5
708,Debee Lording,Genderfluid,51,West Olivertown,Western Australia,581,2021-05-09,2021-05-29,2907,290,105.0,2,210.0,Shirt,Cuban Collar,XS,yellow,78,May,9,Sunday,20,5
708,Debee Lording,Genderfluid,51,West Olivertown,Western Australia,581,2021-05-09,2021-05-29,2906,1063,93.0,2,186.0,Trousers,Joggers,L,yellow,58,May,9,Sunday,20,5
708,Debee Lording,Genderfluid,51,West Olivertown,Western Australia,581,2021-05-09,2021-05-29,2905,134,92.0,1,92.0,Shirt,Denim,XL,indigo,58,May,9,Sunday,20,5
709,Lilli Bavester,Genderfluid,65,East Lillyville,Victoria,384,2021-05-27,2021-06-22,1917,810,117.0,2,234.0,Jacket,Shearling,XS,orange,54,May,27,Thursday,26,5
709,Lilli Bavester,Genderfluid,65,East Lillyville,Victoria,384,2021-05-27,2021-06-22,1916,303,105.0,2,210.0,Shirt,Cuban Collar,L,blue,65,May,27,Thursday,26,5
709,Lilli Bavester,Genderfluid,65,East Lillyville,Victoria,384,2021-05-27,2021-06-22,1918,569,100.0,2,200.0,Jacket,Bomber,XL,orange,69,May,27,Thursday,26,5
710,Avivah Roddick,Male,60,Kulasville,New South Wales,327,2021-07-28,2021-07-31,1606,889,94.0,1,94.0,Trousers,Cords,XL,yellow,65,July,28,Wednesday,3,7
710,Avivah Roddick,Male,60,Kulasville,New South Wales,741,2021-02-03,2021-02-17,3703,794,91.0,3,273.0,Jacket,Pullover,XL,blue,74,February,3,Wednesday,14,2
710,Avivah Roddick,Male,60,Kulasville,New South Wales,741,2021-02-03,2021-02-17,3702,917,96.0,1,96.0,Trousers,Drawstring,M,orange,76,February,3,Wednesday,14,2
710,Avivah Roddick,Male,60,Kulasville,New South Wales,327,2021-07-28,2021-07-31,1599,1030,90.0,2,180.0,Trousers,Relaxed Leg,XS,green,80,July,28,Wednesday,3,7
710,Avivah Roddick,Male,60,Kulasville,New South Wales,327,2021-07-28,2021-07-31,1602,104,118.0,1,118.0,Shirt,Flannel,XL,violet,43,July,28,Wednesday,3,7
710,Avivah Roddick,Male,60,Kulasville,New South Wales,327,2021-07-28,2021-07-31,1603,508,102.0,3,306.0,Jacket,Windbreaker,L,green,62,July,28,Wednesday,3,7
710,Avivah Roddick,Male,60,Kulasville,New South Wales,327,2021-07-28,2021-07-31,1600,60,104.0,1,104.0,Shirt,Dress,XS,indigo,56,July,28,Wednesday,3,7
710,Avivah Roddick,Male,60,Kulasville,New South Wales,327,2021-07-28,2021-07-31,1604,707,119.0,3,357.0,Jacket,Trench Coat,M,orange,43,July,28,Wednesday,3,7
710,Avivah Roddick,Male,60,Kulasville,New South Wales,327,2021-07-28,2021-07-31,1605,102,118.0,1,118.0,Shirt,Flannel,M,violet,71,July,28,Wednesday,3,7
710,Avivah Roddick,Male,60,Kulasville,New South Wales,327,2021-07-28,2021-07-31,1601,421,107.0,1,107.0,Jacket,Denim,S,red,69,July,28,Wednesday,3,7
711,Lin Norville,Male,42,Russelstad,Victoria,270,2021-03-02,2021-03-27,1307,1138,102.0,2,204.0,Trousers,Cargo Pants,L,green,42,March,2,Tuesday,25,3
711,Lin Norville,Male,42,Russelstad,Victoria,270,2021-03-02,2021-03-27,1308,1128,102.0,1,102.0,Trousers,Cargo Pants,L,orange,78,March,2,Tuesday,25,3
711,Lin Norville,Male,42,Russelstad,Victoria,678,2021-04-28,2021-05-14,3370,579,100.0,3,300.0,Jacket,Bomber,XL,green,79,April,28,Wednesday,16,4
711,Lin Norville,Male,42,Russelstad,Victoria,270,2021-03-02,2021-03-27,1303,390,119.0,1,119.0,Shirt,Casual Slim Fit,XS,orange,43,March,2,Tuesday,25,3
711,Lin Norville,Male,42,Russelstad,Victoria,270,2021-03-02,2021-03-27,1304,313,105.0,2,210.0,Shirt,Cuban Collar,L,violet,78,March,2,Tuesday,25,3
711,Lin Norville,Male,42,Russelstad,Victoria,345,2021-02-14,2021-03-05,1689,657,93.0,1,93.0,Jacket,Coach,M,indigo,64,February,14,Sunday,19,2
711,Lin Norville,Male,42,Russelstad,Victoria,345,2021-02-14,2021-03-05,1688,428,107.0,1,107.0,Jacket,Denim,L,orange,73,February,14,Sunday,19,2
711,Lin Norville,Male,42,Russelstad,Victoria,345,2021-02-14,2021-03-05,1690,608,112.0,1,112.0,Jacket,Cardigan,L,yellow,50,February,14,Sunday,19,2
711,Lin Norville,Male,42,Russelstad,Victoria,345,2021-02-14,2021-03-05,1691,1181,99.0,2,198.0,Trousers,High-Waisted,S,indigo,79,February,14,Sunday,19,2
711,Lin Norville,Male,42,Russelstad,Victoria,594,2021-06-14,2021-06-23,2985,561,100.0,1,100.0,Jacket,Bomber,S,red,74,June,14,Monday,9,6
711,Lin Norville,Male,42,Russelstad,Victoria,594,2021-06-14,2021-06-23,2989,1166,99.0,3,297.0,Trousers,High-Waisted,S,yellow,56,June,14,Monday,9,6
711,Lin Norville,Male,42,Russelstad,Victoria,270,2021-03-02,2021-03-27,1306,857,113.0,3,339.0,Trousers,Chinos,M,green,49,March,2,Tuesday,25,3
711,Lin Norville,Male,42,Russelstad,Victoria,270,2021-03-02,2021-03-27,1305,1150,102.0,2,204.0,Trousers,Cargo Pants,XS,violet,40,March,2,Tuesday,25,3
711,Lin Norville,Male,42,Russelstad,Victoria,678,2021-04-28,2021-05-14,3371,328,109.0,1,109.0,Shirt,Mandarin Collar,L,yellow,78,April,28,Wednesday,16,4
711,Lin Norville,Male,42,Russelstad,Victoria,678,2021-04-28,2021-05-14,3372,190,98.0,2,196.0,Shirt,Camp Collared,XS,green,66,April,28,Wednesday,16,4
711,Lin Norville,Male,42,Russelstad,Victoria,594,2021-06-14,2021-06-23,2988,89,118.0,2,236.0,Shirt,Flannel,XL,green,77,June,14,Monday,9,6
711,Lin Norville,Male,42,Russelstad,Victoria,594,2021-06-14,2021-06-23,2986,597,112.0,1,112.0,Jacket,Cardigan,M,red,70,June,14,Monday,9,6
711,Lin Norville,Male,42,Russelstad,Victoria,594,2021-06-14,2021-06-23,2987,487,118.0,2,236.0,Jacket,Puffer,M,violet,43,June,14,Monday,9,6
714,Marnie Dennington,Female,50,West Addison,Northern Territory,693,2021-04-29,2021-05-16,3436,252,95.0,3,285.0,Shirt,Polo,M,orange,67,April,29,Thursday,17,4
714,Marnie Dennington,Female,50,West Addison,Northern Territory,693,2021-04-29,2021-05-16,3433,681,113.0,3,339.0,Jacket,Parka,S,green,62,April,29,Thursday,17,4
714,Marnie Dennington,Female,50,West Addison,Northern Territory,693,2021-04-29,2021-05-16,3435,272,95.0,3,285.0,Shirt,Polo,M,indigo,62,April,29,Thursday,17,4
714,Marnie Dennington,Female,50,West Addison,Northern Territory,693,2021-04-29,2021-05-16,3434,675,113.0,3,339.0,Jacket,Parka,XS,yellow,63,April,29,Thursday,17,4
714,Marnie Dennington,Female,50,West Addison,Northern Territory,693,2021-04-29,2021-05-16,3437,846,113.0,3,339.0,Trousers,Chinos,S,orange,58,April,29,Thursday,17,4
715,Lindsey McCuthais,Bigender,61,Port Hunter,Tasmania,183,2021-10-06,2021-10-12,886,1192,105.0,2,210.0,Trousers,Pleated,M,red,40,October,6,Wednesday,6,10
715,Lindsey McCuthais,Bigender,61,Port Hunter,Tasmania,183,2021-10-06,2021-10-12,887,513,102.0,3,306.0,Jacket,Windbreaker,L,blue,41,October,6,Wednesday,6,10
715,Lindsey McCuthais,Bigender,61,Port Hunter,Tasmania,183,2021-10-06,2021-10-12,890,359,94.0,2,188.0,Shirt,Henley,XL,orange,52,October,6,Wednesday,6,10
715,Lindsey McCuthais,Bigender,61,Port Hunter,Tasmania,183,2021-10-06,2021-10-12,892,709,119.0,2,238.0,Jacket,Trench Coat,XL,orange,71,October,6,Wednesday,6,10
715,Lindsey McCuthais,Bigender,61,Port Hunter,Tasmania,183,2021-10-06,2021-10-12,889,202,98.0,1,98.0,Shirt,Camp Collared,M,indigo,52,October,6,Wednesday,6,10
715,Lindsey McCuthais,Bigender,61,Port Hunter,Tasmania,183,2021-10-06,2021-10-12,891,300,105.0,3,315.0,Shirt,Cuban Collar,XS,blue,56,October,6,Wednesday,6,10
715,Lindsey McCuthais,Bigender,61,Port Hunter,Tasmania,183,2021-10-06,2021-10-12,888,758,109.0,3,327.0,Jacket,Peacoat,L,blue,64,October,6,Wednesday,6,10
717,Mellisent Druhan,Agender,20,Haydenhaven,Victoria,961,2021-03-19,2021-04-15,4791,1143,102.0,1,102.0,Trousers,Cargo Pants,L,blue,77,March,19,Friday,27,3
717,Mellisent Druhan,Agender,20,Haydenhaven,Victoria,961,2021-03-19,2021-04-15,4790,901,94.0,1,94.0,Trousers,Cords,S,indigo,60,March,19,Friday,27,3
717,Mellisent Druhan,Agender,20,Haydenhaven,Victoria,961,2021-03-19,2021-04-15,4792,636,93.0,3,279.0,Jacket,Coach,S,orange,55,March,19,Friday,27,3
717,Mellisent Druhan,Agender,20,Haydenhaven,Victoria,961,2021-03-19,2021-04-15,4789,1255,112.0,2,224.0,Trousers,Tracksuit Bottoms,XS,violet,67,March,19,Friday,27,3
723,Drusi Eagell,Polygender,34,Lake Mitchellbury,Australian Capital Territory,210,2021-07-22,2021-08-18,1022,412,119.0,3,357.0,Shirt,Casual Slim Fit,M,indigo,65,July,22,Thursday,27,7
723,Drusi Eagell,Polygender,34,Lake Mitchellbury,Australian Capital Territory,210,2021-07-22,2021-08-18,1023,546,98.0,3,294.0,Jacket,Leather,S,blue,75,July,22,Thursday,27,7
724,Etheline Bahde,Female,66,Hoppeville,New South Wales,824,2021-01-04,2021-01-28,4138,24,96.0,3,288.0,Shirt,Oxford Cloth,XL,blue,60,January,4,Monday,24,1
724,Etheline Bahde,Female,66,Hoppeville,New South Wales,824,2021-01-04,2021-01-28,4140,68,104.0,1,104.0,Shirt,Dress,L,violet,74,January,4,Monday,24,1
724,Etheline Bahde,Female,66,Hoppeville,New South Wales,824,2021-01-04,2021-01-28,4139,589,100.0,2,200.0,Jacket,Bomber,XL,indigo,50,January,4,Monday,24,1
725,Bucky Cragell,Non-binary,23,Gracemouth,Northern Territory,160,2021-07-31,2021-08-06,752,94,118.0,1,118.0,Shirt,Flannel,XL,blue,61,July,31,Saturday,6,7
725,Bucky Cragell,Non-binary,23,Gracemouth,Northern Territory,160,2021-07-31,2021-08-06,755,1102,115.0,1,115.0,Trousers,Cropped,M,green,65,July,31,Saturday,6,7
725,Bucky Cragell,Non-binary,23,Gracemouth,Northern Territory,160,2021-07-31,2021-08-06,756,122,92.0,2,184.0,Shirt,Denim,M,green,66,July,31,Saturday,6,7
725,Bucky Cragell,Non-binary,23,Gracemouth,Northern Territory,160,2021-07-31,2021-08-06,759,951,97.0,1,97.0,Trousers,Slim-Fit,S,orange,55,July,31,Saturday,6,7
725,Bucky Cragell,Non-binary,23,Gracemouth,Northern Territory,160,2021-07-31,2021-08-06,758,134,92.0,3,276.0,Shirt,Denim,XL,indigo,58,July,31,Saturday,6,7
725,Bucky Cragell,Non-binary,23,Gracemouth,Northern Territory,160,2021-07-31,2021-08-06,757,878,94.0,2,188.0,Trousers,Cords,L,red,53,July,31,Saturday,6,7
725,Bucky Cragell,Non-binary,23,Gracemouth,Northern Territory,160,2021-07-31,2021-08-06,751,117,92.0,1,92.0,Shirt,Denim,M,yellow,67,July,31,Saturday,6,7
725,Bucky Cragell,Non-binary,23,Gracemouth,Northern Territory,160,2021-07-31,2021-08-06,753,1213,105.0,1,105.0,Trousers,Pleated,L,blue,79,July,31,Saturday,6,7
725,Bucky Cragell,Non-binary,23,Gracemouth,Northern Territory,160,2021-07-31,2021-08-06,754,437,107.0,2,214.0,Jacket,Denim,M,green,79,July,31,Saturday,6,7
725,Bucky Cragell,Non-binary,23,Gracemouth,Northern Territory,160,2021-07-31,2021-08-06,750,765,109.0,1,109.0,Jacket,Peacoat,XS,violet,54,July,31,Saturday,6,7
726,Rey Grasner,Genderqueer,27,Cassinport,Western Australia,391,2021-05-16,2021-06-06,1947,872,113.0,2,226.0,Trousers,Chinos,M,violet,54,May,16,Sunday,21,5
726,Rey Grasner,Genderqueer,27,Cassinport,Western Australia,391,2021-05-16,2021-06-06,1948,1155,99.0,1,99.0,Trousers,High-Waisted,XS,red,74,May,16,Sunday,21,5
726,Rey Grasner,Genderqueer,27,Cassinport,Western Australia,441,2021-02-28,2021-03-02,2193,642,93.0,1,93.0,Jacket,Coach,M,yellow,48,February,28,Sunday,2,2
726,Rey Grasner,Genderqueer,27,Cassinport,Western Australia,441,2021-02-28,2021-03-02,2192,611,112.0,3,336.0,Jacket,Cardigan,S,green,62,February,28,Sunday,2,2
726,Rey Grasner,Genderqueer,27,Cassinport,Western Australia,441,2021-02-28,2021-03-02,2197,169,91.0,3,273.0,Shirt,Linen,XL,indigo,66,February,28,Sunday,2,2
726,Rey Grasner,Genderqueer,27,Cassinport,Western Australia,441,2021-02-28,2021-03-02,2194,756,109.0,3,327.0,Jacket,Peacoat,S,blue,50,February,28,Sunday,2,2
726,Rey Grasner,Genderqueer,27,Cassinport,Western Australia,391,2021-05-16,2021-06-06,1945,850,113.0,2,226.0,Trousers,Chinos,XS,yellow,41,May,16,Sunday,21,5
726,Rey Grasner,Genderqueer,27,Cassinport,Western Australia,391,2021-05-16,2021-06-06,1951,734,119.0,2,238.0,Jacket,Trench Coat,XL,violet,52,May,16,Sunday,21,5
726,Rey Grasner,Genderqueer,27,Cassinport,Western Australia,441,2021-02-28,2021-03-02,2190,1155,99.0,1,99.0,Trousers,High-Waisted,XS,red,74,February,28,Sunday,2,2
726,Rey Grasner,Genderqueer,27,Cassinport,Western Australia,391,2021-05-16,2021-06-06,1946,607,112.0,1,112.0,Jacket,Cardigan,M,yellow,64,May,16,Sunday,21,5
726,Rey Grasner,Genderqueer,27,Cassinport,Western Australia,391,2021-05-16,2021-06-06,1950,431,107.0,3,321.0,Jacket,Denim,S,yellow,43,May,16,Sunday,21,5
726,Rey Grasner,Genderqueer,27,Cassinport,Western Australia,391,2021-05-16,2021-06-06,1949,1114,115.0,3,345.0,Trousers,Cropped,XL,indigo,58,May,16,Sunday,21,5
726,Rey Grasner,Genderqueer,27,Cassinport,Western Australia,441,2021-02-28,2021-03-02,2195,447,107.0,3,321.0,Jacket,Denim,M,indigo,52,February,28,Sunday,2,2
726,Rey Grasner,Genderqueer,27,Cassinport,Western Australia,441,2021-02-28,2021-03-02,2196,199,98.0,2,196.0,Shirt,Camp Collared,XL,blue,51,February,28,Sunday,2,2
726,Rey Grasner,Genderqueer,27,Cassinport,Western Australia,441,2021-02-28,2021-03-02,2191,974,97.0,1,97.0,Trousers,Slim-Fit,XL,indigo,66,February,28,Sunday,2,2
727,Herschel Verdey,Female,26,Jacobport,New South Wales,156,2021-07-10,2021-07-29,734,719,119.0,1,119.0,Jacket,Trench Coat,XL,green,53,July,10,Saturday,19,7
727,Herschel Verdey,Female,26,Jacobport,New South Wales,156,2021-07-10,2021-07-29,735,470,118.0,3,354.0,Jacket,Puffer,XS,green,41,July,10,Saturday,19,7
727,Herschel Verdey,Female,26,Jacobport,New South Wales,156,2021-07-10,2021-07-29,733,438,107.0,2,214.0,Jacket,Denim,L,green,52,July,10,Saturday,19,7
727,Herschel Verdey,Female,26,Jacobport,New South Wales,153,2021-10-21,2021-11-17,722,989,106.0,2,212.0,Trousers,Wool,XL,orange,56,October,21,Thursday,27,10
727,Herschel Verdey,Female,26,Jacobport,New South Wales,153,2021-10-21,2021-11-17,721,769,109.0,3,327.0,Jacket,Peacoat,XL,violet,42,October,21,Thursday,27,10
727,Herschel Verdey,Female,26,Jacobport,New South Wales,153,2021-10-21,2021-11-17,724,1235,112.0,3,336.0,Trousers,Tracksuit Bottoms,XS,yellow,76,October,21,Thursday,27,10
727,Herschel Verdey,Female,26,Jacobport,New South Wales,153,2021-10-21,2021-11-17,723,1188,99.0,3,297.0,Trousers,High-Waisted,L,violet,68,October,21,Thursday,27,10
727,Herschel Verdey,Female,26,Jacobport,New South Wales,153,2021-10-21,2021-11-17,720,698,113.0,1,113.0,Jacket,Parka,L,violet,53,October,21,Thursday,27,10
727,Herschel Verdey,Female,26,Jacobport,New South Wales,156,2021-07-10,2021-07-29,731,1253,112.0,1,112.0,Trousers,Tracksuit Bottoms,L,indigo,50,July,10,Saturday,19,7
727,Herschel Verdey,Female,26,Jacobport,New South Wales,156,2021-07-10,2021-07-29,732,1155,99.0,2,198.0,Trousers,High-Waisted,XS,red,74,July,10,Saturday,19,7
727,Herschel Verdey,Female,26,Jacobport,New South Wales,371,2021-08-29,2021-09-15,1840,540,98.0,3,294.0,Jacket,Leather,XS,green,57,August,29,Sunday,17,8
727,Herschel Verdey,Female,26,Jacobport,New South Wales,371,2021-08-29,2021-09-15,1839,643,93.0,2,186.0,Jacket,Coach,L,yellow,53,August,29,Sunday,17,8
727,Herschel Verdey,Female,26,Jacobport,New South Wales,371,2021-08-29,2021-09-15,1838,628,112.0,2,224.0,Jacket,Cardigan,L,violet,66,August,29,Sunday,17,8
727,Herschel Verdey,Female,26,Jacobport,New South Wales,31,2021-03-11,2021-04-05,147,1245,112.0,1,112.0,Trousers,Tracksuit Bottoms,XS,blue,42,March,11,Thursday,25,3
727,Herschel Verdey,Female,26,Jacobport,New South Wales,31,2021-03-11,2021-04-05,146,1071,93.0,1,93.0,Trousers,Joggers,S,blue,50,March,11,Thursday,25,3
727,Herschel Verdey,Female,26,Jacobport,New South Wales,31,2021-03-11,2021-04-05,145,484,118.0,2,236.0,Jacket,Puffer,XL,indigo,60,March,11,Thursday,25,3
727,Herschel Verdey,Female,26,Jacobport,New South Wales,371,2021-08-29,2021-09-15,1835,475,118.0,1,118.0,Jacket,Puffer,XS,blue,57,August,29,Sunday,17,8
727,Herschel Verdey,Female,26,Jacobport,New South Wales,371,2021-08-29,2021-09-15,1836,291,105.0,2,210.0,Shirt,Cuban Collar,S,yellow,41,August,29,Sunday,17,8
727,Herschel Verdey,Female,26,Jacobport,New South Wales,371,2021-08-29,2021-09-15,1841,1013,106.0,1,106.0,Trousers,Wool,L,violet,61,August,29,Sunday,17,8
727,Herschel Verdey,Female,26,Jacobport,New South Wales,371,2021-08-29,2021-09-15,1837,147,91.0,3,273.0,Shirt,Linen,M,orange,42,August,29,Sunday,17,8
727,Herschel Verdey,Female,26,Jacobport,New South Wales,153,2021-10-21,2021-11-17,719,542,98.0,3,294.0,Jacket,Leather,M,green,45,October,21,Thursday,27,10
728,Kellie Curbishley,Agender,51,Lake Matildaville,Western Australia,395,2021-03-26,2021-04-02,1972,587,100.0,2,200.0,Jacket,Bomber,M,indigo,52,March,26,Friday,7,3
728,Kellie Curbishley,Agender,51,Lake Matildaville,Western Australia,395,2021-03-26,2021-04-02,1970,270,95.0,2,190.0,Shirt,Polo,XS,indigo,47,March,26,Friday,7,3
728,Kellie Curbishley,Agender,51,Lake Matildaville,Western Australia,395,2021-03-26,2021-04-02,1971,124,92.0,1,92.0,Shirt,Denim,XL,green,52,March,26,Friday,7,3
728,Kellie Curbishley,Agender,51,Lake Matildaville,Western Australia,395,2021-03-26,2021-04-02,1969,1249,112.0,3,336.0,Trousers,Tracksuit Bottoms,XL,blue,68,March,26,Friday,7,3
728,Kellie Curbishley,Agender,51,Lake Matildaville,Western Australia,395,2021-03-26,2021-04-02,1968,1180,99.0,2,198.0,Trousers,High-Waisted,XS,indigo,47,March,26,Friday,7,3
729,Gerri McCarle,Female,54,Cameronport,South Australia,558,2021-03-02,2021-03-18,2790,513,102.0,2,204.0,Jacket,Windbreaker,L,blue,41,March,2,Tuesday,16,3
729,Gerri McCarle,Female,54,Cameronport,South Australia,558,2021-03-02,2021-03-18,2788,1115,115.0,2,230.0,Trousers,Cropped,XS,violet,65,March,2,Tuesday,16,3
729,Gerri McCarle,Female,54,Cameronport,South Australia,558,2021-03-02,2021-03-18,2789,398,119.0,1,119.0,Shirt,Casual Slim Fit,L,yellow,63,March,2,Tuesday,16,3
729,Gerri McCarle,Female,54,Cameronport,South Australia,558,2021-03-02,2021-03-18,2791,233,106.0,3,318.0,Shirt,Chambray,L,blue,69,March,2,Tuesday,16,3
729,Gerri McCarle,Female,54,Cameronport,South Australia,558,2021-03-02,2021-03-18,2787,5,96.0,1,96.0,Shirt,Oxford Cloth,XS,orange,45,March,2,Tuesday,16,3
729,Gerri McCarle,Female,54,Cameronport,South Australia,369,2021-03-26,2021-04-18,1821,729,119.0,2,238.0,Jacket,Trench Coat,XL,indigo,64,March,26,Friday,23,3
729,Gerri McCarle,Female,54,Cameronport,South Australia,369,2021-03-26,2021-04-18,1822,380,94.0,1,94.0,Shirt,Henley,XS,violet,50,March,26,Friday,23,3
729,Gerri McCarle,Female,54,Cameronport,South Australia,369,2021-03-26,2021-04-18,1823,1033,90.0,3,270.0,Trousers,Relaxed Leg,L,green,62,March,26,Friday,23,3
729,Gerri McCarle,Female,54,Cameronport,South Australia,369,2021-03-26,2021-04-18,1824,749,109.0,2,218.0,Jacket,Peacoat,XL,yellow,53,March,26,Friday,23,3
729,Gerri McCarle,Female,54,Cameronport,South Australia,417,2021-09-14,2021-10-11,2073,986,106.0,2,212.0,Trousers,Wool,S,orange,59,September,14,Tuesday,27,9
729,Gerri McCarle,Female,54,Cameronport,South Australia,417,2021-09-14,2021-10-11,2074,1022,90.0,3,270.0,Trousers,Relaxed Leg,M,orange,74,September,14,Tuesday,27,9
729,Gerri McCarle,Female,54,Cameronport,South Australia,417,2021-09-14,2021-10-11,2075,1214,105.0,1,105.0,Trousers,Pleated,XL,blue,55,September,14,Tuesday,27,9
729,Gerri McCarle,Female,54,Cameronport,South Australia,558,2021-03-02,2021-03-18,2792,222,106.0,2,212.0,Shirt,Chambray,M,yellow,62,March,2,Tuesday,16,3
729,Gerri McCarle,Female,54,Cameronport,South Australia,417,2021-09-14,2021-10-11,2070,173,91.0,3,273.0,Shirt,Linen,L,violet,70,September,14,Tuesday,27,9
729,Gerri McCarle,Female,54,Cameronport,South Australia,417,2021-09-14,2021-10-11,2071,560,100.0,2,200.0,Jacket,Bomber,XS,red,76,September,14,Tuesday,27,9
729,Gerri McCarle,Female,54,Cameronport,South Australia,417,2021-09-14,2021-10-11,2072,963,97.0,1,97.0,Trousers,Slim-Fit,L,green,43,September,14,Tuesday,27,9
731,Olimpia Tankus,Genderfluid,39,North Jessica,Western Australia,231,2021-03-20,2021-04-09,1119,192,98.0,2,196.0,Shirt,Camp Collared,M,green,41,March,20,Saturday,20,3
731,Olimpia Tankus,Genderfluid,39,North Jessica,Western Australia,231,2021-03-20,2021-04-09,1120,646,93.0,2,186.0,Jacket,Coach,S,green,60,March,20,Saturday,20,3
731,Olimpia Tankus,Genderfluid,39,North Jessica,Western Australia,231,2021-03-20,2021-04-09,1121,1,96.0,1,96.0,Shirt,Oxford Cloth,S,red,53,March,20,Saturday,20,3
731,Olimpia Tankus,Genderfluid,39,North Jessica,Western Australia,231,2021-03-20,2021-04-09,1122,740,109.0,1,109.0,Jacket,Peacoat,XS,orange,78,March,20,Saturday,20,3
731,Olimpia Tankus,Genderfluid,39,North Jessica,Western Australia,231,2021-03-20,2021-04-09,1123,126,92.0,2,184.0,Shirt,Denim,S,blue,47,March,20,Saturday,20,3
732,Gorden Seago,Genderfluid,80,Port Aaronton,Queensland,26,2021-04-25,2021-05-04,115,154,91.0,3,273.0,Shirt,Linen,XL,yellow,54,April,25,Sunday,9,4
732,Gorden Seago,Genderfluid,80,Port Aaronton,Queensland,614,2021-04-18,2021-05-03,3057,28,96.0,3,288.0,Shirt,Oxford Cloth,L,indigo,70,April,18,Sunday,15,4
732,Gorden Seago,Genderfluid,80,Port Aaronton,Queensland,614,2021-04-18,2021-05-03,3058,457,118.0,1,118.0,Jacket,Puffer,M,red,62,April,18,Sunday,15,4
732,Gorden Seago,Genderfluid,80,Port Aaronton,Queensland,348,2021-10-07,2021-10-28,1706,349,109.0,3,327.0,Shirt,Mandarin Collar,XL,violet,71,October,7,Thursday,21,10
732,Gorden Seago,Genderfluid,80,Port Aaronton,Queensland,348,2021-10-07,2021-10-28,1710,880,94.0,2,188.0,Trousers,Cords,XS,orange,70,October,7,Thursday,21,10
732,Gorden Seago,Genderfluid,80,Port Aaronton,Queensland,348,2021-10-07,2021-10-28,1707,856,113.0,3,339.0,Trousers,Chinos,S,green,61,October,7,Thursday,21,10
732,Gorden Seago,Genderfluid,80,Port Aaronton,Queensland,26,2021-04-25,2021-05-04,114,808,117.0,2,234.0,Jacket,Shearling,L,red,40,April,25,Sunday,9,4
732,Gorden Seago,Genderfluid,80,Port Aaronton,Queensland,26,2021-04-25,2021-05-04,116,453,107.0,1,107.0,Jacket,Denim,L,violet,50,April,25,Sunday,9,4
732,Gorden Seago,Genderfluid,80,Port Aaronton,Queensland,348,2021-10-07,2021-10-28,1705,619,112.0,3,336.0,Jacket,Cardigan,XL,blue,57,October,7,Thursday,21,10
732,Gorden Seago,Genderfluid,80,Port Aaronton,Queensland,614,2021-04-18,2021-05-03,3055,10,96.0,2,192.0,Shirt,Oxford Cloth,XS,yellow,72,April,18,Sunday,15,4
732,Gorden Seago,Genderfluid,80,Port Aaronton,Queensland,614,2021-04-18,2021-05-03,3059,744,109.0,2,218.0,Jacket,Peacoat,XL,orange,69,April,18,Sunday,15,4
732,Gorden Seago,Genderfluid,80,Port Aaronton,Queensland,614,2021-04-18,2021-05-03,3056,615,112.0,3,336.0,Jacket,Cardigan,XS,blue,54,April,18,Sunday,15,4
732,Gorden Seago,Genderfluid,80,Port Aaronton,Queensland,122,2021-04-13,2021-05-04,569,258,95.0,1,95.0,Shirt,Polo,L,yellow,46,April,13,Tuesday,21,4
732,Gorden Seago,Genderfluid,80,Port Aaronton,Queensland,122,2021-04-13,2021-05-04,568,616,112.0,1,112.0,Jacket,Cardigan,S,blue,53,April,13,Tuesday,21,4
732,Gorden Seago,Genderfluid,80,Port Aaronton,Queensland,348,2021-10-07,2021-10-28,1708,349,109.0,2,218.0,Shirt,Mandarin Collar,XL,violet,71,October,7,Thursday,21,10
732,Gorden Seago,Genderfluid,80,Port Aaronton,Queensland,348,2021-10-07,2021-10-28,1709,833,117.0,3,351.0,Jacket,Shearling,L,indigo,66,October,7,Thursday,21,10
732,Gorden Seago,Genderfluid,80,Port Aaronton,Queensland,122,2021-04-13,2021-05-04,567,1015,90.0,3,270.0,Trousers,Relaxed Leg,XS,red,52,April,13,Tuesday,21,4
732,Gorden Seago,Genderfluid,80,Port Aaronton,Queensland,122,2021-04-13,2021-05-04,570,712,119.0,2,238.0,Jacket,Trench Coat,M,yellow,54,April,13,Tuesday,21,4
733,Otto Matyasik,Genderqueer,67,East Benjamin,New South Wales,953,2021-04-18,2021-04-26,4753,815,117.0,3,351.0,Jacket,Shearling,XS,yellow,66,April,18,Sunday,8,4
733,Otto Matyasik,Genderqueer,67,East Benjamin,New South Wales,953,2021-04-18,2021-04-26,4754,369,94.0,2,188.0,Shirt,Henley,XL,green,64,April,18,Sunday,8,4
733,Otto Matyasik,Genderqueer,67,East Benjamin,New South Wales,953,2021-04-18,2021-04-26,4757,509,102.0,3,306.0,Jacket,Windbreaker,XL,green,71,April,18,Sunday,8,4
733,Otto Matyasik,Genderqueer,67,East Benjamin,New South Wales,953,2021-04-18,2021-04-26,4750,80,118.0,1,118.0,Shirt,Flannel,XS,yellow,41,April,18,Sunday,8,4
733,Otto Matyasik,Genderqueer,67,East Benjamin,New South Wales,953,2021-04-18,2021-04-26,4752,232,106.0,2,212.0,Shirt,Chambray,M,blue,66,April,18,Sunday,8,4
733,Otto Matyasik,Genderqueer,67,East Benjamin,New South Wales,953,2021-04-18,2021-04-26,4755,302,105.0,1,105.0,Shirt,Cuban Collar,M,blue,55,April,18,Sunday,8,4
733,Otto Matyasik,Genderqueer,67,East Benjamin,New South Wales,953,2021-04-18,2021-04-26,4751,1128,102.0,2,204.0,Trousers,Cargo Pants,L,orange,78,April,18,Sunday,8,4
733,Otto Matyasik,Genderqueer,67,East Benjamin,New South Wales,953,2021-04-18,2021-04-26,4756,304,105.0,1,105.0,Shirt,Cuban Collar,XL,blue,73,April,18,Sunday,8,4
733,Otto Matyasik,Genderqueer,67,East Benjamin,New South Wales,953,2021-04-18,2021-04-26,4749,915,96.0,2,192.0,Trousers,Drawstring,XS,orange,41,April,18,Sunday,8,4
735,Valentino Branney,Bigender,46,Port Alanamouth,Queensland,610,2021-08-04,2021-08-31,3039,410,119.0,3,357.0,Shirt,Casual Slim Fit,XS,indigo,57,August,4,Wednesday,27,8
735,Valentino Branney,Bigender,46,Port Alanamouth,Queensland,610,2021-08-04,2021-08-31,3041,571,100.0,2,200.0,Jacket,Bomber,S,yellow,64,August,4,Wednesday,27,8
735,Valentino Branney,Bigender,46,Port Alanamouth,Queensland,610,2021-08-04,2021-08-31,3038,497,102.0,1,102.0,Jacket,Windbreaker,M,orange,45,August,4,Wednesday,27,8
735,Valentino Branney,Bigender,46,Port Alanamouth,Queensland,610,2021-08-04,2021-08-31,3040,919,96.0,2,192.0,Trousers,Drawstring,XL,orange,68,August,4,Wednesday,27,8
736,Delia Mably,Female,55,Doylebury,Victoria,81,2021-06-13,2021-06-15,358,142,91.0,1,91.0,Shirt,Linen,M,red,78,June,13,Sunday,2,6
736,Delia Mably,Female,55,Doylebury,Victoria,81,2021-06-13,2021-06-15,360,626,112.0,1,112.0,Jacket,Cardigan,S,violet,49,June,13,Sunday,2,6
736,Delia Mably,Female,55,Doylebury,Victoria,573,2021-01-02,2021-01-09,2863,312,105.0,3,315.0,Shirt,Cuban Collar,M,violet,67,January,2,Saturday,7,1
736,Delia Mably,Female,55,Doylebury,Victoria,573,2021-01-02,2021-01-09,2864,138,92.0,1,92.0,Shirt,Denim,L,violet,78,January,2,Saturday,7,1
736,Delia Mably,Female,55,Doylebury,Victoria,81,2021-06-13,2021-06-15,359,143,91.0,3,273.0,Shirt,Linen,L,red,80,June,13,Sunday,2,6
736,Delia Mably,Female,55,Doylebury,Victoria,81,2021-06-13,2021-06-15,357,1175,99.0,1,99.0,Trousers,High-Waisted,XS,blue,51,June,13,Sunday,2,6
736,Delia Mably,Female,55,Doylebury,Victoria,81,2021-06-13,2021-06-15,356,987,106.0,2,212.0,Trousers,Wool,M,orange,75,June,13,Sunday,2,6
736,Delia Mably,Female,55,Doylebury,Victoria,81,2021-06-13,2021-06-15,355,55,104.0,3,312.0,Shirt,Dress,XS,blue,41,June,13,Sunday,2,6
736,Delia Mably,Female,55,Doylebury,Victoria,573,2021-01-02,2021-01-09,2862,749,109.0,2,218.0,Jacket,Peacoat,XL,yellow,53,January,2,Saturday,7,1
736,Delia Mably,Female,55,Doylebury,Victoria,934,2021-04-03,2021-04-21,4660,82,118.0,3,354.0,Shirt,Flannel,M,yellow,59,April,3,Saturday,18,4
736,Delia Mably,Female,55,Doylebury,Victoria,934,2021-04-03,2021-04-21,4657,202,98.0,1,98.0,Shirt,Camp Collared,M,indigo,52,April,3,Saturday,18,4
736,Delia Mably,Female,55,Doylebury,Victoria,934,2021-04-03,2021-04-21,4658,1165,99.0,1,99.0,Trousers,High-Waisted,XS,yellow,64,April,3,Saturday,18,4
736,Delia Mably,Female,55,Doylebury,Victoria,934,2021-04-03,2021-04-21,4659,1194,105.0,1,105.0,Trousers,Pleated,XL,red,58,April,3,Saturday,18,4
736,Delia Mably,Female,55,Doylebury,Victoria,934,2021-04-03,2021-04-21,4656,453,107.0,2,214.0,Jacket,Denim,L,violet,50,April,3,Saturday,18,4
736,Delia Mably,Female,55,Doylebury,Victoria,934,2021-04-03,2021-04-21,4661,113,92.0,2,184.0,Shirt,Denim,L,orange,45,April,3,Saturday,18,4
737,Zebulen Zannotti,Genderqueer,60,Harveyside,Tasmania,505,2021-08-17,2021-08-27,2505,413,119.0,2,238.0,Shirt,Casual Slim Fit,L,indigo,60,August,17,Tuesday,10,8
737,Zebulen Zannotti,Genderqueer,60,Harveyside,Tasmania,667,2021-03-23,2021-03-28,3303,978,97.0,1,97.0,Trousers,Slim-Fit,L,violet,58,March,23,Tuesday,5,3
737,Zebulen Zannotti,Genderqueer,60,Harveyside,Tasmania,505,2021-08-17,2021-08-27,2503,485,118.0,2,236.0,Jacket,Puffer,XS,violet,74,August,17,Tuesday,10,8
737,Zebulen Zannotti,Genderqueer,60,Harveyside,Tasmania,505,2021-08-17,2021-08-27,2502,1009,106.0,2,212.0,Trousers,Wool,XL,indigo,51,August,17,Tuesday,10,8
737,Zebulen Zannotti,Genderqueer,60,Harveyside,Tasmania,667,2021-03-23,2021-03-28,3304,547,98.0,1,98.0,Jacket,Leather,M,blue,60,March,23,Tuesday,5,3
737,Zebulen Zannotti,Genderqueer,60,Harveyside,Tasmania,505,2021-08-17,2021-08-27,2504,736,109.0,1,109.0,Jacket,Peacoat,S,red,67,August,17,Tuesday,10,8
737,Zebulen Zannotti,Genderqueer,60,Harveyside,Tasmania,505,2021-08-17,2021-08-27,2501,210,106.0,3,318.0,Shirt,Chambray,XS,red,48,August,17,Tuesday,10,8
737,Zebulen Zannotti,Genderqueer,60,Harveyside,Tasmania,667,2021-03-23,2021-03-28,3307,698,113.0,3,339.0,Jacket,Parka,L,violet,53,March,23,Tuesday,5,3
737,Zebulen Zannotti,Genderqueer,60,Harveyside,Tasmania,667,2021-03-23,2021-03-28,3308,1077,93.0,2,186.0,Trousers,Joggers,M,indigo,66,March,23,Tuesday,5,3
737,Zebulen Zannotti,Genderqueer,60,Harveyside,Tasmania,667,2021-03-23,2021-03-28,3309,226,106.0,2,212.0,Shirt,Chambray,S,green,63,March,23,Tuesday,5,3
737,Zebulen Zannotti,Genderqueer,60,Harveyside,Tasmania,667,2021-03-23,2021-03-28,3306,3,96.0,1,96.0,Shirt,Oxford Cloth,L,red,69,March,23,Tuesday,5,3
737,Zebulen Zannotti,Genderqueer,60,Harveyside,Tasmania,667,2021-03-23,2021-03-28,3305,926,96.0,3,288.0,Trousers,Drawstring,S,green,73,March,23,Tuesday,5,3
737,Zebulen Zannotti,Genderqueer,60,Harveyside,Tasmania,505,2021-08-17,2021-08-27,2500,1024,90.0,3,270.0,Trousers,Relaxed Leg,XL,orange,80,August,17,Tuesday,10,8
738,Lilyan Pirt,Genderqueer,55,Hollyfort,Northern Territory,910,2021-01-27,2021-02-06,4568,908,94.0,2,188.0,Trousers,Cords,L,violet,74,January,27,Wednesday,10,1
738,Lilyan Pirt,Genderqueer,55,Hollyfort,Northern Territory,910,2021-01-27,2021-02-06,4570,21,96.0,2,192.0,Shirt,Oxford Cloth,S,blue,51,January,27,Wednesday,10,1
738,Lilyan Pirt,Genderqueer,55,Hollyfort,Northern Territory,910,2021-01-27,2021-02-06,4569,293,105.0,2,210.0,Shirt,Cuban Collar,L,yellow,77,January,27,Wednesday,10,1
738,Lilyan Pirt,Genderqueer,55,Hollyfort,Northern Territory,910,2021-01-27,2021-02-06,4571,34,96.0,2,192.0,Shirt,Oxford Cloth,XL,violet,54,January,27,Wednesday,10,1
738,Lilyan Pirt,Genderqueer,55,Hollyfort,Northern Territory,910,2021-01-27,2021-02-06,4567,465,118.0,3,354.0,Jacket,Puffer,XS,yellow,55,January,27,Wednesday,10,1
739,Kristel Klaaassen,Female,57,East Matthewville,New South Wales,650,2021-01-02,2021-01-15,3224,975,97.0,2,194.0,Trousers,Slim-Fit,XS,violet,70,January,2,Saturday,13,1
739,Kristel Klaaassen,Female,57,East Matthewville,New South Wales,346,2021-03-23,2021-04-06,1698,74,118.0,2,236.0,Shirt,Flannel,XL,red,72,March,23,Tuesday,14,3
739,Kristel Klaaassen,Female,57,East Matthewville,New South Wales,436,2021-08-17,2021-09-10,2164,583,100.0,3,300.0,Jacket,Bomber,L,blue,64,August,17,Tuesday,24,8
739,Kristel Klaaassen,Female,57,East Matthewville,New South Wales,436,2021-08-17,2021-09-10,2165,579,100.0,1,100.0,Jacket,Bomber,XL,green,79,August,17,Tuesday,24,8
739,Kristel Klaaassen,Female,57,East Matthewville,New South Wales,346,2021-03-23,2021-04-06,1696,194,98.0,1,98.0,Shirt,Camp Collared,XL,green,61,March,23,Tuesday,14,3
739,Kristel Klaaassen,Female,57,East Matthewville,New South Wales,346,2021-03-23,2021-04-06,1694,15,96.0,3,288.0,Shirt,Oxford Cloth,XS,green,68,March,23,Tuesday,14,3
739,Kristel Klaaassen,Female,57,East Matthewville,New South Wales,346,2021-03-23,2021-04-06,1699,776,91.0,1,91.0,Jacket,Pullover,S,orange,77,March,23,Tuesday,14,3
739,Kristel Klaaassen,Female,57,East Matthewville,New South Wales,346,2021-03-23,2021-04-06,1695,1145,102.0,3,306.0,Trousers,Cargo Pants,XS,indigo,51,March,23,Tuesday,14,3
739,Kristel Klaaassen,Female,57,East Matthewville,New South Wales,346,2021-03-23,2021-04-06,1697,591,100.0,1,100.0,Jacket,Bomber,S,violet,45,March,23,Tuesday,14,3
739,Kristel Klaaassen,Female,57,East Matthewville,New South Wales,650,2021-01-02,2021-01-15,3227,953,97.0,1,97.0,Trousers,Slim-Fit,L,orange,66,January,2,Saturday,13,1
739,Kristel Klaaassen,Female,57,East Matthewville,New South Wales,346,2021-03-23,2021-04-06,1692,383,94.0,1,94.0,Shirt,Henley,L,violet,51,March,23,Tuesday,14,3
739,Kristel Klaaassen,Female,57,East Matthewville,New South Wales,650,2021-01-02,2021-01-15,3228,951,97.0,1,97.0,Trousers,Slim-Fit,S,orange,55,January,2,Saturday,13,1
739,Kristel Klaaassen,Female,57,East Matthewville,New South Wales,650,2021-01-02,2021-01-15,3229,407,119.0,2,238.0,Shirt,Casual Slim Fit,M,blue,61,January,2,Saturday,13,1
739,Kristel Klaaassen,Female,57,East Matthewville,New South Wales,650,2021-01-02,2021-01-15,3225,579,100.0,1,100.0,Jacket,Bomber,XL,green,79,January,2,Saturday,13,1
739,Kristel Klaaassen,Female,57,East Matthewville,New South Wales,650,2021-01-02,2021-01-15,3230,1205,105.0,3,315.0,Trousers,Pleated,XS,green,58,January,2,Saturday,13,1
739,Kristel Klaaassen,Female,57,East Matthewville,New South Wales,650,2021-01-02,2021-01-15,3226,156,91.0,1,91.0,Shirt,Linen,S,green,58,January,2,Saturday,13,1
739,Kristel Klaaassen,Female,57,East Matthewville,New South Wales,346,2021-03-23,2021-04-06,1700,1210,105.0,2,210.0,Trousers,Pleated,XS,blue,62,March,23,Tuesday,14,3
739,Kristel Klaaassen,Female,57,East Matthewville,New South Wales,346,2021-03-23,2021-04-06,1693,730,119.0,1,119.0,Jacket,Trench Coat,XS,violet,64,March,23,Tuesday,14,3
740,Meryl Neeson,Non-binary,73,Port Molly,Tasmania,494,2021-07-31,2021-08-15,2438,491,102.0,1,102.0,Jacket,Windbreaker,S,red,54,July,31,Saturday,15,7
740,Meryl Neeson,Non-binary,73,Port Molly,Tasmania,494,2021-07-31,2021-08-15,2434,409,119.0,3,357.0,Shirt,Casual Slim Fit,XL,blue,68,July,31,Saturday,15,7
740,Meryl Neeson,Non-binary,73,Port Molly,Tasmania,957,2021-08-20,2021-08-30,4777,107,92.0,2,184.0,Shirt,Denim,M,red,49,August,20,Friday,10,8
740,Meryl Neeson,Non-binary,73,Port Molly,Tasmania,957,2021-08-20,2021-08-30,4776,48,104.0,1,104.0,Shirt,Dress,L,yellow,56,August,20,Friday,10,8
740,Meryl Neeson,Non-binary,73,Port Molly,Tasmania,514,2021-07-12,2021-07-22,2552,210,106.0,2,212.0,Shirt,Chambray,XS,red,48,July,12,Monday,10,7
740,Meryl Neeson,Non-binary,73,Port Molly,Tasmania,494,2021-07-31,2021-08-15,2441,389,119.0,3,357.0,Shirt,Casual Slim Fit,XL,red,47,July,31,Saturday,15,7
740,Meryl Neeson,Non-binary,73,Port Molly,Tasmania,494,2021-07-31,2021-08-15,2436,469,118.0,3,354.0,Jacket,Puffer,XL,yellow,65,July,31,Saturday,15,7
740,Meryl Neeson,Non-binary,73,Port Molly,Tasmania,494,2021-07-31,2021-08-15,2437,608,112.0,2,224.0,Jacket,Cardigan,L,yellow,50,July,31,Saturday,15,7
740,Meryl Neeson,Non-binary,73,Port Molly,Tasmania,494,2021-07-31,2021-08-15,2435,475,118.0,3,354.0,Jacket,Puffer,XS,blue,57,July,31,Saturday,15,7
740,Meryl Neeson,Non-binary,73,Port Molly,Tasmania,494,2021-07-31,2021-08-15,2440,450,107.0,2,214.0,Jacket,Denim,XS,violet,65,July,31,Saturday,15,7
740,Meryl Neeson,Non-binary,73,Port Molly,Tasmania,494,2021-07-31,2021-08-15,2439,502,102.0,3,306.0,Jacket,Windbreaker,M,yellow,52,July,31,Saturday,15,7
740,Meryl Neeson,Non-binary,73,Port Molly,Tasmania,514,2021-07-12,2021-07-22,2550,239,106.0,1,106.0,Shirt,Chambray,XL,indigo,61,July,12,Monday,10,7
740,Meryl Neeson,Non-binary,73,Port Molly,Tasmania,514,2021-07-12,2021-07-22,2551,816,117.0,1,117.0,Jacket,Shearling,S,yellow,48,July,12,Monday,10,7
742,Selestina Dauber,Polygender,44,Port Aliview,Western Australia,483,2021-03-15,2021-03-20,2386,1188,99.0,1,99.0,Trousers,High-Waisted,L,violet,68,March,15,Monday,5,3
742,Selestina Dauber,Polygender,44,Port Aliview,Western Australia,531,2021-01-14,2021-02-08,2660,1155,99.0,3,297.0,Trousers,High-Waisted,XS,red,74,January,14,Thursday,25,1
742,Selestina Dauber,Polygender,44,Port Aliview,Western Australia,531,2021-01-14,2021-02-08,2657,611,112.0,2,224.0,Jacket,Cardigan,S,green,62,January,14,Thursday,25,1
742,Selestina Dauber,Polygender,44,Port Aliview,Western Australia,258,2021-10-21,2021-11-13,1248,65,104.0,2,208.0,Shirt,Dress,XS,violet,63,October,21,Thursday,23,10
742,Selestina Dauber,Polygender,44,Port Aliview,Western Australia,258,2021-10-21,2021-11-13,1247,669,113.0,1,113.0,Jacket,Parka,XL,red,64,October,21,Thursday,23,10
742,Selestina Dauber,Polygender,44,Port Aliview,Western Australia,258,2021-10-21,2021-11-13,1246,861,113.0,1,113.0,Trousers,Chinos,S,blue,51,October,21,Thursday,23,10
742,Selestina Dauber,Polygender,44,Port Aliview,Western Australia,258,2021-10-21,2021-11-13,1249,35,104.0,1,104.0,Shirt,Dress,XS,red,63,October,21,Thursday,23,10
742,Selestina Dauber,Polygender,44,Port Aliview,Western Australia,258,2021-10-21,2021-11-13,1250,843,113.0,2,226.0,Trousers,Chinos,L,red,44,October,21,Thursday,23,10
742,Selestina Dauber,Polygender,44,Port Aliview,Western Australia,258,2021-10-21,2021-11-13,1251,348,109.0,3,327.0,Shirt,Mandarin Collar,L,violet,54,October,21,Thursday,23,10
742,Selestina Dauber,Polygender,44,Port Aliview,Western Australia,483,2021-03-15,2021-03-20,2388,505,102.0,2,204.0,Jacket,Windbreaker,XS,green,57,March,15,Monday,5,3
742,Selestina Dauber,Polygender,44,Port Aliview,Western Australia,483,2021-03-15,2021-03-20,2382,537,98.0,1,98.0,Jacket,Leather,M,yellow,77,March,15,Monday,5,3
742,Selestina Dauber,Polygender,44,Port Aliview,Western Australia,531,2021-01-14,2021-02-08,2658,829,117.0,2,234.0,Jacket,Shearling,XL,blue,79,January,14,Thursday,25,1
742,Selestina Dauber,Polygender,44,Port Aliview,Western Australia,483,2021-03-15,2021-03-20,2383,1209,105.0,1,105.0,Trousers,Pleated,XL,green,55,March,15,Monday,5,3
742,Selestina Dauber,Polygender,44,Port Aliview,Western Australia,483,2021-03-15,2021-03-20,2385,812,117.0,1,117.0,Jacket,Shearling,M,orange,45,March,15,Monday,5,3
742,Selestina Dauber,Polygender,44,Port Aliview,Western Australia,483,2021-03-15,2021-03-20,2384,779,91.0,3,273.0,Jacket,Pullover,XL,orange,69,March,15,Monday,5,3
742,Selestina Dauber,Polygender,44,Port Aliview,Western Australia,483,2021-03-15,2021-03-20,2387,415,119.0,1,119.0,Shirt,Casual Slim Fit,XS,violet,55,March,15,Monday,5,3
742,Selestina Dauber,Polygender,44,Port Aliview,Western Australia,531,2021-01-14,2021-02-08,2659,466,118.0,2,236.0,Jacket,Puffer,S,yellow,48,January,14,Thursday,25,1
745,Lindy Saltrese,Non-binary,31,North Matthewfort,Northern Territory,419,2021-10-20,2021-11-10,2083,669,113.0,2,226.0,Jacket,Parka,XL,red,64,October,20,Wednesday,21,10
745,Lindy Saltrese,Non-binary,31,North Matthewfort,Northern Territory,419,2021-10-20,2021-11-10,2084,691,113.0,3,339.0,Jacket,Parka,S,indigo,53,October,20,Wednesday,21,10
745,Lindy Saltrese,Non-binary,31,North Matthewfort,Northern Territory,419,2021-10-20,2021-11-10,2086,34,96.0,2,192.0,Shirt,Oxford Cloth,XL,violet,54,October,20,Wednesday,21,10
745,Lindy Saltrese,Non-binary,31,North Matthewfort,Northern Territory,419,2021-10-20,2021-11-10,2085,581,100.0,2,200.0,Jacket,Bomber,S,blue,50,October,20,Wednesday,21,10
745,Lindy Saltrese,Non-binary,31,North Matthewfort,Northern Territory,419,2021-10-20,2021-11-10,2081,989,106.0,3,318.0,Trousers,Wool,XL,orange,56,October,20,Wednesday,21,10
745,Lindy Saltrese,Non-binary,31,North Matthewfort,Northern Territory,419,2021-10-20,2021-11-10,2082,1135,102.0,2,204.0,Trousers,Cargo Pants,XS,green,63,October,20,Wednesday,21,10
747,Cristen Hagley,Bigender,25,Lake Gabriella,Victoria,306,2021-10-16,2021-10-19,1497,768,109.0,3,327.0,Jacket,Peacoat,L,violet,65,October,16,Saturday,3,10
750,Mirabelle Vaney,Polygender,42,Baumbachton,Victoria,742,2021-10-21,2021-11-01,3707,606,112.0,1,112.0,Jacket,Cardigan,S,yellow,79,October,21,Thursday,11,10
750,Mirabelle Vaney,Polygender,42,Baumbachton,Victoria,742,2021-10-21,2021-11-01,3706,620,112.0,2,224.0,Jacket,Cardigan,XS,indigo,70,October,21,Thursday,11,10
750,Mirabelle Vaney,Polygender,42,Baumbachton,Victoria,742,2021-10-21,2021-11-01,3705,223,106.0,2,212.0,Shirt,Chambray,L,yellow,53,October,21,Thursday,11,10
750,Mirabelle Vaney,Polygender,42,Baumbachton,Victoria,742,2021-10-21,2021-11-01,3708,133,92.0,1,92.0,Shirt,Denim,L,indigo,58,October,21,Thursday,11,10
750,Mirabelle Vaney,Polygender,42,Baumbachton,Victoria,917,2021-01-02,2021-01-12,4592,345,109.0,1,109.0,Shirt,Mandarin Collar,XS,violet,52,January,2,Saturday,10,1
750,Mirabelle Vaney,Polygender,42,Baumbachton,Victoria,742,2021-10-21,2021-11-01,3709,1100,115.0,2,230.0,Trousers,Cropped,XS,green,48,October,21,Thursday,11,10
750,Mirabelle Vaney,Polygender,42,Baumbachton,Victoria,742,2021-10-21,2021-11-01,3704,893,94.0,3,282.0,Trousers,Cords,L,green,62,October,21,Thursday,11,10
754,Ninnetta Lammin,Bigender,74,Lake Jesse,New South Wales,429,2021-02-08,2021-02-22,2135,397,119.0,2,238.0,Shirt,Casual Slim Fit,M,yellow,76,February,8,Monday,14,2
754,Ninnetta Lammin,Bigender,74,Lake Jesse,New South Wales,429,2021-02-08,2021-02-22,2136,270,95.0,2,190.0,Shirt,Polo,XS,indigo,47,February,8,Monday,14,2
754,Ninnetta Lammin,Bigender,74,Lake Jesse,New South Wales,538,2021-01-04,2021-01-26,2685,810,117.0,2,234.0,Jacket,Shearling,XS,orange,54,January,4,Monday,22,1
754,Ninnetta Lammin,Bigender,74,Lake Jesse,New South Wales,735,2021-10-03,2021-10-16,3670,938,96.0,1,96.0,Trousers,Drawstring,L,indigo,77,October,3,Sunday,13,10
754,Ninnetta Lammin,Bigender,74,Lake Jesse,New South Wales,735,2021-10-03,2021-10-16,3671,443,107.0,3,321.0,Jacket,Denim,L,blue,42,October,3,Sunday,13,10
754,Ninnetta Lammin,Bigender,74,Lake Jesse,New South Wales,735,2021-10-03,2021-10-16,3672,709,119.0,2,238.0,Jacket,Trench Coat,XL,orange,71,October,3,Sunday,13,10
754,Ninnetta Lammin,Bigender,74,Lake Jesse,New South Wales,735,2021-10-03,2021-10-16,3673,184,98.0,3,294.0,Shirt,Camp Collared,XL,orange,48,October,3,Sunday,13,10
754,Ninnetta Lammin,Bigender,74,Lake Jesse,New South Wales,538,2021-01-04,2021-01-26,2679,494,102.0,1,102.0,Jacket,Windbreaker,XL,red,48,January,4,Monday,22,1
754,Ninnetta Lammin,Bigender,74,Lake Jesse,New South Wales,538,2021-01-04,2021-01-26,2681,74,118.0,2,236.0,Shirt,Flannel,XL,red,72,January,4,Monday,22,1
754,Ninnetta Lammin,Bigender,74,Lake Jesse,New South Wales,735,2021-10-03,2021-10-16,3669,481,118.0,3,354.0,Jacket,Puffer,S,indigo,62,October,3,Sunday,13,10
754,Ninnetta Lammin,Bigender,74,Lake Jesse,New South Wales,538,2021-01-04,2021-01-26,2678,279,95.0,1,95.0,Shirt,Polo,XL,violet,79,January,4,Monday,22,1
754,Ninnetta Lammin,Bigender,74,Lake Jesse,New South Wales,538,2021-01-04,2021-01-26,2682,33,96.0,1,96.0,Shirt,Oxford Cloth,L,violet,73,January,4,Monday,22,1
754,Ninnetta Lammin,Bigender,74,Lake Jesse,New South Wales,538,2021-01-04,2021-01-26,2684,213,106.0,1,106.0,Shirt,Chambray,L,red,44,January,4,Monday,22,1
754,Ninnetta Lammin,Bigender,74,Lake Jesse,New South Wales,538,2021-01-04,2021-01-26,2683,1023,90.0,1,90.0,Trousers,Relaxed Leg,L,orange,78,January,4,Monday,22,1
754,Ninnetta Lammin,Bigender,74,Lake Jesse,New South Wales,538,2021-01-04,2021-01-26,2680,351,94.0,3,282.0,Shirt,Henley,S,red,60,January,4,Monday,22,1
755,Herbert Rock,Female,79,West Aaron,New South Wales,721,2021-08-28,2021-09-04,3604,855,113.0,3,339.0,Trousers,Chinos,XS,green,75,August,28,Saturday,7,8
755,Herbert Rock,Female,79,West Aaron,New South Wales,721,2021-08-28,2021-09-04,3605,483,118.0,3,354.0,Jacket,Puffer,L,indigo,61,August,28,Saturday,7,8
755,Herbert Rock,Female,79,West Aaron,New South Wales,721,2021-08-28,2021-09-04,3606,543,98.0,1,98.0,Jacket,Leather,L,green,71,August,28,Saturday,7,8
755,Herbert Rock,Female,79,West Aaron,New South Wales,721,2021-08-28,2021-09-04,3608,921,96.0,3,288.0,Trousers,Drawstring,S,yellow,74,August,28,Saturday,7,8
755,Herbert Rock,Female,79,West Aaron,New South Wales,721,2021-08-28,2021-09-04,3607,1162,99.0,1,99.0,Trousers,High-Waisted,M,orange,69,August,28,Saturday,7,8
757,Taffy Quimby,Non-binary,31,East Xavier,New South Wales,476,2021-10-07,2021-11-02,2345,253,95.0,1,95.0,Shirt,Polo,L,orange,63,October,7,Thursday,26,10
757,Taffy Quimby,Non-binary,31,East Xavier,New South Wales,458,2021-10-21,2021-11-10,2254,927,96.0,3,288.0,Trousers,Drawstring,M,green,52,October,21,Thursday,20,10
757,Taffy Quimby,Non-binary,31,East Xavier,New South Wales,476,2021-10-07,2021-11-02,2344,368,94.0,2,188.0,Shirt,Henley,L,green,41,October,7,Thursday,26,10
757,Taffy Quimby,Non-binary,31,East Xavier,New South Wales,476,2021-10-07,2021-11-02,2347,696,113.0,2,226.0,Jacket,Parka,S,violet,67,October,7,Thursday,26,10
757,Taffy Quimby,Non-binary,31,East Xavier,New South Wales,476,2021-10-07,2021-11-02,2348,400,119.0,2,238.0,Shirt,Casual Slim Fit,XS,green,69,October,7,Thursday,26,10
757,Taffy Quimby,Non-binary,31,East Xavier,New South Wales,476,2021-10-07,2021-11-02,2349,982,106.0,3,318.0,Trousers,Wool,M,red,58,October,7,Thursday,26,10
757,Taffy Quimby,Non-binary,31,East Xavier,New South Wales,458,2021-10-21,2021-11-10,2255,119,92.0,3,276.0,Shirt,Denim,XL,yellow,74,October,21,Thursday,20,10
757,Taffy Quimby,Non-binary,31,East Xavier,New South Wales,458,2021-10-21,2021-11-10,2258,901,94.0,1,94.0,Trousers,Cords,S,indigo,60,October,21,Thursday,20,10
757,Taffy Quimby,Non-binary,31,East Xavier,New South Wales,458,2021-10-21,2021-11-10,2259,319,109.0,3,327.0,Shirt,Mandarin Collar,XL,red,64,October,21,Thursday,20,10
757,Taffy Quimby,Non-binary,31,East Xavier,New South Wales,458,2021-10-21,2021-11-10,2257,369,94.0,2,188.0,Shirt,Henley,XL,green,64,October,21,Thursday,20,10
757,Taffy Quimby,Non-binary,31,East Xavier,New South Wales,458,2021-10-21,2021-11-10,2256,459,118.0,3,354.0,Jacket,Puffer,XL,red,41,October,21,Thursday,20,10
757,Taffy Quimby,Non-binary,31,East Xavier,New South Wales,569,2021-03-16,2021-04-06,2841,688,113.0,3,339.0,Jacket,Parka,L,blue,61,March,16,Tuesday,21,3
757,Taffy Quimby,Non-binary,31,East Xavier,New South Wales,569,2021-03-16,2021-04-06,2842,548,98.0,1,98.0,Jacket,Leather,L,blue,62,March,16,Tuesday,21,3
757,Taffy Quimby,Non-binary,31,East Xavier,New South Wales,569,2021-03-16,2021-04-06,2843,1240,112.0,2,224.0,Trousers,Tracksuit Bottoms,XS,green,69,March,16,Tuesday,21,3
757,Taffy Quimby,Non-binary,31,East Xavier,New South Wales,569,2021-03-16,2021-04-06,2840,194,98.0,3,294.0,Shirt,Camp Collared,XL,green,61,March,16,Tuesday,21,3
757,Taffy Quimby,Non-binary,31,East Xavier,New South Wales,476,2021-10-07,2021-11-02,2346,651,93.0,3,279.0,Jacket,Coach,S,blue,47,October,7,Thursday,26,10
758,Mallissa Lawdham,Genderfluid,44,East Madison,New South Wales,750,2021-02-19,2021-03-01,3751,437,107.0,2,214.0,Jacket,Denim,M,green,79,February,19,Friday,10,2
758,Mallissa Lawdham,Genderfluid,44,East Madison,New South Wales,750,2021-02-19,2021-03-01,3752,884,94.0,2,188.0,Trousers,Cords,XL,orange,72,February,19,Friday,10,2
758,Mallissa Lawdham,Genderfluid,44,East Madison,New South Wales,750,2021-02-19,2021-03-01,3758,708,119.0,1,119.0,Jacket,Trench Coat,L,orange,70,February,19,Friday,10,2
758,Mallissa Lawdham,Genderfluid,44,East Madison,New South Wales,750,2021-02-19,2021-03-01,3754,382,94.0,1,94.0,Shirt,Henley,M,violet,44,February,19,Friday,10,2
758,Mallissa Lawdham,Genderfluid,44,East Madison,New South Wales,750,2021-02-19,2021-03-01,3755,1159,99.0,2,198.0,Trousers,High-Waisted,XL,red,80,February,19,Friday,10,2
758,Mallissa Lawdham,Genderfluid,44,East Madison,New South Wales,750,2021-02-19,2021-03-01,3756,509,102.0,2,204.0,Jacket,Windbreaker,XL,green,71,February,19,Friday,10,2
758,Mallissa Lawdham,Genderfluid,44,East Madison,New South Wales,303,2021-09-02,2021-09-11,1486,3,96.0,2,192.0,Shirt,Oxford Cloth,L,red,69,September,2,Thursday,9,9
758,Mallissa Lawdham,Genderfluid,44,East Madison,New South Wales,750,2021-02-19,2021-03-01,3760,507,102.0,1,102.0,Jacket,Windbreaker,M,green,63,February,19,Friday,10,2
758,Mallissa Lawdham,Genderfluid,44,East Madison,New South Wales,750,2021-02-19,2021-03-01,3761,1113,115.0,3,345.0,Trousers,Cropped,L,indigo,63,February,19,Friday,10,2
758,Mallissa Lawdham,Genderfluid,44,East Madison,New South Wales,750,2021-02-19,2021-03-01,3759,583,100.0,2,200.0,Jacket,Bomber,L,blue,64,February,19,Friday,10,2
758,Mallissa Lawdham,Genderfluid,44,East Madison,New South Wales,303,2021-09-02,2021-09-11,1487,399,119.0,3,357.0,Shirt,Casual Slim Fit,XL,yellow,78,September,2,Thursday,9,9
758,Mallissa Lawdham,Genderfluid,44,East Madison,New South Wales,750,2021-02-19,2021-03-01,3753,333,109.0,1,109.0,Shirt,Mandarin Collar,L,green,67,February,19,Friday,10,2
758,Mallissa Lawdham,Genderfluid,44,East Madison,New South Wales,303,2021-09-02,2021-09-11,1485,589,100.0,1,100.0,Jacket,Bomber,XL,indigo,50,September,2,Thursday,9,9
758,Mallissa Lawdham,Genderfluid,44,East Madison,New South Wales,303,2021-09-02,2021-09-11,1484,595,112.0,2,224.0,Jacket,Cardigan,XS,red,51,September,2,Thursday,9,9
758,Mallissa Lawdham,Genderfluid,44,East Madison,New South Wales,750,2021-02-19,2021-03-01,3757,91,118.0,1,118.0,Shirt,Flannel,S,blue,43,February,19,Friday,10,2
761,Jan Gligori,Non-binary,52,West Aidanton,Victoria,522,2021-03-19,2021-04-05,2607,713,119.0,2,238.0,Jacket,Trench Coat,L,yellow,77,March,19,Friday,17,3
761,Jan Gligori,Non-binary,52,West Aidanton,Victoria,522,2021-03-19,2021-04-05,2606,924,96.0,2,192.0,Trousers,Drawstring,XL,yellow,48,March,19,Friday,17,3
761,Jan Gligori,Non-binary,52,West Aidanton,Victoria,522,2021-03-19,2021-04-05,2605,433,107.0,3,321.0,Jacket,Denim,L,yellow,44,March,19,Friday,17,3
762,Eloise Ondrusek,Polygender,43,South Codyhaven,Tasmania,789,2021-10-11,2021-11-03,3955,813,117.0,2,234.0,Jacket,Shearling,L,orange,58,October,11,Monday,23,10
762,Eloise Ondrusek,Polygender,43,South Codyhaven,Tasmania,789,2021-10-11,2021-11-03,3954,1006,106.0,2,212.0,Trousers,Wool,S,indigo,45,October,11,Monday,23,10
762,Eloise Ondrusek,Polygender,43,South Codyhaven,Tasmania,789,2021-10-11,2021-11-03,3956,931,96.0,1,96.0,Trousers,Drawstring,S,blue,48,October,11,Monday,23,10
762,Eloise Ondrusek,Polygender,43,South Codyhaven,Tasmania,789,2021-10-11,2021-11-03,3957,972,97.0,2,194.0,Trousers,Slim-Fit,M,indigo,67,October,11,Monday,23,10
764,Brod Phifer,Polygender,32,Hettingerfort,Western Australia,561,2021-02-15,2021-03-13,2802,1067,93.0,3,279.0,Trousers,Joggers,M,green,54,February,15,Monday,26,2
764,Brod Phifer,Polygender,32,Hettingerfort,Western Australia,811,2021-10-22,2021-10-24,4076,521,102.0,2,204.0,Jacket,Windbreaker,S,violet,46,October,22,Friday,2,10
764,Brod Phifer,Polygender,32,Hettingerfort,Western Australia,811,2021-10-22,2021-10-24,4077,287,105.0,3,315.0,Shirt,Cuban Collar,M,orange,49,October,22,Friday,2,10
764,Brod Phifer,Polygender,32,Hettingerfort,Western Australia,561,2021-02-15,2021-03-13,2804,672,113.0,3,339.0,Jacket,Parka,M,orange,51,February,15,Monday,26,2
764,Brod Phifer,Polygender,32,Hettingerfort,Western Australia,811,2021-10-22,2021-10-24,4075,976,97.0,1,97.0,Trousers,Slim-Fit,S,violet,46,October,22,Friday,2,10
764,Brod Phifer,Polygender,32,Hettingerfort,Western Australia,561,2021-02-15,2021-03-13,2803,878,94.0,1,94.0,Trousers,Cords,L,red,53,February,15,Monday,26,2
765,Marni Figiovanni,Non-binary,59,Eveside,New South Wales,968,2021-03-14,2021-04-03,4834,447,107.0,3,321.0,Jacket,Denim,M,indigo,52,March,14,Sunday,20,3
765,Marni Figiovanni,Non-binary,59,Eveside,New South Wales,968,2021-03-14,2021-04-03,4831,575,100.0,2,200.0,Jacket,Bomber,XS,green,48,March,14,Sunday,20,3
765,Marni Figiovanni,Non-binary,59,Eveside,New South Wales,968,2021-03-14,2021-04-03,4833,917,96.0,2,192.0,Trousers,Drawstring,M,orange,76,March,14,Sunday,20,3
765,Marni Figiovanni,Non-binary,59,Eveside,New South Wales,968,2021-03-14,2021-04-03,4836,232,106.0,3,318.0,Shirt,Chambray,M,blue,66,March,14,Sunday,20,3
765,Marni Figiovanni,Non-binary,59,Eveside,New South Wales,968,2021-03-14,2021-04-03,4835,1077,93.0,3,279.0,Trousers,Joggers,M,indigo,66,March,14,Sunday,20,3
765,Marni Figiovanni,Non-binary,59,Eveside,New South Wales,968,2021-03-14,2021-04-03,4832,403,119.0,3,357.0,Shirt,Casual Slim Fit,L,green,54,March,14,Sunday,20,3
767,Waylin Gasson,Genderqueer,37,West Kai,South Australia,923,2021-07-05,2021-07-26,4610,462,118.0,3,354.0,Jacket,Puffer,M,orange,61,July,5,Monday,21,7
767,Waylin Gasson,Genderqueer,37,West Kai,South Australia,235,2021-09-28,2021-10-12,1140,801,91.0,3,273.0,Jacket,Pullover,S,violet,74,September,28,Tuesday,14,9
767,Waylin Gasson,Genderqueer,37,West Kai,South Australia,923,2021-07-05,2021-07-26,4608,655,93.0,3,279.0,Jacket,Coach,XS,indigo,42,July,5,Monday,21,7
767,Waylin Gasson,Genderqueer,37,West Kai,South Australia,529,2021-01-10,2021-01-19,2645,1194,105.0,2,210.0,Trousers,Pleated,XL,red,58,January,10,Sunday,9,1
767,Waylin Gasson,Genderqueer,37,West Kai,South Australia,529,2021-01-10,2021-01-19,2644,937,96.0,3,288.0,Trousers,Drawstring,M,indigo,58,January,10,Sunday,9,1
767,Waylin Gasson,Genderqueer,37,West Kai,South Australia,923,2021-07-05,2021-07-26,4613,427,107.0,3,321.0,Jacket,Denim,M,orange,48,July,5,Monday,21,7
767,Waylin Gasson,Genderqueer,37,West Kai,South Australia,529,2021-01-10,2021-01-19,2643,291,105.0,2,210.0,Shirt,Cuban Collar,S,yellow,41,January,10,Sunday,9,1
767,Waylin Gasson,Genderqueer,37,West Kai,South Australia,923,2021-07-05,2021-07-26,4611,739,109.0,2,218.0,Jacket,Peacoat,XL,red,58,July,5,Monday,21,7
767,Waylin Gasson,Genderqueer,37,West Kai,South Australia,923,2021-07-05,2021-07-26,4612,222,106.0,1,106.0,Shirt,Chambray,M,yellow,62,July,5,Monday,21,7
767,Waylin Gasson,Genderqueer,37,West Kai,South Australia,235,2021-09-28,2021-10-12,1137,140,91.0,3,273.0,Shirt,Linen,XS,red,61,September,28,Tuesday,14,9
767,Waylin Gasson,Genderqueer,37,West Kai,South Australia,235,2021-09-28,2021-10-12,1138,78,118.0,2,236.0,Shirt,Flannel,L,orange,59,September,28,Tuesday,14,9
767,Waylin Gasson,Genderqueer,37,West Kai,South Australia,235,2021-09-28,2021-10-12,1139,950,97.0,2,194.0,Trousers,Slim-Fit,XS,orange,69,September,28,Tuesday,14,9
767,Waylin Gasson,Genderqueer,37,West Kai,South Australia,923,2021-07-05,2021-07-26,4609,445,107.0,2,214.0,Jacket,Denim,XS,indigo,75,July,5,Monday,21,7
767,Waylin Gasson,Genderqueer,37,West Kai,South Australia,235,2021-09-28,2021-10-12,1136,1213,105.0,3,315.0,Trousers,Pleated,L,blue,79,September,28,Tuesday,14,9
768,Aida Warsap,Bigender,52,Port Isabel,Northern Territory,810,2021-03-22,2021-04-04,4067,356,94.0,1,94.0,Shirt,Henley,S,orange,46,March,22,Monday,13,3
768,Aida Warsap,Bigender,52,Port Isabel,Northern Territory,810,2021-03-22,2021-04-04,4066,1221,105.0,2,210.0,Trousers,Pleated,S,violet,50,March,22,Monday,13,3
768,Aida Warsap,Bigender,52,Port Isabel,Northern Territory,810,2021-03-22,2021-04-04,4068,689,113.0,2,226.0,Jacket,Parka,XL,blue,47,March,22,Monday,13,3
768,Aida Warsap,Bigender,52,Port Isabel,Northern Territory,810,2021-03-22,2021-04-04,4071,130,92.0,3,276.0,Shirt,Denim,XS,indigo,79,March,22,Monday,13,3
768,Aida Warsap,Bigender,52,Port Isabel,Northern Territory,810,2021-03-22,2021-04-04,4072,691,113.0,3,339.0,Jacket,Parka,S,indigo,53,March,22,Monday,13,3
768,Aida Warsap,Bigender,52,Port Isabel,Northern Territory,810,2021-03-22,2021-04-04,4073,1166,99.0,3,297.0,Trousers,High-Waisted,S,yellow,56,March,22,Monday,13,3
768,Aida Warsap,Bigender,52,Port Isabel,Northern Territory,810,2021-03-22,2021-04-04,4074,1025,90.0,3,270.0,Trousers,Relaxed Leg,XS,yellow,44,March,22,Monday,13,3
768,Aida Warsap,Bigender,52,Port Isabel,Northern Territory,810,2021-03-22,2021-04-04,4070,1202,105.0,3,315.0,Trousers,Pleated,M,yellow,54,March,22,Monday,13,3
768,Aida Warsap,Bigender,52,Port Isabel,Northern Territory,810,2021-03-22,2021-04-04,4069,762,109.0,1,109.0,Jacket,Peacoat,M,indigo,52,March,22,Monday,13,3
769,Sigmund Bothen,Male,21,West Grace,Australian Capital Territory,543,2021-07-28,2021-08-09,2712,1204,105.0,2,210.0,Trousers,Pleated,XL,yellow,52,July,28,Wednesday,12,7
769,Sigmund Bothen,Male,21,West Grace,Australian Capital Territory,543,2021-07-28,2021-08-09,2711,1205,105.0,1,105.0,Trousers,Pleated,XS,green,58,July,28,Wednesday,12,7
769,Sigmund Bothen,Male,21,West Grace,Australian Capital Territory,462,2021-01-31,2021-02-20,2278,1203,105.0,1,105.0,Trousers,Pleated,L,yellow,62,January,31,Sunday,20,1
769,Sigmund Bothen,Male,21,West Grace,Australian Capital Territory,462,2021-01-31,2021-02-20,2277,262,95.0,3,285.0,Shirt,Polo,M,green,62,January,31,Sunday,20,1
769,Sigmund Bothen,Male,21,West Grace,Australian Capital Territory,462,2021-01-31,2021-02-20,2276,1083,93.0,3,279.0,Trousers,Joggers,L,violet,60,January,31,Sunday,20,1
769,Sigmund Bothen,Male,21,West Grace,Australian Capital Territory,543,2021-07-28,2021-08-09,2710,1046,90.0,2,180.0,Trousers,Relaxed Leg,S,violet,75,July,28,Wednesday,12,7
769,Sigmund Bothen,Male,21,West Grace,Australian Capital Territory,543,2021-07-28,2021-08-09,2709,1106,115.0,2,230.0,Trousers,Cropped,S,blue,62,July,28,Wednesday,12,7
769,Sigmund Bothen,Male,21,West Grace,Australian Capital Territory,543,2021-07-28,2021-08-09,2708,1092,115.0,1,115.0,Trousers,Cropped,M,orange,56,July,28,Wednesday,12,7
769,Sigmund Bothen,Male,21,West Grace,Australian Capital Territory,543,2021-07-28,2021-08-09,2707,17,96.0,1,96.0,Shirt,Oxford Cloth,M,green,60,July,28,Wednesday,12,7
769,Sigmund Bothen,Male,21,West Grace,Australian Capital Territory,462,2021-01-31,2021-02-20,2279,205,98.0,1,98.0,Shirt,Camp Collared,XS,violet,72,January,31,Sunday,20,1
769,Sigmund Bothen,Male,21,West Grace,Australian Capital Territory,462,2021-01-31,2021-02-20,2274,778,91.0,2,182.0,Jacket,Pullover,L,orange,56,January,31,Sunday,20,1
769,Sigmund Bothen,Male,21,West Grace,Australian Capital Territory,543,2021-07-28,2021-08-09,2713,1108,115.0,2,230.0,Trousers,Cropped,L,blue,45,July,28,Wednesday,12,7
769,Sigmund Bothen,Male,21,West Grace,Australian Capital Territory,462,2021-01-31,2021-02-20,2275,493,102.0,3,306.0,Jacket,Windbreaker,L,red,40,January,31,Sunday,20,1
770,Thorsten Sowrey,Polygender,50,Port Isabelle,South Australia,992,2021-07-23,2021-08-14,4963,299,105.0,1,105.0,Shirt,Cuban Collar,XL,green,60,July,23,Friday,22,7
770,Thorsten Sowrey,Polygender,50,Port Isabelle,South Australia,992,2021-07-23,2021-08-14,4961,1214,105.0,2,210.0,Trousers,Pleated,XL,blue,55,July,23,Friday,22,7
770,Thorsten Sowrey,Polygender,50,Port Isabelle,South Australia,992,2021-07-23,2021-08-14,4965,539,98.0,3,294.0,Jacket,Leather,XL,yellow,67,July,23,Friday,22,7
770,Thorsten Sowrey,Polygender,50,Port Isabelle,South Australia,992,2021-07-23,2021-08-14,4962,1,96.0,3,288.0,Shirt,Oxford Cloth,S,red,53,July,23,Friday,22,7
770,Thorsten Sowrey,Polygender,50,Port Isabelle,South Australia,992,2021-07-23,2021-08-14,4964,485,118.0,1,118.0,Jacket,Puffer,XS,violet,74,July,23,Friday,22,7
771,Paul McGavigan,Genderfluid,74,Kuhntown,Victoria,411,2021-03-17,2021-04-08,2037,826,117.0,1,117.0,Jacket,Shearling,S,blue,72,March,17,Wednesday,22,3
771,Paul McGavigan,Genderfluid,74,Kuhntown,Victoria,411,2021-03-17,2021-04-08,2036,564,100.0,3,300.0,Jacket,Bomber,XL,red,62,March,17,Wednesday,22,3
771,Paul McGavigan,Genderfluid,74,Kuhntown,Victoria,411,2021-03-17,2021-04-08,2041,451,107.0,2,214.0,Jacket,Denim,S,violet,73,March,17,Wednesday,22,3
771,Paul McGavigan,Genderfluid,74,Kuhntown,Victoria,411,2021-03-17,2021-04-08,2038,508,102.0,1,102.0,Jacket,Windbreaker,L,green,62,March,17,Wednesday,22,3
771,Paul McGavigan,Genderfluid,74,Kuhntown,Victoria,411,2021-03-17,2021-04-08,2039,860,113.0,2,226.0,Trousers,Chinos,XS,blue,69,March,17,Wednesday,22,3
771,Paul McGavigan,Genderfluid,74,Kuhntown,Victoria,411,2021-03-17,2021-04-08,2040,410,119.0,1,119.0,Shirt,Casual Slim Fit,XS,indigo,57,March,17,Wednesday,22,3
772,Marlee Edser,Genderqueer,71,Oscarberg,South Australia,540,2021-03-21,2021-03-30,2696,631,93.0,3,279.0,Jacket,Coach,S,red,76,March,21,Sunday,9,3
772,Marlee Edser,Genderqueer,71,Oscarberg,South Australia,540,2021-03-21,2021-03-30,2691,81,118.0,2,236.0,Shirt,Flannel,S,yellow,42,March,21,Sunday,9,3
772,Marlee Edser,Genderqueer,71,Oscarberg,South Australia,540,2021-03-21,2021-03-30,2694,554,98.0,1,98.0,Jacket,Leather,XL,indigo,52,March,21,Sunday,9,3
772,Marlee Edser,Genderqueer,71,Oscarberg,South Australia,540,2021-03-21,2021-03-30,2695,786,91.0,2,182.0,Jacket,Pullover,S,green,69,March,21,Sunday,9,3
772,Marlee Edser,Genderqueer,71,Oscarberg,South Australia,709,2021-06-17,2021-07-13,3528,397,119.0,1,119.0,Shirt,Casual Slim Fit,M,yellow,76,June,17,Thursday,26,6
772,Marlee Edser,Genderqueer,71,Oscarberg,South Australia,709,2021-06-17,2021-07-13,3527,641,93.0,1,93.0,Jacket,Coach,S,yellow,67,June,17,Thursday,26,6
772,Marlee Edser,Genderqueer,71,Oscarberg,South Australia,709,2021-06-17,2021-07-13,3530,951,97.0,2,194.0,Trousers,Slim-Fit,S,orange,55,June,17,Thursday,26,6
772,Marlee Edser,Genderqueer,71,Oscarberg,South Australia,709,2021-06-17,2021-07-13,3529,184,98.0,1,98.0,Shirt,Camp Collared,XL,orange,48,June,17,Thursday,26,6
772,Marlee Edser,Genderqueer,71,Oscarberg,South Australia,540,2021-03-21,2021-03-30,2692,406,119.0,2,238.0,Shirt,Casual Slim Fit,S,blue,75,March,21,Sunday,9,3
772,Marlee Edser,Genderqueer,71,Oscarberg,South Australia,709,2021-06-17,2021-07-13,3525,110,92.0,2,184.0,Shirt,Denim,XS,orange,45,June,17,Thursday,26,6
772,Marlee Edser,Genderqueer,71,Oscarberg,South Australia,709,2021-06-17,2021-07-13,3526,95,118.0,2,236.0,Shirt,Flannel,XS,indigo,46,June,17,Thursday,26,6
772,Marlee Edser,Genderqueer,71,Oscarberg,South Australia,540,2021-03-21,2021-03-30,2693,751,109.0,2,218.0,Jacket,Peacoat,S,green,41,March,21,Sunday,9,3
773,Paxon O'Shiel,Genderfluid,55,Thomasborough,New South Wales,228,2021-01-06,2021-01-17,1112,381,94.0,2,188.0,Shirt,Henley,S,violet,43,January,6,Wednesday,11,1
773,Paxon O'Shiel,Genderfluid,55,Thomasborough,New South Wales,228,2021-01-06,2021-01-17,1111,1026,90.0,3,270.0,Trousers,Relaxed Leg,S,yellow,43,January,6,Wednesday,11,1
773,Paxon O'Shiel,Genderfluid,55,Thomasborough,New South Wales,228,2021-01-06,2021-01-17,1110,123,92.0,1,92.0,Shirt,Denim,L,green,71,January,6,Wednesday,11,1
773,Paxon O'Shiel,Genderfluid,55,Thomasborough,New South Wales,228,2021-01-06,2021-01-17,1109,904,94.0,1,94.0,Trousers,Cords,XL,indigo,70,January,6,Wednesday,11,1
773,Paxon O'Shiel,Genderfluid,55,Thomasborough,New South Wales,228,2021-01-06,2021-01-17,1108,478,118.0,3,354.0,Jacket,Puffer,L,blue,48,January,6,Wednesday,11,1
774,Ellynn Korba,Genderqueer,34,West Jonathanshire,Tasmania,3,2021-10-08,2021-11-03,12,54,104.0,1,104.0,Shirt,Dress,XL,green,52,October,8,Friday,26,10
774,Ellynn Korba,Genderqueer,34,West Jonathanshire,Tasmania,3,2021-10-08,2021-11-03,13,6,96.0,2,192.0,Shirt,Oxford Cloth,S,orange,72,October,8,Friday,26,10
774,Ellynn Korba,Genderqueer,34,West Jonathanshire,Tasmania,353,2021-03-30,2021-04-05,1738,18,96.0,2,192.0,Shirt,Oxford Cloth,L,green,52,March,30,Tuesday,6,3
774,Ellynn Korba,Genderqueer,34,West Jonathanshire,Tasmania,944,2021-07-17,2021-08-09,4713,820,117.0,2,234.0,Jacket,Shearling,XS,green,74,July,17,Saturday,23,7
774,Ellynn Korba,Genderqueer,34,West Jonathanshire,Tasmania,353,2021-03-30,2021-04-05,1742,87,118.0,3,354.0,Shirt,Flannel,M,green,66,March,30,Tuesday,6,3
774,Ellynn Korba,Genderqueer,34,West Jonathanshire,Tasmania,353,2021-03-30,2021-04-05,1740,174,91.0,3,273.0,Shirt,Linen,XL,violet,73,March,30,Tuesday,6,3
774,Ellynn Korba,Genderqueer,34,West Jonathanshire,Tasmania,353,2021-03-30,2021-04-05,1741,1,96.0,3,288.0,Shirt,Oxford Cloth,S,red,53,March,30,Tuesday,6,3
774,Ellynn Korba,Genderqueer,34,West Jonathanshire,Tasmania,3,2021-10-08,2021-11-03,14,1010,106.0,2,212.0,Trousers,Wool,XS,violet,80,October,8,Friday,26,10
774,Ellynn Korba,Genderqueer,34,West Jonathanshire,Tasmania,353,2021-03-30,2021-04-05,1744,594,100.0,1,100.0,Jacket,Bomber,XL,violet,53,March,30,Tuesday,6,3
774,Ellynn Korba,Genderqueer,34,West Jonathanshire,Tasmania,353,2021-03-30,2021-04-05,1739,396,119.0,1,119.0,Shirt,Casual Slim Fit,S,yellow,45,March,30,Tuesday,6,3
774,Ellynn Korba,Genderqueer,34,West Jonathanshire,Tasmania,353,2021-03-30,2021-04-05,1743,948,97.0,1,97.0,Trousers,Slim-Fit,L,red,80,March,30,Tuesday,6,3
775,Edee Wildt,Bigender,56,East Charlesfurt,Northern Territory,276,2021-06-20,2021-06-24,1329,1134,102.0,3,306.0,Trousers,Cargo Pants,XL,yellow,52,June,20,Sunday,4,6
775,Edee Wildt,Bigender,56,East Charlesfurt,Northern Territory,276,2021-06-20,2021-06-24,1332,1060,93.0,3,279.0,Trousers,Joggers,XS,yellow,62,June,20,Sunday,4,6
775,Edee Wildt,Bigender,56,East Charlesfurt,Northern Territory,276,2021-06-20,2021-06-24,1330,951,97.0,1,97.0,Trousers,Slim-Fit,S,orange,55,June,20,Sunday,4,6
775,Edee Wildt,Bigender,56,East Charlesfurt,Northern Territory,276,2021-06-20,2021-06-24,1331,1178,99.0,1,99.0,Trousers,High-Waisted,L,blue,57,June,20,Sunday,4,6
776,Felice Dumbleton,Genderfluid,24,Harveyville,Australian Capital Territory,124,2021-07-06,2021-07-15,582,647,93.0,1,93.0,Jacket,Coach,M,green,63,July,6,Tuesday,9,7
776,Felice Dumbleton,Genderfluid,24,Harveyville,Australian Capital Territory,124,2021-07-06,2021-07-15,581,563,100.0,1,100.0,Jacket,Bomber,L,red,50,July,6,Tuesday,9,7
776,Felice Dumbleton,Genderfluid,24,Harveyville,Australian Capital Territory,124,2021-07-06,2021-07-15,585,200,98.0,3,294.0,Shirt,Camp Collared,XS,indigo,64,July,6,Tuesday,9,7
776,Felice Dumbleton,Genderfluid,24,Harveyville,Australian Capital Territory,124,2021-07-06,2021-07-15,588,1058,93.0,3,279.0,Trousers,Joggers,L,orange,49,July,6,Tuesday,9,7
776,Felice Dumbleton,Genderfluid,24,Harveyville,Australian Capital Territory,124,2021-07-06,2021-07-15,586,1199,105.0,2,210.0,Trousers,Pleated,XL,orange,69,July,6,Tuesday,9,7
776,Felice Dumbleton,Genderfluid,24,Harveyville,Australian Capital Territory,426,2021-09-26,2021-10-16,2122,1031,90.0,2,180.0,Trousers,Relaxed Leg,S,green,51,September,26,Sunday,20,9
776,Felice Dumbleton,Genderfluid,24,Harveyville,Australian Capital Territory,124,2021-07-06,2021-07-15,583,572,100.0,2,200.0,Jacket,Bomber,M,yellow,71,July,6,Tuesday,9,7
776,Felice Dumbleton,Genderfluid,24,Harveyville,Australian Capital Territory,124,2021-07-06,2021-07-15,584,32,96.0,3,288.0,Shirt,Oxford Cloth,M,violet,65,July,6,Tuesday,9,7
776,Felice Dumbleton,Genderfluid,24,Harveyville,Australian Capital Territory,124,2021-07-06,2021-07-15,587,137,92.0,3,276.0,Shirt,Denim,M,violet,55,July,6,Tuesday,9,7
776,Felice Dumbleton,Genderfluid,24,Harveyville,Australian Capital Territory,124,2021-07-06,2021-07-15,589,640,93.0,1,93.0,Jacket,Coach,XS,yellow,52,July,6,Tuesday,9,7
776,Felice Dumbleton,Genderfluid,24,Harveyville,Australian Capital Territory,124,2021-07-06,2021-07-15,580,352,94.0,2,188.0,Shirt,Henley,M,red,52,July,6,Tuesday,9,7
778,Chastity Daniaud,Genderfluid,20,Blakemouth,Northern Territory,754,2021-06-30,2021-07-23,3778,934,96.0,2,192.0,Trousers,Drawstring,XL,blue,60,June,30,Wednesday,23,6
778,Chastity Daniaud,Genderfluid,20,Blakemouth,Northern Territory,754,2021-06-30,2021-07-23,3779,132,92.0,2,184.0,Shirt,Denim,M,indigo,56,June,30,Wednesday,23,6
778,Chastity Daniaud,Genderfluid,20,Blakemouth,Northern Territory,976,2021-10-15,2021-11-04,4878,354,94.0,1,94.0,Shirt,Henley,XL,red,59,October,15,Friday,20,10
778,Chastity Daniaud,Genderfluid,20,Blakemouth,Northern Territory,976,2021-10-15,2021-11-04,4880,673,113.0,2,226.0,Jacket,Parka,L,orange,77,October,15,Friday,20,10
778,Chastity Daniaud,Genderfluid,20,Blakemouth,Northern Territory,643,2021-05-18,2021-05-24,3195,954,97.0,1,97.0,Trousers,Slim-Fit,XL,orange,78,May,18,Tuesday,6,5
778,Chastity Daniaud,Genderfluid,20,Blakemouth,Northern Territory,754,2021-06-30,2021-07-23,3781,38,104.0,2,208.0,Shirt,Dress,L,red,79,June,30,Wednesday,23,6
778,Chastity Daniaud,Genderfluid,20,Blakemouth,Northern Territory,754,2021-06-30,2021-07-23,3780,406,119.0,3,357.0,Shirt,Casual Slim Fit,S,blue,75,June,30,Wednesday,23,6
778,Chastity Daniaud,Genderfluid,20,Blakemouth,Northern Territory,643,2021-05-18,2021-05-24,3196,271,95.0,2,190.0,Shirt,Polo,S,indigo,50,May,18,Tuesday,6,5
778,Chastity Daniaud,Genderfluid,20,Blakemouth,Northern Territory,643,2021-05-18,2021-05-24,3197,320,109.0,1,109.0,Shirt,Mandarin Collar,XS,orange,68,May,18,Tuesday,6,5
778,Chastity Daniaud,Genderfluid,20,Blakemouth,Northern Territory,976,2021-10-15,2021-11-04,4879,903,94.0,3,282.0,Trousers,Cords,L,indigo,62,October,15,Friday,20,10
778,Chastity Daniaud,Genderfluid,20,Blakemouth,Northern Territory,754,2021-06-30,2021-07-23,3776,832,117.0,1,117.0,Jacket,Shearling,M,indigo,74,June,30,Wednesday,23,6
778,Chastity Daniaud,Genderfluid,20,Blakemouth,Northern Territory,754,2021-06-30,2021-07-23,3782,1122,102.0,1,102.0,Trousers,Cargo Pants,M,red,52,June,30,Wednesday,23,6
778,Chastity Daniaud,Genderfluid,20,Blakemouth,Northern Territory,754,2021-06-30,2021-07-23,3783,258,95.0,1,95.0,Shirt,Polo,L,yellow,46,June,30,Wednesday,23,6
778,Chastity Daniaud,Genderfluid,20,Blakemouth,Northern Territory,754,2021-06-30,2021-07-23,3777,126,92.0,1,92.0,Shirt,Denim,S,blue,47,June,30,Wednesday,23,6
778,Chastity Daniaud,Genderfluid,20,Blakemouth,Northern Territory,976,2021-10-15,2021-11-04,4881,964,97.0,1,97.0,Trousers,Slim-Fit,XL,green,67,October,15,Friday,20,10
778,Chastity Daniaud,Genderfluid,20,Blakemouth,Northern Territory,976,2021-10-15,2021-11-04,4882,402,119.0,1,119.0,Shirt,Casual Slim Fit,M,green,67,October,15,Friday,20,10
778,Chastity Daniaud,Genderfluid,20,Blakemouth,Northern Territory,643,2021-05-18,2021-05-24,3198,1189,99.0,3,297.0,Trousers,High-Waisted,XL,violet,74,May,18,Tuesday,6,5
778,Chastity Daniaud,Genderfluid,20,Blakemouth,Northern Territory,643,2021-05-18,2021-05-24,3194,458,118.0,3,354.0,Jacket,Puffer,L,red,44,May,18,Tuesday,6,5
778,Chastity Daniaud,Genderfluid,20,Blakemouth,Northern Territory,643,2021-05-18,2021-05-24,3191,1196,105.0,2,210.0,Trousers,Pleated,S,orange,72,May,18,Tuesday,6,5
778,Chastity Daniaud,Genderfluid,20,Blakemouth,Northern Territory,643,2021-05-18,2021-05-24,3193,682,113.0,3,339.0,Jacket,Parka,M,green,71,May,18,Tuesday,6,5
778,Chastity Daniaud,Genderfluid,20,Blakemouth,Northern Territory,643,2021-05-18,2021-05-24,3192,641,93.0,2,186.0,Jacket,Coach,S,yellow,67,May,18,Tuesday,6,5
780,Cinda Alleyne,Genderfluid,55,Caitlinview,Victoria,912,2021-08-23,2021-09-09,4576,1060,93.0,3,279.0,Trousers,Joggers,XS,yellow,62,August,23,Monday,17,8
781,Denny Parlour,Genderfluid,36,Madisonland,Victoria,758,2021-03-27,2021-04-21,3796,850,113.0,1,113.0,Trousers,Chinos,XS,yellow,41,March,27,Saturday,25,3
781,Denny Parlour,Genderfluid,36,Madisonland,Victoria,758,2021-03-27,2021-04-21,3798,1131,102.0,1,102.0,Trousers,Cargo Pants,S,yellow,48,March,27,Saturday,25,3
781,Denny Parlour,Genderfluid,36,Madisonland,Victoria,758,2021-03-27,2021-04-21,3799,394,119.0,3,357.0,Shirt,Casual Slim Fit,XL,orange,53,March,27,Saturday,25,3
781,Denny Parlour,Genderfluid,36,Madisonland,Victoria,758,2021-03-27,2021-04-21,3797,921,96.0,3,288.0,Trousers,Drawstring,S,yellow,74,March,27,Saturday,25,3
783,Gusty Smallacombe,Female,49,North Avabury,South Australia,582,2021-09-03,2021-09-18,2912,618,112.0,1,112.0,Jacket,Cardigan,L,blue,68,September,3,Friday,15,9
783,Gusty Smallacombe,Female,49,North Avabury,South Australia,491,2021-02-24,2021-03-18,2419,816,117.0,3,351.0,Jacket,Shearling,S,yellow,48,February,24,Wednesday,22,2
783,Gusty Smallacombe,Female,49,North Avabury,South Australia,491,2021-02-24,2021-03-18,2417,663,93.0,2,186.0,Jacket,Coach,L,violet,80,February,24,Wednesday,22,2
783,Gusty Smallacombe,Female,49,North Avabury,South Australia,568,2021-01-09,2021-01-22,2839,596,112.0,3,336.0,Jacket,Cardigan,S,red,47,January,9,Saturday,13,1
783,Gusty Smallacombe,Female,49,North Avabury,South Australia,582,2021-09-03,2021-09-18,2911,322,109.0,1,109.0,Shirt,Mandarin Collar,M,orange,78,September,3,Friday,15,9
783,Gusty Smallacombe,Female,49,North Avabury,South Australia,582,2021-09-03,2021-09-18,2909,21,96.0,2,192.0,Shirt,Oxford Cloth,S,blue,51,September,3,Friday,15,9
783,Gusty Smallacombe,Female,49,North Avabury,South Australia,582,2021-09-03,2021-09-18,2913,687,113.0,2,226.0,Jacket,Parka,M,blue,54,September,3,Friday,15,9
783,Gusty Smallacombe,Female,49,North Avabury,South Australia,568,2021-01-09,2021-01-22,2838,366,94.0,1,94.0,Shirt,Henley,S,green,68,January,9,Saturday,13,1
783,Gusty Smallacombe,Female,49,North Avabury,South Australia,582,2021-09-03,2021-09-18,2910,321,109.0,2,218.0,Shirt,Mandarin Collar,S,orange,52,September,3,Friday,15,9
783,Gusty Smallacombe,Female,49,North Avabury,South Australia,491,2021-02-24,2021-03-18,2416,923,96.0,1,96.0,Trousers,Drawstring,L,yellow,68,February,24,Wednesday,22,2
783,Gusty Smallacombe,Female,49,North Avabury,South Australia,582,2021-09-03,2021-09-18,2908,216,106.0,3,318.0,Shirt,Chambray,S,orange,69,September,3,Friday,15,9
783,Gusty Smallacombe,Female,49,North Avabury,South Australia,491,2021-02-24,2021-03-18,2418,843,113.0,1,113.0,Trousers,Chinos,L,red,44,February,24,Wednesday,22,2
783,Gusty Smallacombe,Female,49,North Avabury,South Australia,491,2021-02-24,2021-03-18,2420,1256,112.0,2,224.0,Trousers,Tracksuit Bottoms,S,violet,48,February,24,Wednesday,22,2
783,Gusty Smallacombe,Female,49,North Avabury,South Australia,568,2021-01-09,2021-01-22,2836,824,117.0,2,234.0,Jacket,Shearling,XL,green,51,January,9,Saturday,13,1
783,Gusty Smallacombe,Female,49,North Avabury,South Australia,568,2021-01-09,2021-01-22,2837,989,106.0,2,212.0,Trousers,Wool,XL,orange,56,January,9,Saturday,13,1
785,Jillana Blankau,Genderfluid,54,Port Adamburgh,Northern Territory,11,2021-06-15,2021-06-30,47,780,91.0,3,273.0,Jacket,Pullover,XS,yellow,65,June,15,Tuesday,15,6
785,Jillana Blankau,Genderfluid,54,Port Adamburgh,Northern Territory,11,2021-06-15,2021-06-30,46,877,94.0,2,188.0,Trousers,Cords,M,red,68,June,15,Tuesday,15,6
786,Lorine McLugish,Agender,23,Graceville,New South Wales,924,2021-04-04,2021-04-18,4614,38,104.0,2,208.0,Shirt,Dress,L,red,79,April,4,Sunday,14,4
786,Lorine McLugish,Agender,23,Graceville,New South Wales,924,2021-04-04,2021-04-18,4616,218,106.0,2,212.0,Shirt,Chambray,L,orange,44,April,4,Sunday,14,4
786,Lorine McLugish,Agender,23,Graceville,New South Wales,924,2021-04-04,2021-04-18,4615,1176,99.0,1,99.0,Trousers,High-Waisted,S,blue,75,April,4,Sunday,14,4
787,Sharl Izzett,Female,31,Davidshire,South Australia,825,2021-01-27,2021-02-22,4144,1008,106.0,2,212.0,Trousers,Wool,L,indigo,41,January,27,Wednesday,26,1
787,Sharl Izzett,Female,31,Davidshire,South Australia,660,2021-08-16,2021-08-25,3274,463,118.0,2,236.0,Jacket,Puffer,L,orange,66,August,16,Monday,9,8
787,Sharl Izzett,Female,31,Davidshire,South Australia,660,2021-08-16,2021-08-25,3273,301,105.0,2,210.0,Shirt,Cuban Collar,S,blue,62,August,16,Monday,9,8
787,Sharl Izzett,Female,31,Davidshire,South Australia,825,2021-01-27,2021-02-22,4147,936,96.0,1,96.0,Trousers,Drawstring,S,indigo,46,January,27,Wednesday,26,1
787,Sharl Izzett,Female,31,Davidshire,South Australia,825,2021-01-27,2021-02-22,4146,109,92.0,2,184.0,Shirt,Denim,XL,red,63,January,27,Wednesday,26,1
787,Sharl Izzett,Female,31,Davidshire,South Australia,825,2021-01-27,2021-02-22,4145,1115,115.0,2,230.0,Trousers,Cropped,XS,violet,65,January,27,Wednesday,26,1
787,Sharl Izzett,Female,31,Davidshire,South Australia,660,2021-08-16,2021-08-25,3275,807,117.0,3,351.0,Jacket,Shearling,M,red,49,August,16,Monday,9,8
787,Sharl Izzett,Female,31,Davidshire,South Australia,825,2021-01-27,2021-02-22,4143,164,91.0,1,91.0,Shirt,Linen,XL,blue,47,January,27,Wednesday,26,1
787,Sharl Izzett,Female,31,Davidshire,South Australia,825,2021-01-27,2021-02-22,4141,563,100.0,1,100.0,Jacket,Bomber,L,red,50,January,27,Wednesday,26,1
787,Sharl Izzett,Female,31,Davidshire,South Australia,825,2021-01-27,2021-02-22,4142,1148,102.0,1,102.0,Trousers,Cargo Pants,L,indigo,46,January,27,Wednesday,26,1
788,Gwenette Kahen,Male,71,Phoebeberg,Queensland,700,2021-07-01,2021-07-26,3476,979,97.0,2,194.0,Trousers,Slim-Fit,XL,violet,48,July,1,Thursday,25,7
788,Gwenette Kahen,Male,71,Phoebeberg,Queensland,700,2021-07-01,2021-07-26,3479,1106,115.0,2,230.0,Trousers,Cropped,S,blue,62,July,1,Thursday,25,7
788,Gwenette Kahen,Male,71,Phoebeberg,Queensland,700,2021-07-01,2021-07-26,3478,1145,102.0,3,306.0,Trousers,Cargo Pants,XS,indigo,51,July,1,Thursday,25,7
788,Gwenette Kahen,Male,71,Phoebeberg,Queensland,700,2021-07-01,2021-07-26,3475,172,91.0,1,91.0,Shirt,Linen,M,violet,44,July,1,Thursday,25,7
788,Gwenette Kahen,Male,71,Phoebeberg,Queensland,700,2021-07-01,2021-07-26,3480,177,98.0,2,196.0,Shirt,Camp Collared,M,red,64,July,1,Thursday,25,7
788,Gwenette Kahen,Male,71,Phoebeberg,Queensland,700,2021-07-01,2021-07-26,3477,534,98.0,3,294.0,Jacket,Leather,XL,orange,64,July,1,Thursday,25,7
789,Bone Perche,Genderqueer,36,Aliceland,Western Australia,20,2021-01-13,2021-01-20,96,514,102.0,3,306.0,Jacket,Windbreaker,XL,blue,59,January,13,Wednesday,7,1
789,Bone Perche,Genderqueer,36,Aliceland,Western Australia,20,2021-01-13,2021-01-20,97,681,113.0,1,113.0,Jacket,Parka,S,green,62,January,13,Wednesday,7,1
789,Bone Perche,Genderqueer,36,Aliceland,Western Australia,20,2021-01-13,2021-01-20,95,1114,115.0,3,345.0,Trousers,Cropped,XL,indigo,58,January,13,Wednesday,7,1
789,Bone Perche,Genderqueer,36,Aliceland,Western Australia,20,2021-01-13,2021-01-20,92,596,112.0,2,224.0,Jacket,Cardigan,S,red,47,January,13,Wednesday,7,1
789,Bone Perche,Genderqueer,36,Aliceland,Western Australia,20,2021-01-13,2021-01-20,98,1114,115.0,1,115.0,Trousers,Cropped,XL,indigo,58,January,13,Wednesday,7,1
789,Bone Perche,Genderqueer,36,Aliceland,Western Australia,20,2021-01-13,2021-01-20,94,571,100.0,1,100.0,Jacket,Bomber,S,yellow,64,January,13,Wednesday,7,1
789,Bone Perche,Genderqueer,36,Aliceland,Western Australia,903,2021-01-05,2021-01-21,4531,651,93.0,2,186.0,Jacket,Coach,S,blue,47,January,5,Tuesday,16,1
789,Bone Perche,Genderqueer,36,Aliceland,Western Australia,903,2021-01-05,2021-01-21,4529,516,102.0,2,204.0,Jacket,Windbreaker,S,indigo,62,January,5,Tuesday,16,1
789,Bone Perche,Genderqueer,36,Aliceland,Western Australia,903,2021-01-05,2021-01-21,4530,121,92.0,1,92.0,Shirt,Denim,S,green,49,January,5,Tuesday,16,1
789,Bone Perche,Genderqueer,36,Aliceland,Western Australia,903,2021-01-05,2021-01-21,4534,1132,102.0,1,102.0,Trousers,Cargo Pants,M,yellow,72,January,5,Tuesday,16,1
789,Bone Perche,Genderqueer,36,Aliceland,Western Australia,903,2021-01-05,2021-01-21,4533,420,107.0,3,321.0,Jacket,Denim,XS,red,60,January,5,Tuesday,16,1
789,Bone Perche,Genderqueer,36,Aliceland,Western Australia,903,2021-01-05,2021-01-21,4532,992,106.0,2,212.0,Trousers,Wool,M,yellow,43,January,5,Tuesday,16,1
789,Bone Perche,Genderqueer,36,Aliceland,Western Australia,20,2021-01-13,2021-01-20,93,85,118.0,3,354.0,Shirt,Flannel,XS,green,55,January,13,Wednesday,7,1
790,Drake Ivanilov,Genderqueer,67,Nathanfort,Australian Capital Territory,41,2021-01-03,2021-01-09,197,579,100.0,3,300.0,Jacket,Bomber,XL,green,79,January,3,Sunday,6,1
790,Drake Ivanilov,Genderqueer,67,Nathanfort,Australian Capital Territory,41,2021-01-03,2021-01-09,195,1012,106.0,1,106.0,Trousers,Wool,M,violet,51,January,3,Sunday,6,1
790,Drake Ivanilov,Genderqueer,67,Nathanfort,Australian Capital Territory,41,2021-01-03,2021-01-09,196,730,119.0,1,119.0,Jacket,Trench Coat,XS,violet,64,January,3,Sunday,6,1
791,Jojo Toffanini,Agender,34,Elijahshire,Queensland,382,2021-05-04,2021-05-15,1907,650,93.0,3,279.0,Jacket,Coach,XS,blue,51,May,4,Tuesday,11,5
791,Jojo Toffanini,Agender,34,Elijahshire,Queensland,382,2021-05-04,2021-05-15,1909,894,94.0,1,94.0,Trousers,Cords,XL,green,49,May,4,Tuesday,11,5
791,Jojo Toffanini,Agender,34,Elijahshire,Queensland,382,2021-05-04,2021-05-15,1906,971,97.0,2,194.0,Trousers,Slim-Fit,S,indigo,41,May,4,Tuesday,11,5
791,Jojo Toffanini,Agender,34,Elijahshire,Queensland,47,2021-04-21,2021-04-23,219,664,93.0,2,186.0,Jacket,Coach,XL,violet,60,April,21,Wednesday,2,4
791,Jojo Toffanini,Agender,34,Elijahshire,Queensland,382,2021-05-04,2021-05-15,1908,1022,90.0,1,90.0,Trousers,Relaxed Leg,M,orange,74,May,4,Tuesday,11,5
791,Jojo Toffanini,Agender,34,Elijahshire,Queensland,47,2021-04-21,2021-04-23,220,823,117.0,2,234.0,Jacket,Shearling,L,green,66,April,21,Wednesday,2,4
791,Jojo Toffanini,Agender,34,Elijahshire,Queensland,47,2021-04-21,2021-04-23,221,777,91.0,1,91.0,Jacket,Pullover,M,orange,60,April,21,Wednesday,2,4
791,Jojo Toffanini,Agender,34,Elijahshire,Queensland,47,2021-04-21,2021-04-23,222,78,118.0,2,236.0,Shirt,Flannel,L,orange,59,April,21,Wednesday,2,4
791,Jojo Toffanini,Agender,34,Elijahshire,Queensland,47,2021-04-21,2021-04-23,223,1089,115.0,3,345.0,Trousers,Cropped,XL,red,78,April,21,Wednesday,2,4
793,Tressa Cunnane,Agender,70,Lake Rose,Western Australia,736,2021-04-10,2021-05-03,3676,378,94.0,2,188.0,Shirt,Henley,L,indigo,44,April,10,Saturday,23,4
793,Tressa Cunnane,Agender,70,Lake Rose,Western Australia,736,2021-04-10,2021-05-03,3675,1245,112.0,1,112.0,Trousers,Tracksuit Bottoms,XS,blue,42,April,10,Saturday,23,4
793,Tressa Cunnane,Agender,70,Lake Rose,Western Australia,736,2021-04-10,2021-05-03,3674,864,113.0,1,113.0,Trousers,Chinos,XL,blue,48,April,10,Saturday,23,4
793,Tressa Cunnane,Agender,70,Lake Rose,Western Australia,636,2021-04-02,2021-04-07,3160,107,92.0,2,184.0,Shirt,Denim,M,red,49,April,2,Friday,5,4
793,Tressa Cunnane,Agender,70,Lake Rose,Western Australia,636,2021-04-02,2021-04-07,3158,105,92.0,2,184.0,Shirt,Denim,XS,red,52,April,2,Friday,5,4
793,Tressa Cunnane,Agender,70,Lake Rose,Western Australia,636,2021-04-02,2021-04-07,3157,99,118.0,1,118.0,Shirt,Flannel,XL,indigo,57,April,2,Friday,5,4
793,Tressa Cunnane,Agender,70,Lake Rose,Western Australia,736,2021-04-10,2021-05-03,3677,1164,99.0,3,297.0,Trousers,High-Waisted,XL,orange,47,April,10,Saturday,23,4
793,Tressa Cunnane,Agender,70,Lake Rose,Western Australia,636,2021-04-02,2021-04-07,3159,796,91.0,2,182.0,Jacket,Pullover,S,indigo,44,April,2,Friday,5,4
793,Tressa Cunnane,Agender,70,Lake Rose,Western Australia,736,2021-04-10,2021-05-03,3680,110,92.0,2,184.0,Shirt,Denim,XS,orange,45,April,10,Saturday,23,4
793,Tressa Cunnane,Agender,70,Lake Rose,Western Australia,736,2021-04-10,2021-05-03,3678,876,94.0,1,94.0,Trousers,Cords,S,red,67,April,10,Saturday,23,4
793,Tressa Cunnane,Agender,70,Lake Rose,Western Australia,736,2021-04-10,2021-05-03,3679,1184,99.0,3,297.0,Trousers,High-Waisted,XL,indigo,57,April,10,Saturday,23,4
794,Elizabet Pippin,Non-binary,72,Port Anna,South Australia,645,2021-08-19,2021-09-13,3209,470,118.0,2,236.0,Jacket,Puffer,XS,green,41,August,19,Thursday,25,8
794,Elizabet Pippin,Non-binary,72,Port Anna,South Australia,111,2021-03-30,2021-04-14,506,1056,93.0,2,186.0,Trousers,Joggers,S,orange,43,March,30,Tuesday,15,3
794,Elizabet Pippin,Non-binary,72,Port Anna,South Australia,111,2021-03-30,2021-04-14,507,1031,90.0,3,270.0,Trousers,Relaxed Leg,S,green,51,March,30,Tuesday,15,3
794,Elizabet Pippin,Non-binary,72,Port Anna,South Australia,111,2021-03-30,2021-04-14,508,660,93.0,3,279.0,Jacket,Coach,XS,violet,58,March,30,Tuesday,15,3
794,Elizabet Pippin,Non-binary,72,Port Anna,South Australia,111,2021-03-30,2021-04-14,504,306,105.0,1,105.0,Shirt,Cuban Collar,S,indigo,41,March,30,Tuesday,15,3
794,Elizabet Pippin,Non-binary,72,Port Anna,South Australia,111,2021-03-30,2021-04-14,505,186,98.0,1,98.0,Shirt,Camp Collared,S,yellow,66,March,30,Tuesday,15,3
794,Elizabet Pippin,Non-binary,72,Port Anna,South Australia,645,2021-08-19,2021-09-13,3208,525,98.0,2,196.0,Jacket,Leather,XS,red,67,August,19,Thursday,25,8
794,Elizabet Pippin,Non-binary,72,Port Anna,South Australia,645,2021-08-19,2021-09-13,3207,939,96.0,3,288.0,Trousers,Drawstring,XL,indigo,41,August,19,Thursday,25,8
794,Elizabet Pippin,Non-binary,72,Port Anna,South Australia,645,2021-08-19,2021-09-13,3203,444,107.0,2,214.0,Jacket,Denim,XL,blue,80,August,19,Thursday,25,8
794,Elizabet Pippin,Non-binary,72,Port Anna,South Australia,645,2021-08-19,2021-09-13,3204,586,100.0,2,200.0,Jacket,Bomber,S,indigo,41,August,19,Thursday,25,8
794,Elizabet Pippin,Non-binary,72,Port Anna,South Australia,645,2021-08-19,2021-09-13,3205,580,100.0,3,300.0,Jacket,Bomber,XS,blue,44,August,19,Thursday,25,8
794,Elizabet Pippin,Non-binary,72,Port Anna,South Australia,645,2021-08-19,2021-09-13,3206,455,118.0,2,236.0,Jacket,Puffer,XS,red,67,August,19,Thursday,25,8
794,Elizabet Pippin,Non-binary,72,Port Anna,South Australia,111,2021-03-30,2021-04-14,509,1091,115.0,1,115.0,Trousers,Cropped,S,orange,78,March,30,Tuesday,15,3
795,Berri O' Clovan,Agender,49,East Hayden,Australian Capital Territory,71,2021-02-14,2021-02-16,310,1100,115.0,1,115.0,Trousers,Cropped,XS,green,48,February,14,Sunday,2,2
795,Berri O' Clovan,Agender,49,East Hayden,Australian Capital Territory,71,2021-02-14,2021-02-16,311,230,106.0,2,212.0,Shirt,Chambray,XS,blue,76,February,14,Sunday,2,2
796,Perry McAless,Polygender,26,New Leah,Queensland,358,2021-04-07,2021-04-12,1767,8,96.0,2,192.0,Shirt,Oxford Cloth,L,orange,48,April,7,Wednesday,5,4
796,Perry McAless,Polygender,26,New Leah,Queensland,358,2021-04-07,2021-04-12,1768,327,109.0,2,218.0,Shirt,Mandarin Collar,M,yellow,58,April,7,Wednesday,5,4
796,Perry McAless,Polygender,26,New Leah,Queensland,358,2021-04-07,2021-04-12,1771,538,98.0,3,294.0,Jacket,Leather,L,yellow,45,April,7,Wednesday,5,4
796,Perry McAless,Polygender,26,New Leah,Queensland,358,2021-04-07,2021-04-12,1766,385,119.0,3,357.0,Shirt,Casual Slim Fit,XS,red,49,April,7,Wednesday,5,4
796,Perry McAless,Polygender,26,New Leah,Queensland,358,2021-04-07,2021-04-12,1770,288,105.0,2,210.0,Shirt,Cuban Collar,L,orange,65,April,7,Wednesday,5,4
796,Perry McAless,Polygender,26,New Leah,Queensland,358,2021-04-07,2021-04-12,1769,259,95.0,1,95.0,Shirt,Polo,XL,yellow,46,April,7,Wednesday,5,4
796,Perry McAless,Polygender,26,New Leah,Queensland,358,2021-04-07,2021-04-12,1765,620,112.0,1,112.0,Jacket,Cardigan,XS,indigo,70,April,7,Wednesday,5,4
796,Perry McAless,Polygender,26,New Leah,Queensland,358,2021-04-07,2021-04-12,1773,6,96.0,2,192.0,Shirt,Oxford Cloth,S,orange,72,April,7,Wednesday,5,4
796,Perry McAless,Polygender,26,New Leah,Queensland,358,2021-04-07,2021-04-12,1772,94,118.0,3,354.0,Shirt,Flannel,XL,blue,61,April,7,Wednesday,5,4
797,Rachelle Jelf,Female,32,Marcusshire,Queensland,517,2021-06-23,2021-06-30,2565,1033,90.0,3,270.0,Trousers,Relaxed Leg,L,green,62,June,23,Wednesday,7,6
797,Rachelle Jelf,Female,32,Marcusshire,Queensland,517,2021-06-23,2021-06-30,2568,465,118.0,3,354.0,Jacket,Puffer,XS,yellow,55,June,23,Wednesday,7,6
797,Rachelle Jelf,Female,32,Marcusshire,Queensland,517,2021-06-23,2021-06-30,2569,990,106.0,3,318.0,Trousers,Wool,XS,yellow,67,June,23,Wednesday,7,6
797,Rachelle Jelf,Female,32,Marcusshire,Queensland,517,2021-06-23,2021-06-30,2564,182,98.0,2,196.0,Shirt,Camp Collared,M,orange,65,June,23,Wednesday,7,6
797,Rachelle Jelf,Female,32,Marcusshire,Queensland,517,2021-06-23,2021-06-30,2571,775,91.0,2,182.0,Jacket,Pullover,XS,orange,79,June,23,Wednesday,7,6
797,Rachelle Jelf,Female,32,Marcusshire,Queensland,517,2021-06-23,2021-06-30,2567,884,94.0,3,282.0,Trousers,Cords,XL,orange,72,June,23,Wednesday,7,6
797,Rachelle Jelf,Female,32,Marcusshire,Queensland,517,2021-06-23,2021-06-30,2570,1149,102.0,3,306.0,Trousers,Cargo Pants,XL,indigo,64,June,23,Wednesday,7,6
797,Rachelle Jelf,Female,32,Marcusshire,Queensland,517,2021-06-23,2021-06-30,2566,269,95.0,3,285.0,Shirt,Polo,XL,blue,70,June,23,Wednesday,7,6
797,Rachelle Jelf,Female,32,Marcusshire,Queensland,517,2021-06-23,2021-06-30,2572,1209,105.0,1,105.0,Trousers,Pleated,XL,green,55,June,23,Wednesday,7,6
799,Gibbie Beardall,Polygender,67,South Levi,New South Wales,287,2021-09-09,2021-10-03,1392,977,97.0,1,97.0,Trousers,Slim-Fit,M,violet,51,September,9,Thursday,24,9
799,Gibbie Beardall,Polygender,67,South Levi,New South Wales,287,2021-09-09,2021-10-03,1394,755,109.0,3,327.0,Jacket,Peacoat,XS,blue,48,September,9,Thursday,24,9
799,Gibbie Beardall,Polygender,67,South Levi,New South Wales,686,2021-06-14,2021-06-15,3400,216,106.0,2,212.0,Shirt,Chambray,S,orange,69,June,14,Monday,1,6
799,Gibbie Beardall,Polygender,67,South Levi,New South Wales,686,2021-06-14,2021-06-15,3401,37,104.0,2,208.0,Shirt,Dress,M,red,57,June,14,Monday,1,6
799,Gibbie Beardall,Polygender,67,South Levi,New South Wales,686,2021-06-14,2021-06-15,3402,912,96.0,3,288.0,Trousers,Drawstring,M,red,70,June,14,Monday,1,6
799,Gibbie Beardall,Polygender,67,South Levi,New South Wales,287,2021-09-09,2021-10-03,1393,607,112.0,3,336.0,Jacket,Cardigan,M,yellow,64,September,9,Thursday,24,9
800,Katusha Ceney,Bigender,49,Daughertyport,Queensland,6,2021-09-09,2021-10-05,31,804,91.0,2,182.0,Jacket,Pullover,XL,violet,69,September,9,Thursday,26,9
800,Katusha Ceney,Bigender,49,Daughertyport,Queensland,680,2021-05-04,2021-05-22,3378,268,95.0,2,190.0,Shirt,Polo,L,blue,77,May,4,Tuesday,18,5
800,Katusha Ceney,Bigender,49,Daughertyport,Queensland,6,2021-09-09,2021-10-05,28,38,104.0,2,208.0,Shirt,Dress,L,red,79,September,9,Thursday,26,9
800,Katusha Ceney,Bigender,49,Daughertyport,Queensland,6,2021-09-09,2021-10-05,29,473,118.0,2,236.0,Jacket,Puffer,L,green,43,September,9,Thursday,26,9
800,Katusha Ceney,Bigender,49,Daughertyport,Queensland,6,2021-09-09,2021-10-05,30,242,106.0,1,106.0,Shirt,Chambray,M,violet,72,September,9,Thursday,26,9
800,Katusha Ceney,Bigender,49,Daughertyport,Queensland,680,2021-05-04,2021-05-22,3377,422,107.0,3,321.0,Jacket,Denim,M,red,43,May,4,Tuesday,18,5
801,Morgana Weymouth,Female,64,Blakeborough,Australian Capital Territory,928,2021-10-14,2021-10-19,4633,22,96.0,1,96.0,Shirt,Oxford Cloth,M,blue,57,October,14,Thursday,5,10
801,Morgana Weymouth,Female,64,Blakeborough,Australian Capital Territory,928,2021-10-14,2021-10-19,4637,290,105.0,1,105.0,Shirt,Cuban Collar,XS,yellow,78,October,14,Thursday,5,10
801,Morgana Weymouth,Female,64,Blakeborough,Australian Capital Territory,928,2021-10-14,2021-10-19,4639,922,96.0,2,192.0,Trousers,Drawstring,M,yellow,55,October,14,Thursday,5,10
801,Morgana Weymouth,Female,64,Blakeborough,Australian Capital Territory,820,2021-09-25,2021-10-03,4123,292,105.0,2,210.0,Shirt,Cuban Collar,M,yellow,49,September,25,Saturday,8,9
801,Morgana Weymouth,Female,64,Blakeborough,Australian Capital Territory,820,2021-09-25,2021-10-03,4128,591,100.0,2,200.0,Jacket,Bomber,S,violet,45,September,25,Saturday,8,9
801,Morgana Weymouth,Female,64,Blakeborough,Australian Capital Territory,820,2021-09-25,2021-10-03,4126,1085,115.0,2,230.0,Trousers,Cropped,XS,red,75,September,25,Saturday,8,9
801,Morgana Weymouth,Female,64,Blakeborough,Australian Capital Territory,820,2021-09-25,2021-10-03,4127,748,109.0,1,109.0,Jacket,Peacoat,L,yellow,63,September,25,Saturday,8,9
801,Morgana Weymouth,Female,64,Blakeborough,Australian Capital Territory,820,2021-09-25,2021-10-03,4124,1118,115.0,1,115.0,Trousers,Cropped,L,violet,40,September,25,Saturday,8,9
801,Morgana Weymouth,Female,64,Blakeborough,Australian Capital Territory,820,2021-09-25,2021-10-03,4125,1163,99.0,1,99.0,Trousers,High-Waisted,L,orange,78,September,25,Saturday,8,9
801,Morgana Weymouth,Female,64,Blakeborough,Australian Capital Territory,928,2021-10-14,2021-10-19,4634,400,119.0,1,119.0,Shirt,Casual Slim Fit,XS,green,69,October,14,Thursday,5,10
801,Morgana Weymouth,Female,64,Blakeborough,Australian Capital Territory,928,2021-10-14,2021-10-19,4636,421,107.0,1,107.0,Jacket,Denim,S,red,69,October,14,Thursday,5,10
801,Morgana Weymouth,Female,64,Blakeborough,Australian Capital Territory,928,2021-10-14,2021-10-19,4638,1105,115.0,2,230.0,Trousers,Cropped,XS,blue,47,October,14,Thursday,5,10
801,Morgana Weymouth,Female,64,Blakeborough,Australian Capital Territory,928,2021-10-14,2021-10-19,4635,67,104.0,1,104.0,Shirt,Dress,M,violet,41,October,14,Thursday,5,10
801,Morgana Weymouth,Female,64,Blakeborough,Australian Capital Territory,820,2021-09-25,2021-10-03,4129,1165,99.0,1,99.0,Trousers,High-Waisted,XS,yellow,64,September,25,Saturday,8,9
802,Amaleta Beange,Female,72,Imogenmouth,Northern Territory,70,2021-05-15,2021-05-26,309,593,100.0,1,100.0,Jacket,Bomber,L,violet,68,May,15,Saturday,11,5
803,Gertrude Harriott,Bigender,68,Amyton,Australian Capital Territory,393,2021-05-06,2021-05-27,1956,396,119.0,2,238.0,Shirt,Casual Slim Fit,S,yellow,45,May,6,Thursday,21,5
803,Gertrude Harriott,Bigender,68,Amyton,Australian Capital Territory,91,2021-09-02,2021-09-15,403,1045,90.0,3,270.0,Trousers,Relaxed Leg,XS,violet,49,September,2,Thursday,13,9
803,Gertrude Harriott,Bigender,68,Amyton,Australian Capital Territory,91,2021-09-02,2021-09-15,399,1128,102.0,1,102.0,Trousers,Cargo Pants,L,orange,78,September,2,Thursday,13,9
803,Gertrude Harriott,Bigender,68,Amyton,Australian Capital Territory,393,2021-05-06,2021-05-27,1959,1207,105.0,3,315.0,Trousers,Pleated,M,green,41,May,6,Thursday,21,5
803,Gertrude Harriott,Bigender,68,Amyton,Australian Capital Territory,91,2021-09-02,2021-09-15,401,224,106.0,3,318.0,Shirt,Chambray,XL,yellow,53,September,2,Thursday,13,9
803,Gertrude Harriott,Bigender,68,Amyton,Australian Capital Territory,393,2021-05-06,2021-05-27,1960,649,93.0,2,186.0,Jacket,Coach,XL,green,48,May,6,Thursday,21,5
803,Gertrude Harriott,Bigender,68,Amyton,Australian Capital Territory,91,2021-09-02,2021-09-15,400,371,94.0,1,94.0,Shirt,Henley,S,blue,75,September,2,Thursday,13,9
803,Gertrude Harriott,Bigender,68,Amyton,Australian Capital Territory,91,2021-09-02,2021-09-15,402,498,102.0,3,306.0,Jacket,Windbreaker,L,orange,68,September,2,Thursday,13,9
803,Gertrude Harriott,Bigender,68,Amyton,Australian Capital Territory,393,2021-05-06,2021-05-27,1957,1143,102.0,3,306.0,Trousers,Cargo Pants,L,blue,77,May,6,Thursday,21,5
803,Gertrude Harriott,Bigender,68,Amyton,Australian Capital Territory,393,2021-05-06,2021-05-27,1958,103,118.0,2,236.0,Shirt,Flannel,L,violet,76,May,6,Thursday,21,5
807,Dena Banbrick,Polygender,26,Tylershire,Queensland,311,2021-03-07,2021-03-25,1513,39,104.0,3,312.0,Shirt,Dress,XL,red,47,March,7,Sunday,18,3
807,Dena Banbrick,Polygender,26,Tylershire,Queensland,101,2021-01-31,2021-02-27,460,1119,115.0,3,345.0,Trousers,Cropped,XL,violet,64,January,31,Sunday,27,1
807,Dena Banbrick,Polygender,26,Tylershire,Queensland,311,2021-03-07,2021-03-25,1515,1191,105.0,1,105.0,Trousers,Pleated,S,red,78,March,7,Sunday,18,3
807,Dena Banbrick,Polygender,26,Tylershire,Queensland,101,2021-01-31,2021-02-27,459,474,118.0,3,354.0,Jacket,Puffer,XL,green,42,January,31,Sunday,27,1
807,Dena Banbrick,Polygender,26,Tylershire,Queensland,101,2021-01-31,2021-02-27,456,643,93.0,3,279.0,Jacket,Coach,L,yellow,53,January,31,Sunday,27,1
807,Dena Banbrick,Polygender,26,Tylershire,Queensland,311,2021-03-07,2021-03-25,1512,317,109.0,2,218.0,Shirt,Mandarin Collar,M,red,60,March,7,Sunday,18,3
807,Dena Banbrick,Polygender,26,Tylershire,Queensland,311,2021-03-07,2021-03-25,1514,399,119.0,1,119.0,Shirt,Casual Slim Fit,XL,yellow,78,March,7,Sunday,18,3
807,Dena Banbrick,Polygender,26,Tylershire,Queensland,101,2021-01-31,2021-02-27,457,1216,105.0,1,105.0,Trousers,Pleated,S,indigo,41,January,31,Sunday,27,1
807,Dena Banbrick,Polygender,26,Tylershire,Queensland,101,2021-01-31,2021-02-27,458,1113,115.0,1,115.0,Trousers,Cropped,L,indigo,63,January,31,Sunday,27,1
808,Marvin Van Hault,Bigender,35,Robertstown,Western Australia,623,2021-10-20,2021-10-30,3092,997,106.0,1,106.0,Trousers,Wool,M,green,41,October,20,Wednesday,10,10
808,Marvin Van Hault,Bigender,35,Robertstown,Western Australia,623,2021-10-20,2021-10-30,3091,913,96.0,1,96.0,Trousers,Drawstring,L,red,73,October,20,Wednesday,10,10
808,Marvin Van Hault,Bigender,35,Robertstown,Western Australia,623,2021-10-20,2021-10-30,3093,353,94.0,2,188.0,Shirt,Henley,L,red,62,October,20,Wednesday,10,10
809,Winn Siemandl,Bigender,76,South Tyler,Tasmania,90,2021-06-13,2021-07-07,394,19,96.0,2,192.0,Shirt,Oxford Cloth,XL,green,42,June,13,Sunday,24,6
809,Winn Siemandl,Bigender,76,South Tyler,Tasmania,38,2021-02-03,2021-02-19,180,138,92.0,2,184.0,Shirt,Denim,L,violet,78,February,3,Wednesday,16,2
809,Winn Siemandl,Bigender,76,South Tyler,Tasmania,38,2021-02-03,2021-02-19,179,503,102.0,1,102.0,Jacket,Windbreaker,L,yellow,70,February,3,Wednesday,16,2
809,Winn Siemandl,Bigender,76,South Tyler,Tasmania,38,2021-02-03,2021-02-19,178,1015,90.0,2,180.0,Trousers,Relaxed Leg,XS,red,52,February,3,Wednesday,16,2
809,Winn Siemandl,Bigender,76,South Tyler,Tasmania,90,2021-06-13,2021-07-07,396,1129,102.0,3,306.0,Trousers,Cargo Pants,XL,orange,61,June,13,Sunday,24,6
809,Winn Siemandl,Bigender,76,South Tyler,Tasmania,90,2021-06-13,2021-07-07,398,641,93.0,1,93.0,Jacket,Coach,S,yellow,67,June,13,Sunday,24,6
809,Winn Siemandl,Bigender,76,South Tyler,Tasmania,90,2021-06-13,2021-07-07,397,50,104.0,3,312.0,Shirt,Dress,XS,green,51,June,13,Sunday,24,6
809,Winn Siemandl,Bigender,76,South Tyler,Tasmania,90,2021-06-13,2021-07-07,395,746,109.0,2,218.0,Jacket,Peacoat,S,yellow,49,June,13,Sunday,24,6
809,Winn Siemandl,Bigender,76,South Tyler,Tasmania,90,2021-06-13,2021-07-07,393,134,92.0,3,276.0,Shirt,Denim,XL,indigo,58,June,13,Sunday,24,6
810,Charles Duffitt,Non-binary,21,South Maxland,Australian Capital Territory,470,2021-09-11,2021-10-04,2315,1095,115.0,2,230.0,Trousers,Cropped,XS,yellow,41,September,11,Saturday,23,9
810,Charles Duffitt,Non-binary,21,South Maxland,Australian Capital Territory,470,2021-09-11,2021-10-04,2314,918,96.0,3,288.0,Trousers,Drawstring,L,orange,54,September,11,Saturday,23,9
812,Else Bicheno,Male,28,Lucyport,Western Australia,262,2021-05-22,2021-05-24,1268,553,98.0,2,196.0,Jacket,Leather,L,indigo,79,May,22,Saturday,2,5
812,Else Bicheno,Male,28,Lucyport,Western Australia,262,2021-05-22,2021-05-24,1265,1062,93.0,3,279.0,Trousers,Joggers,M,yellow,72,May,22,Saturday,2,5
812,Else Bicheno,Male,28,Lucyport,Western Australia,262,2021-05-22,2021-05-24,1267,507,102.0,2,204.0,Jacket,Windbreaker,M,green,63,May,22,Saturday,2,5
812,Else Bicheno,Male,28,Lucyport,Western Australia,262,2021-05-22,2021-05-24,1266,814,117.0,1,117.0,Jacket,Shearling,XL,orange,60,May,22,Saturday,2,5
813,Saul Franklyn,Male,62,Tillmanview,New South Wales,848,2021-09-24,2021-10-14,4257,642,93.0,2,186.0,Jacket,Coach,M,yellow,48,September,24,Friday,20,9
813,Saul Franklyn,Male,62,Tillmanview,New South Wales,940,2021-09-11,2021-10-04,4701,514,102.0,2,204.0,Jacket,Windbreaker,XL,blue,59,September,11,Saturday,23,9
813,Saul Franklyn,Male,62,Tillmanview,New South Wales,940,2021-09-11,2021-10-04,4702,540,98.0,3,294.0,Jacket,Leather,XS,green,57,September,11,Saturday,23,9
813,Saul Franklyn,Male,62,Tillmanview,New South Wales,940,2021-09-11,2021-10-04,4700,1255,112.0,3,336.0,Trousers,Tracksuit Bottoms,XS,violet,67,September,11,Saturday,23,9
813,Saul Franklyn,Male,62,Tillmanview,New South Wales,848,2021-09-24,2021-10-14,4262,583,100.0,3,300.0,Jacket,Bomber,L,blue,64,September,24,Friday,20,9
813,Saul Franklyn,Male,62,Tillmanview,New South Wales,848,2021-09-24,2021-10-14,4261,286,105.0,3,315.0,Shirt,Cuban Collar,S,orange,50,September,24,Friday,20,9
813,Saul Franklyn,Male,62,Tillmanview,New South Wales,848,2021-09-24,2021-10-14,4263,591,100.0,2,200.0,Jacket,Bomber,S,violet,45,September,24,Friday,20,9
813,Saul Franklyn,Male,62,Tillmanview,New South Wales,848,2021-09-24,2021-10-14,4260,830,117.0,3,351.0,Jacket,Shearling,XS,indigo,68,September,24,Friday,20,9
813,Saul Franklyn,Male,62,Tillmanview,New South Wales,848,2021-09-24,2021-10-14,4259,201,98.0,3,294.0,Shirt,Camp Collared,S,indigo,50,September,24,Friday,20,9
813,Saul Franklyn,Male,62,Tillmanview,New South Wales,848,2021-09-24,2021-10-14,4258,375,94.0,1,94.0,Shirt,Henley,XS,indigo,58,September,24,Friday,20,9
813,Saul Franklyn,Male,62,Tillmanview,New South Wales,848,2021-09-24,2021-10-14,4256,66,104.0,2,208.0,Shirt,Dress,S,violet,69,September,24,Friday,20,9
813,Saul Franklyn,Male,62,Tillmanview,New South Wales,848,2021-09-24,2021-10-14,4255,28,96.0,3,288.0,Shirt,Oxford Cloth,L,indigo,70,September,24,Friday,20,9
813,Saul Franklyn,Male,62,Tillmanview,New South Wales,979,2021-04-07,2021-04-21,4892,1047,90.0,1,90.0,Trousers,Relaxed Leg,M,violet,46,April,7,Wednesday,14,4
813,Saul Franklyn,Male,62,Tillmanview,New South Wales,940,2021-09-11,2021-10-04,4693,1201,105.0,3,315.0,Trousers,Pleated,S,yellow,71,September,11,Saturday,23,9
813,Saul Franklyn,Male,62,Tillmanview,New South Wales,940,2021-09-11,2021-10-04,4695,955,97.0,2,194.0,Trousers,Slim-Fit,XS,yellow,59,September,11,Saturday,23,9
813,Saul Franklyn,Male,62,Tillmanview,New South Wales,979,2021-04-07,2021-04-21,4893,486,118.0,3,354.0,Jacket,Puffer,S,violet,46,April,7,Wednesday,14,4
813,Saul Franklyn,Male,62,Tillmanview,New South Wales,940,2021-09-11,2021-10-04,4699,177,98.0,3,294.0,Shirt,Camp Collared,M,red,64,September,11,Saturday,23,9
813,Saul Franklyn,Male,62,Tillmanview,New South Wales,940,2021-09-11,2021-10-04,4696,212,106.0,1,106.0,Shirt,Chambray,M,red,48,September,11,Saturday,23,9
813,Saul Franklyn,Male,62,Tillmanview,New South Wales,940,2021-09-11,2021-10-04,4697,39,104.0,2,208.0,Shirt,Dress,XL,red,47,September,11,Saturday,23,9
813,Saul Franklyn,Male,62,Tillmanview,New South Wales,940,2021-09-11,2021-10-04,4698,390,119.0,2,238.0,Shirt,Casual Slim Fit,XS,orange,43,September,11,Saturday,23,9
813,Saul Franklyn,Male,62,Tillmanview,New South Wales,940,2021-09-11,2021-10-04,4694,575,100.0,1,100.0,Jacket,Bomber,XS,green,48,September,11,Saturday,23,9
816,Edithe Yitshak,Genderfluid,23,Kaifort,Victoria,490,2021-09-15,2021-09-29,2414,1016,90.0,2,180.0,Trousers,Relaxed Leg,S,red,70,September,15,Wednesday,14,9
816,Edithe Yitshak,Genderfluid,23,Kaifort,Victoria,490,2021-09-15,2021-09-29,2413,246,95.0,3,285.0,Shirt,Polo,S,red,60,September,15,Wednesday,14,9
816,Edithe Yitshak,Genderfluid,23,Kaifort,Victoria,490,2021-09-15,2021-09-29,2415,1206,105.0,2,210.0,Trousers,Pleated,S,green,55,September,15,Wednesday,14,9
817,Joella Tiddeman,Polygender,45,Johnsonstad,Tasmania,100,2021-03-30,2021-04-16,450,471,118.0,2,236.0,Jacket,Puffer,S,green,54,March,30,Tuesday,17,3
817,Joella Tiddeman,Polygender,45,Johnsonstad,Tasmania,100,2021-03-30,2021-04-16,449,1083,93.0,2,186.0,Trousers,Joggers,L,violet,60,March,30,Tuesday,17,3
817,Joella Tiddeman,Polygender,45,Johnsonstad,Tasmania,100,2021-03-30,2021-04-16,452,470,118.0,1,118.0,Jacket,Puffer,XS,green,41,March,30,Tuesday,17,3
817,Joella Tiddeman,Polygender,45,Johnsonstad,Tasmania,100,2021-03-30,2021-04-16,451,138,92.0,3,276.0,Shirt,Denim,L,violet,78,March,30,Tuesday,17,3
817,Joella Tiddeman,Polygender,45,Johnsonstad,Tasmania,100,2021-03-30,2021-04-16,453,373,94.0,2,188.0,Shirt,Henley,L,blue,60,March,30,Tuesday,17,3
817,Joella Tiddeman,Polygender,45,Johnsonstad,Tasmania,100,2021-03-30,2021-04-16,455,1242,112.0,1,112.0,Trousers,Tracksuit Bottoms,M,green,47,March,30,Tuesday,17,3
817,Joella Tiddeman,Polygender,45,Johnsonstad,Tasmania,100,2021-03-30,2021-04-16,448,458,118.0,2,236.0,Jacket,Puffer,L,red,44,March,30,Tuesday,17,3
817,Joella Tiddeman,Polygender,45,Johnsonstad,Tasmania,100,2021-03-30,2021-04-16,454,392,119.0,3,357.0,Shirt,Casual Slim Fit,M,orange,47,March,30,Tuesday,17,3
818,Nathaniel McCandless,Polygender,59,West Eviebury,Western Australia,147,2021-09-28,2021-10-16,693,1250,112.0,1,112.0,Trousers,Tracksuit Bottoms,XS,indigo,63,September,28,Tuesday,18,9
820,Normy Anlay,Male,26,Alexanderland,Queensland,329,2021-04-30,2021-05-24,1614,186,98.0,3,294.0,Shirt,Camp Collared,S,yellow,66,April,30,Friday,24,4
820,Normy Anlay,Male,26,Alexanderland,Queensland,329,2021-04-30,2021-05-24,1611,1110,115.0,1,115.0,Trousers,Cropped,XS,indigo,55,April,30,Friday,24,4
820,Normy Anlay,Male,26,Alexanderland,Queensland,329,2021-04-30,2021-05-24,1615,220,106.0,1,106.0,Shirt,Chambray,XS,yellow,57,April,30,Friday,24,4
820,Normy Anlay,Male,26,Alexanderland,Queensland,329,2021-04-30,2021-05-24,1613,751,109.0,1,109.0,Jacket,Peacoat,S,green,41,April,30,Friday,24,4
820,Normy Anlay,Male,26,Alexanderland,Queensland,329,2021-04-30,2021-05-24,1610,1041,90.0,2,180.0,Trousers,Relaxed Leg,S,indigo,40,April,30,Friday,24,4
820,Normy Anlay,Male,26,Alexanderland,Queensland,329,2021-04-30,2021-05-24,1612,887,94.0,1,94.0,Trousers,Cords,M,yellow,58,April,30,Friday,24,4
821,Errol Berkley,Agender,74,Haleybury,Australian Capital Territory,698,2021-05-19,2021-06-13,3459,820,117.0,3,351.0,Jacket,Shearling,XS,green,74,May,19,Wednesday,25,5
821,Errol Berkley,Agender,74,Haleybury,Australian Capital Territory,698,2021-05-19,2021-06-13,3464,4,96.0,3,288.0,Shirt,Oxford Cloth,XL,red,47,May,19,Wednesday,25,5
821,Errol Berkley,Agender,74,Haleybury,Australian Capital Territory,698,2021-05-19,2021-06-13,3465,1222,105.0,3,315.0,Trousers,Pleated,M,violet,45,May,19,Wednesday,25,5
821,Errol Berkley,Agender,74,Haleybury,Australian Capital Territory,882,2021-07-05,2021-07-07,4418,1013,106.0,1,106.0,Trousers,Wool,L,violet,61,July,5,Monday,2,7
821,Errol Berkley,Agender,74,Haleybury,Australian Capital Territory,882,2021-07-05,2021-07-07,4422,681,113.0,3,339.0,Jacket,Parka,S,green,62,July,5,Monday,2,7
821,Errol Berkley,Agender,74,Haleybury,Australian Capital Territory,698,2021-05-19,2021-06-13,3461,439,107.0,1,107.0,Jacket,Denim,XL,green,59,May,19,Wednesday,25,5
821,Errol Berkley,Agender,74,Haleybury,Australian Capital Territory,882,2021-07-05,2021-07-07,4419,604,112.0,1,112.0,Jacket,Cardigan,XL,orange,75,July,5,Monday,2,7
821,Errol Berkley,Agender,74,Haleybury,Australian Capital Territory,882,2021-07-05,2021-07-07,4421,383,94.0,3,282.0,Shirt,Henley,L,violet,51,July,5,Monday,2,7
821,Errol Berkley,Agender,74,Haleybury,Australian Capital Territory,882,2021-07-05,2021-07-07,4420,321,109.0,2,218.0,Shirt,Mandarin Collar,S,orange,52,July,5,Monday,2,7
821,Errol Berkley,Agender,74,Haleybury,Australian Capital Territory,882,2021-07-05,2021-07-07,4417,240,106.0,1,106.0,Shirt,Chambray,XS,violet,47,July,5,Monday,2,7
821,Errol Berkley,Agender,74,Haleybury,Australian Capital Territory,882,2021-07-05,2021-07-07,4416,879,94.0,2,188.0,Trousers,Cords,XL,red,80,July,5,Monday,2,7
821,Errol Berkley,Agender,74,Haleybury,Australian Capital Territory,698,2021-05-19,2021-06-13,3462,1098,115.0,2,230.0,Trousers,Cropped,L,yellow,60,May,19,Wednesday,25,5
821,Errol Berkley,Agender,74,Haleybury,Australian Capital Territory,698,2021-05-19,2021-06-13,3460,376,94.0,2,188.0,Shirt,Henley,S,indigo,45,May,19,Wednesday,25,5
821,Errol Berkley,Agender,74,Haleybury,Australian Capital Territory,698,2021-05-19,2021-06-13,3463,522,102.0,2,204.0,Jacket,Windbreaker,M,violet,64,May,19,Wednesday,25,5
825,Judith Plimmer,Male,46,Thomaschester,Tasmania,798,2021-03-17,2021-04-01,4007,560,100.0,2,200.0,Jacket,Bomber,XS,red,76,March,17,Wednesday,15,3
825,Judith Plimmer,Male,46,Thomaschester,Tasmania,798,2021-03-17,2021-04-01,4006,979,97.0,2,194.0,Trousers,Slim-Fit,XL,violet,48,March,17,Wednesday,15,3
825,Judith Plimmer,Male,46,Thomaschester,Tasmania,798,2021-03-17,2021-04-01,4008,686,113.0,1,113.0,Jacket,Parka,S,blue,72,March,17,Wednesday,15,3
825,Judith Plimmer,Male,46,Thomaschester,Tasmania,798,2021-03-17,2021-04-01,4009,916,96.0,2,192.0,Trousers,Drawstring,S,orange,58,March,17,Wednesday,15,3
825,Judith Plimmer,Male,46,Thomaschester,Tasmania,798,2021-03-17,2021-04-01,4010,791,91.0,2,182.0,Jacket,Pullover,S,blue,73,March,17,Wednesday,15,3
827,Eryn Harcus,Agender,37,Lake Alicefurt,Tasmania,978,2021-04-24,2021-05-18,4888,910,96.0,2,192.0,Trousers,Drawstring,XS,red,57,April,24,Saturday,24,4
827,Eryn Harcus,Agender,37,Lake Alicefurt,Tasmania,978,2021-04-24,2021-05-18,4887,1242,112.0,3,336.0,Trousers,Tracksuit Bottoms,M,green,47,April,24,Saturday,24,4
827,Eryn Harcus,Agender,37,Lake Alicefurt,Tasmania,978,2021-04-24,2021-05-18,4890,490,102.0,3,306.0,Jacket,Windbreaker,XS,red,79,April,24,Saturday,24,4
827,Eryn Harcus,Agender,37,Lake Alicefurt,Tasmania,978,2021-04-24,2021-05-18,4889,323,109.0,1,109.0,Shirt,Mandarin Collar,L,orange,56,April,24,Saturday,24,4
827,Eryn Harcus,Agender,37,Lake Alicefurt,Tasmania,978,2021-04-24,2021-05-18,4891,728,119.0,2,238.0,Jacket,Trench Coat,L,indigo,71,April,24,Saturday,24,4
828,Tucky Kitchaside,Female,57,East Zacharystad,Queensland,158,2021-07-13,2021-08-04,741,975,97.0,2,194.0,Trousers,Slim-Fit,XS,violet,70,July,13,Tuesday,22,7
828,Tucky Kitchaside,Female,57,East Zacharystad,Queensland,158,2021-07-13,2021-08-04,740,1173,99.0,2,198.0,Trousers,High-Waisted,L,green,75,July,13,Tuesday,22,7
828,Tucky Kitchaside,Female,57,East Zacharystad,Queensland,158,2021-07-13,2021-08-04,744,257,95.0,2,190.0,Shirt,Polo,M,yellow,52,July,13,Tuesday,22,7
828,Tucky Kitchaside,Female,57,East Zacharystad,Queensland,158,2021-07-13,2021-08-04,745,100,118.0,3,354.0,Shirt,Flannel,XS,violet,72,July,13,Tuesday,22,7
828,Tucky Kitchaside,Female,57,East Zacharystad,Queensland,158,2021-07-13,2021-08-04,742,238,106.0,1,106.0,Shirt,Chambray,L,indigo,79,July,13,Tuesday,22,7
828,Tucky Kitchaside,Female,57,East Zacharystad,Queensland,158,2021-07-13,2021-08-04,743,130,92.0,2,184.0,Shirt,Denim,XS,indigo,79,July,13,Tuesday,22,7
828,Tucky Kitchaside,Female,57,East Zacharystad,Queensland,273,2021-10-07,2021-11-03,1315,749,109.0,1,109.0,Jacket,Peacoat,XL,yellow,53,October,7,Thursday,27,10
828,Tucky Kitchaside,Female,57,East Zacharystad,Queensland,273,2021-10-07,2021-11-03,1314,889,94.0,2,188.0,Trousers,Cords,XL,yellow,65,October,7,Thursday,27,10
828,Tucky Kitchaside,Female,57,East Zacharystad,Queensland,273,2021-10-07,2021-11-03,1317,522,102.0,1,102.0,Jacket,Windbreaker,M,violet,64,October,7,Thursday,27,10
828,Tucky Kitchaside,Female,57,East Zacharystad,Queensland,273,2021-10-07,2021-11-03,1316,596,112.0,3,336.0,Jacket,Cardigan,S,red,47,October,7,Thursday,27,10
828,Tucky Kitchaside,Female,57,East Zacharystad,Queensland,143,2021-02-08,2021-02-11,677,740,109.0,2,218.0,Jacket,Peacoat,XS,orange,78,February,8,Monday,3,2
828,Tucky Kitchaside,Female,57,East Zacharystad,Queensland,143,2021-02-08,2021-02-11,678,94,118.0,2,236.0,Shirt,Flannel,XL,blue,61,February,8,Monday,3,2
828,Tucky Kitchaside,Female,57,East Zacharystad,Queensland,143,2021-02-08,2021-02-11,680,387,119.0,1,119.0,Shirt,Casual Slim Fit,M,red,67,February,8,Monday,3,2
828,Tucky Kitchaside,Female,57,East Zacharystad,Queensland,143,2021-02-08,2021-02-11,679,1083,93.0,1,93.0,Trousers,Joggers,L,violet,60,February,8,Monday,3,2
828,Tucky Kitchaside,Female,57,East Zacharystad,Queensland,143,2021-02-08,2021-02-11,682,837,117.0,1,117.0,Jacket,Shearling,M,violet,74,February,8,Monday,3,2
828,Tucky Kitchaside,Female,57,East Zacharystad,Queensland,143,2021-02-08,2021-02-11,681,1123,102.0,3,306.0,Trousers,Cargo Pants,L,red,61,February,8,Monday,3,2
829,Marget Kells,Non-binary,39,Baumbachtown,Victoria,237,2021-03-16,2021-04-06,1147,17,96.0,2,192.0,Shirt,Oxford Cloth,M,green,60,March,16,Tuesday,21,3
829,Marget Kells,Non-binary,39,Baumbachtown,Victoria,237,2021-03-16,2021-04-06,1148,1009,106.0,1,106.0,Trousers,Wool,XL,indigo,51,March,16,Tuesday,21,3
829,Marget Kells,Non-binary,39,Baumbachtown,Victoria,237,2021-03-16,2021-04-06,1149,268,95.0,2,190.0,Shirt,Polo,L,blue,77,March,16,Tuesday,21,3
829,Marget Kells,Non-binary,39,Baumbachtown,Victoria,237,2021-03-16,2021-04-06,1150,502,102.0,2,204.0,Jacket,Windbreaker,M,yellow,52,March,16,Tuesday,21,3
829,Marget Kells,Non-binary,39,Baumbachtown,Victoria,237,2021-03-16,2021-04-06,1151,74,118.0,3,354.0,Shirt,Flannel,XL,red,72,March,16,Tuesday,21,3
830,Gertrudis Pergens,Male,46,New Ruby,South Australia,981,2021-10-02,2021-10-12,4903,690,113.0,2,226.0,Jacket,Parka,XS,indigo,57,October,2,Saturday,10,10
830,Gertrudis Pergens,Male,46,New Ruby,South Australia,981,2021-10-02,2021-10-12,4906,1079,93.0,1,93.0,Trousers,Joggers,XL,indigo,66,October,2,Saturday,10,10
830,Gertrudis Pergens,Male,46,New Ruby,South Australia,981,2021-10-02,2021-10-12,4904,384,94.0,2,188.0,Shirt,Henley,XL,violet,77,October,2,Saturday,10,10
830,Gertrudis Pergens,Male,46,New Ruby,South Australia,697,2021-07-20,2021-07-28,3454,330,109.0,1,109.0,Shirt,Mandarin Collar,XS,green,63,July,20,Tuesday,8,7
830,Gertrudis Pergens,Male,46,New Ruby,South Australia,981,2021-10-02,2021-10-12,4900,250,95.0,2,190.0,Shirt,Polo,XS,orange,75,October,2,Saturday,10,10
830,Gertrudis Pergens,Male,46,New Ruby,South Australia,697,2021-07-20,2021-07-28,3456,56,104.0,2,208.0,Shirt,Dress,S,blue,46,July,20,Tuesday,8,7
830,Gertrudis Pergens,Male,46,New Ruby,South Australia,697,2021-07-20,2021-07-28,3457,590,100.0,1,100.0,Jacket,Bomber,XS,violet,75,July,20,Tuesday,8,7
830,Gertrudis Pergens,Male,46,New Ruby,South Australia,981,2021-10-02,2021-10-12,4901,1150,102.0,1,102.0,Trousers,Cargo Pants,XS,violet,40,October,2,Saturday,10,10
830,Gertrudis Pergens,Male,46,New Ruby,South Australia,981,2021-10-02,2021-10-12,4902,855,113.0,3,339.0,Trousers,Chinos,XS,green,75,October,2,Saturday,10,10
830,Gertrudis Pergens,Male,46,New Ruby,South Australia,981,2021-10-02,2021-10-12,4905,880,94.0,3,282.0,Trousers,Cords,XS,orange,70,October,2,Saturday,10,10
830,Gertrudis Pergens,Male,46,New Ruby,South Australia,697,2021-07-20,2021-07-28,3458,1036,90.0,3,270.0,Trousers,Relaxed Leg,S,blue,57,July,20,Tuesday,8,7
830,Gertrudis Pergens,Male,46,New Ruby,South Australia,697,2021-07-20,2021-07-28,3455,457,118.0,3,354.0,Jacket,Puffer,M,red,62,July,20,Tuesday,8,7
830,Gertrudis Pergens,Male,46,New Ruby,South Australia,697,2021-07-20,2021-07-28,3453,897,94.0,2,188.0,Trousers,Cords,M,blue,47,July,20,Tuesday,8,7
833,Hilliard Papes,Genderqueer,27,Jaspermouth,Western Australia,186,2021-09-26,2021-10-14,909,617,112.0,1,112.0,Jacket,Cardigan,M,blue,57,September,26,Sunday,18,9
833,Hilliard Papes,Genderqueer,27,Jaspermouth,Western Australia,186,2021-09-26,2021-10-14,905,316,109.0,2,218.0,Shirt,Mandarin Collar,S,red,48,September,26,Sunday,18,9
833,Hilliard Papes,Genderqueer,27,Jaspermouth,Western Australia,321,2021-08-26,2021-08-31,1573,944,96.0,2,192.0,Trousers,Drawstring,XL,violet,80,August,26,Thursday,5,8
833,Hilliard Papes,Genderqueer,27,Jaspermouth,Western Australia,186,2021-09-26,2021-10-14,910,1038,90.0,1,90.0,Trousers,Relaxed Leg,L,blue,61,September,26,Sunday,18,9
833,Hilliard Papes,Genderqueer,27,Jaspermouth,Western Australia,321,2021-08-26,2021-08-31,1571,612,112.0,1,112.0,Jacket,Cardigan,M,green,46,August,26,Thursday,5,8
833,Hilliard Papes,Genderqueer,27,Jaspermouth,Western Australia,321,2021-08-26,2021-08-31,1570,892,94.0,1,94.0,Trousers,Cords,M,green,76,August,26,Thursday,5,8
833,Hilliard Papes,Genderqueer,27,Jaspermouth,Western Australia,321,2021-08-26,2021-08-31,1569,1020,90.0,1,90.0,Trousers,Relaxed Leg,XS,orange,64,August,26,Thursday,5,8
833,Hilliard Papes,Genderqueer,27,Jaspermouth,Western Australia,321,2021-08-26,2021-08-31,1565,457,118.0,2,236.0,Jacket,Puffer,M,red,62,August,26,Thursday,5,8
833,Hilliard Papes,Genderqueer,27,Jaspermouth,Western Australia,321,2021-08-26,2021-08-31,1568,615,112.0,2,224.0,Jacket,Cardigan,XS,blue,54,August,26,Thursday,5,8
833,Hilliard Papes,Genderqueer,27,Jaspermouth,Western Australia,186,2021-09-26,2021-10-14,907,759,109.0,2,218.0,Jacket,Peacoat,XL,blue,77,September,26,Sunday,18,9
833,Hilliard Papes,Genderqueer,27,Jaspermouth,Western Australia,186,2021-09-26,2021-10-14,906,642,93.0,2,186.0,Jacket,Coach,M,yellow,48,September,26,Sunday,18,9
833,Hilliard Papes,Genderqueer,27,Jaspermouth,Western Australia,186,2021-09-26,2021-10-14,908,1208,105.0,2,210.0,Trousers,Pleated,L,green,47,September,26,Sunday,18,9
833,Hilliard Papes,Genderqueer,27,Jaspermouth,Western Australia,321,2021-08-26,2021-08-31,1566,933,96.0,3,288.0,Trousers,Drawstring,L,blue,50,August,26,Thursday,5,8
833,Hilliard Papes,Genderqueer,27,Jaspermouth,Western Australia,321,2021-08-26,2021-08-31,1567,673,113.0,1,113.0,Jacket,Parka,L,orange,77,August,26,Thursday,5,8
833,Hilliard Papes,Genderqueer,27,Jaspermouth,Western Australia,321,2021-08-26,2021-08-31,1572,887,94.0,2,188.0,Trousers,Cords,M,yellow,58,August,26,Thursday,5,8
834,Glenn Keri,Non-binary,61,Port Ellaside,New South Wales,508,2021-07-17,2021-08-01,2523,24,96.0,1,96.0,Shirt,Oxford Cloth,XL,blue,60,July,17,Saturday,15,7
834,Glenn Keri,Non-binary,61,Port Ellaside,New South Wales,155,2021-06-30,2021-07-18,730,512,102.0,1,102.0,Jacket,Windbreaker,M,blue,70,June,30,Wednesday,18,6
834,Glenn Keri,Non-binary,61,Port Ellaside,New South Wales,508,2021-07-17,2021-08-01,2524,506,102.0,1,102.0,Jacket,Windbreaker,S,green,65,July,17,Saturday,15,7
834,Glenn Keri,Non-binary,61,Port Ellaside,New South Wales,508,2021-07-17,2021-08-01,2522,718,119.0,1,119.0,Jacket,Trench Coat,L,green,73,July,17,Saturday,15,7
834,Glenn Keri,Non-binary,61,Port Ellaside,New South Wales,508,2021-07-17,2021-08-01,2521,16,96.0,2,192.0,Shirt,Oxford Cloth,S,green,56,July,17,Saturday,15,7
834,Glenn Keri,Non-binary,61,Port Ellaside,New South Wales,508,2021-07-17,2021-08-01,2520,1017,90.0,2,180.0,Trousers,Relaxed Leg,M,red,56,July,17,Saturday,15,7
834,Glenn Keri,Non-binary,61,Port Ellaside,New South Wales,508,2021-07-17,2021-08-01,2519,632,93.0,2,186.0,Jacket,Coach,M,red,76,July,17,Saturday,15,7
834,Glenn Keri,Non-binary,61,Port Ellaside,New South Wales,508,2021-07-17,2021-08-01,2516,1047,90.0,1,90.0,Trousers,Relaxed Leg,M,violet,46,July,17,Saturday,15,7
834,Glenn Keri,Non-binary,61,Port Ellaside,New South Wales,508,2021-07-17,2021-08-01,2518,400,119.0,3,357.0,Shirt,Casual Slim Fit,XS,green,69,July,17,Saturday,15,7
834,Glenn Keri,Non-binary,61,Port Ellaside,New South Wales,508,2021-07-17,2021-08-01,2517,773,91.0,2,182.0,Jacket,Pullover,L,red,69,July,17,Saturday,15,7
835,Randell Shorte,Polygender,25,North Lachlanfurt,South Australia,407,2021-01-09,2021-01-20,2019,602,112.0,1,112.0,Jacket,Cardigan,M,orange,54,January,9,Saturday,11,1
835,Randell Shorte,Polygender,25,North Lachlanfurt,South Australia,642,2021-01-11,2021-01-26,3183,96,118.0,2,236.0,Shirt,Flannel,S,indigo,74,January,11,Monday,15,1
835,Randell Shorte,Polygender,25,North Lachlanfurt,South Australia,642,2021-01-11,2021-01-26,3184,942,96.0,3,288.0,Trousers,Drawstring,M,violet,73,January,11,Monday,15,1
835,Randell Shorte,Polygender,25,North Lachlanfurt,South Australia,407,2021-01-09,2021-01-20,2020,795,91.0,3,273.0,Jacket,Pullover,XS,indigo,78,January,9,Saturday,11,1
835,Randell Shorte,Polygender,25,North Lachlanfurt,South Australia,642,2021-01-11,2021-01-26,3182,1222,105.0,3,315.0,Trousers,Pleated,M,violet,45,January,11,Monday,15,1
835,Randell Shorte,Polygender,25,North Lachlanfurt,South Australia,642,2021-01-11,2021-01-26,3186,935,96.0,2,192.0,Trousers,Drawstring,XS,indigo,61,January,11,Monday,15,1
835,Randell Shorte,Polygender,25,North Lachlanfurt,South Australia,642,2021-01-11,2021-01-26,3185,1201,105.0,2,210.0,Trousers,Pleated,S,yellow,71,January,11,Monday,15,1
835,Randell Shorte,Polygender,25,North Lachlanfurt,South Australia,407,2021-01-09,2021-01-20,2018,307,105.0,2,210.0,Shirt,Cuban Collar,M,indigo,58,January,9,Saturday,11,1
835,Randell Shorte,Polygender,25,North Lachlanfurt,South Australia,642,2021-01-11,2021-01-26,3189,496,102.0,1,102.0,Jacket,Windbreaker,S,orange,55,January,11,Monday,15,1
835,Randell Shorte,Polygender,25,North Lachlanfurt,South Australia,642,2021-01-11,2021-01-26,3188,755,109.0,2,218.0,Jacket,Peacoat,XS,blue,48,January,11,Monday,15,1
835,Randell Shorte,Polygender,25,North Lachlanfurt,South Australia,642,2021-01-11,2021-01-26,3190,671,113.0,1,113.0,Jacket,Parka,S,orange,72,January,11,Monday,15,1
835,Randell Shorte,Polygender,25,North Lachlanfurt,South Australia,642,2021-01-11,2021-01-26,3187,443,107.0,1,107.0,Jacket,Denim,L,blue,42,January,11,Monday,15,1
836,Nixie Fraczak,Genderqueer,29,Ryanberg,Queensland,663,2021-04-09,2021-04-10,3288,1079,93.0,1,93.0,Trousers,Joggers,XL,indigo,66,April,9,Friday,1,4
836,Nixie Fraczak,Genderqueer,29,Ryanberg,Queensland,663,2021-04-09,2021-04-10,3292,305,105.0,1,105.0,Shirt,Cuban Collar,XS,indigo,50,April,9,Friday,1,4
836,Nixie Fraczak,Genderqueer,29,Ryanberg,Queensland,663,2021-04-09,2021-04-10,3289,1171,99.0,1,99.0,Trousers,High-Waisted,S,green,73,April,9,Friday,1,4
836,Nixie Fraczak,Genderqueer,29,Ryanberg,Queensland,663,2021-04-09,2021-04-10,3290,995,106.0,1,106.0,Trousers,Wool,XS,green,73,April,9,Friday,1,4
836,Nixie Fraczak,Genderqueer,29,Ryanberg,Queensland,663,2021-04-09,2021-04-10,3291,579,100.0,2,200.0,Jacket,Bomber,XL,green,79,April,9,Friday,1,4
840,Ellene Dedam,Agender,25,Islamouth,Western Australia,392,2021-01-12,2021-01-25,1952,1181,99.0,3,297.0,Trousers,High-Waisted,S,indigo,79,January,12,Tuesday,13,1
840,Ellene Dedam,Agender,25,Islamouth,Western Australia,577,2021-02-20,2021-03-12,2881,1077,93.0,3,279.0,Trousers,Joggers,M,indigo,66,February,20,Saturday,20,2
840,Ellene Dedam,Agender,25,Islamouth,Western Australia,577,2021-02-20,2021-03-12,2882,203,98.0,3,294.0,Shirt,Camp Collared,L,indigo,72,February,20,Saturday,20,2
840,Ellene Dedam,Agender,25,Islamouth,Western Australia,577,2021-02-20,2021-03-12,2883,761,109.0,2,218.0,Jacket,Peacoat,S,indigo,49,February,20,Saturday,20,2
840,Ellene Dedam,Agender,25,Islamouth,Western Australia,649,2021-07-28,2021-08-16,3222,294,105.0,3,315.0,Shirt,Cuban Collar,XL,yellow,76,July,28,Wednesday,19,7
840,Ellene Dedam,Agender,25,Islamouth,Western Australia,649,2021-07-28,2021-08-16,3223,274,95.0,2,190.0,Shirt,Polo,XL,indigo,56,July,28,Wednesday,19,7
840,Ellene Dedam,Agender,25,Islamouth,Western Australia,649,2021-07-28,2021-08-16,3221,1215,105.0,1,105.0,Trousers,Pleated,XS,indigo,52,July,28,Wednesday,19,7
840,Ellene Dedam,Agender,25,Islamouth,Western Australia,649,2021-07-28,2021-08-16,3220,413,119.0,3,357.0,Shirt,Casual Slim Fit,L,indigo,60,July,28,Wednesday,19,7
840,Ellene Dedam,Agender,25,Islamouth,Western Australia,577,2021-02-20,2021-03-12,2880,1056,93.0,3,279.0,Trousers,Joggers,S,orange,43,February,20,Saturday,20,2
840,Ellene Dedam,Agender,25,Islamouth,Western Australia,577,2021-02-20,2021-03-12,2879,372,94.0,2,188.0,Shirt,Henley,M,blue,42,February,20,Saturday,20,2
840,Ellene Dedam,Agender,25,Islamouth,Western Australia,392,2021-01-12,2021-01-25,1953,79,118.0,1,118.0,Shirt,Flannel,XL,orange,50,January,12,Tuesday,13,1
840,Ellene Dedam,Agender,25,Islamouth,Western Australia,392,2021-01-12,2021-01-25,1954,1156,99.0,2,198.0,Trousers,High-Waisted,S,red,80,January,12,Tuesday,13,1
840,Ellene Dedam,Agender,25,Islamouth,Western Australia,392,2021-01-12,2021-01-25,1955,1056,93.0,1,93.0,Trousers,Joggers,S,orange,43,January,12,Tuesday,13,1
840,Ellene Dedam,Agender,25,Islamouth,Western Australia,649,2021-07-28,2021-08-16,3219,922,96.0,2,192.0,Trousers,Drawstring,M,yellow,55,July,28,Wednesday,19,7
840,Ellene Dedam,Agender,25,Islamouth,Western Australia,577,2021-02-20,2021-03-12,2877,778,91.0,3,273.0,Jacket,Pullover,L,orange,56,February,20,Saturday,20,2
840,Ellene Dedam,Agender,25,Islamouth,Western Australia,577,2021-02-20,2021-03-12,2878,1249,112.0,2,224.0,Trousers,Tracksuit Bottoms,XL,blue,68,February,20,Saturday,20,2
841,Rorie Hof,Polygender,23,Kulasmouth,Western Australia,340,2021-07-17,2021-08-13,1667,1001,106.0,2,212.0,Trousers,Wool,S,blue,55,July,17,Saturday,27,7
841,Rorie Hof,Polygender,23,Kulasmouth,Western Australia,340,2021-07-17,2021-08-13,1666,1169,99.0,3,297.0,Trousers,High-Waisted,XL,yellow,78,July,17,Saturday,27,7
841,Rorie Hof,Polygender,23,Kulasmouth,Western Australia,340,2021-07-17,2021-08-13,1668,696,113.0,2,226.0,Jacket,Parka,S,violet,67,July,17,Saturday,27,7
842,Millicent Stedson,Polygender,70,Port Kiara,Western Australia,554,2021-05-07,2021-05-26,2767,1127,102.0,3,306.0,Trousers,Cargo Pants,M,orange,51,May,7,Friday,19,5
842,Millicent Stedson,Polygender,70,Port Kiara,Western Australia,192,2021-02-06,2021-02-19,935,664,93.0,1,93.0,Jacket,Coach,XL,violet,60,February,6,Saturday,13,2
842,Millicent Stedson,Polygender,70,Port Kiara,Western Australia,192,2021-02-06,2021-02-19,934,9,96.0,3,288.0,Shirt,Oxford Cloth,XL,orange,43,February,6,Saturday,13,2
842,Millicent Stedson,Polygender,70,Port Kiara,Western Australia,192,2021-02-06,2021-02-19,936,573,100.0,3,300.0,Jacket,Bomber,L,yellow,54,February,6,Saturday,13,2
842,Millicent Stedson,Polygender,70,Port Kiara,Western Australia,192,2021-02-06,2021-02-19,931,390,119.0,3,357.0,Shirt,Casual Slim Fit,XS,orange,43,February,6,Saturday,13,2
842,Millicent Stedson,Polygender,70,Port Kiara,Western Australia,554,2021-05-07,2021-05-26,2768,870,113.0,2,226.0,Trousers,Chinos,XS,violet,72,May,7,Friday,19,5
842,Millicent Stedson,Polygender,70,Port Kiara,Western Australia,192,2021-02-06,2021-02-19,930,863,113.0,2,226.0,Trousers,Chinos,L,blue,46,February,6,Saturday,13,2
842,Millicent Stedson,Polygender,70,Port Kiara,Western Australia,192,2021-02-06,2021-02-19,933,920,96.0,3,288.0,Trousers,Drawstring,XS,yellow,41,February,6,Saturday,13,2
842,Millicent Stedson,Polygender,70,Port Kiara,Western Australia,192,2021-02-06,2021-02-19,932,990,106.0,3,318.0,Trousers,Wool,XS,yellow,67,February,6,Saturday,13,2
843,Sheela Dovey,Genderqueer,23,Lake Addisonland,South Australia,59,2021-01-31,2021-02-27,261,682,113.0,2,226.0,Jacket,Parka,M,green,71,January,31,Sunday,27,1
843,Sheela Dovey,Genderqueer,23,Lake Addisonland,South Australia,59,2021-01-31,2021-02-27,260,928,96.0,1,96.0,Trousers,Drawstring,L,green,43,January,31,Sunday,27,1
843,Sheela Dovey,Genderqueer,23,Lake Addisonland,South Australia,59,2021-01-31,2021-02-27,262,786,91.0,1,91.0,Jacket,Pullover,S,green,69,January,31,Sunday,27,1
844,Lorelle Lancastle,Genderqueer,63,Alexandraville,South Australia,585,2021-03-20,2021-03-23,2932,401,119.0,2,238.0,Shirt,Casual Slim Fit,S,green,72,March,20,Saturday,3,3
844,Lorelle Lancastle,Genderqueer,63,Alexandraville,South Australia,585,2021-03-20,2021-03-23,2931,456,118.0,3,354.0,Jacket,Puffer,S,red,62,March,20,Saturday,3,3
844,Lorelle Lancastle,Genderqueer,63,Alexandraville,South Australia,585,2021-03-20,2021-03-23,2930,886,94.0,2,188.0,Trousers,Cords,S,yellow,68,March,20,Saturday,3,3
844,Lorelle Lancastle,Genderqueer,63,Alexandraville,South Australia,585,2021-03-20,2021-03-23,2929,447,107.0,2,214.0,Jacket,Denim,M,indigo,52,March,20,Saturday,3,3
844,Lorelle Lancastle,Genderqueer,63,Alexandraville,South Australia,585,2021-03-20,2021-03-23,2933,328,109.0,1,109.0,Shirt,Mandarin Collar,L,yellow,78,March,20,Saturday,3,3
844,Lorelle Lancastle,Genderqueer,63,Alexandraville,South Australia,706,2021-07-20,2021-07-21,3510,356,94.0,1,94.0,Shirt,Henley,S,orange,46,July,20,Tuesday,1,7
844,Lorelle Lancastle,Genderqueer,63,Alexandraville,South Australia,706,2021-07-20,2021-07-21,3511,214,106.0,2,212.0,Shirt,Chambray,XL,red,42,July,20,Tuesday,1,7
844,Lorelle Lancastle,Genderqueer,63,Alexandraville,South Australia,706,2021-07-20,2021-07-21,3512,954,97.0,1,97.0,Trousers,Slim-Fit,XL,orange,78,July,20,Tuesday,1,7
844,Lorelle Lancastle,Genderqueer,63,Alexandraville,South Australia,706,2021-07-20,2021-07-21,3509,1030,90.0,2,180.0,Trousers,Relaxed Leg,XS,green,80,July,20,Tuesday,1,7
844,Lorelle Lancastle,Genderqueer,63,Alexandraville,South Australia,706,2021-07-20,2021-07-21,3508,494,102.0,1,102.0,Jacket,Windbreaker,XL,red,48,July,20,Tuesday,1,7
846,Isidore Bleasdille,Genderfluid,72,Davidtown,Victoria,193,2021-06-06,2021-06-07,940,762,109.0,1,109.0,Jacket,Peacoat,M,indigo,52,June,6,Sunday,1,6
846,Isidore Bleasdille,Genderfluid,72,Davidtown,Victoria,193,2021-06-06,2021-06-07,939,396,119.0,2,238.0,Shirt,Casual Slim Fit,S,yellow,45,June,6,Sunday,1,6
846,Isidore Bleasdille,Genderfluid,72,Davidtown,Victoria,193,2021-06-06,2021-06-07,938,63,104.0,3,312.0,Shirt,Dress,L,indigo,71,June,6,Sunday,1,6
846,Isidore Bleasdille,Genderfluid,72,Davidtown,Victoria,193,2021-06-06,2021-06-07,943,656,93.0,3,279.0,Jacket,Coach,S,indigo,78,June,6,Sunday,1,6
846,Isidore Bleasdille,Genderfluid,72,Davidtown,Victoria,193,2021-06-06,2021-06-07,942,1061,93.0,2,186.0,Trousers,Joggers,S,yellow,76,June,6,Sunday,1,6
846,Isidore Bleasdille,Genderfluid,72,Davidtown,Victoria,193,2021-06-06,2021-06-07,944,727,119.0,1,119.0,Jacket,Trench Coat,M,indigo,42,June,6,Sunday,1,6
846,Isidore Bleasdille,Genderfluid,72,Davidtown,Victoria,193,2021-06-06,2021-06-07,937,1084,93.0,2,186.0,Trousers,Joggers,XL,violet,40,June,6,Sunday,1,6
846,Isidore Bleasdille,Genderfluid,72,Davidtown,Victoria,102,2021-05-07,2021-05-26,461,332,109.0,3,327.0,Shirt,Mandarin Collar,M,green,57,May,7,Friday,19,5
846,Isidore Bleasdille,Genderfluid,72,Davidtown,Victoria,193,2021-06-06,2021-06-07,941,593,100.0,2,200.0,Jacket,Bomber,L,violet,68,June,6,Sunday,1,6
847,Rowena Soall,Agender,61,Zacville,Western Australia,349,2021-04-13,2021-04-29,1715,572,100.0,2,200.0,Jacket,Bomber,M,yellow,71,April,13,Tuesday,16,4
847,Rowena Soall,Agender,61,Zacville,Western Australia,349,2021-04-13,2021-04-29,1714,774,91.0,1,91.0,Jacket,Pullover,XL,red,65,April,13,Tuesday,16,4
847,Rowena Soall,Agender,61,Zacville,Western Australia,349,2021-04-13,2021-04-29,1713,71,118.0,1,118.0,Shirt,Flannel,S,red,59,April,13,Tuesday,16,4
847,Rowena Soall,Agender,61,Zacville,Western Australia,349,2021-04-13,2021-04-29,1712,112,92.0,2,184.0,Shirt,Denim,M,orange,50,April,13,Tuesday,16,4
847,Rowena Soall,Agender,61,Zacville,Western Australia,349,2021-04-13,2021-04-29,1711,135,92.0,1,92.0,Shirt,Denim,XS,violet,73,April,13,Tuesday,16,4
847,Rowena Soall,Agender,61,Zacville,Western Australia,349,2021-04-13,2021-04-29,1716,471,118.0,3,354.0,Jacket,Puffer,S,green,54,April,13,Tuesday,16,4
849,Gina Pollen,Male,29,Lake Gabrielview,New South Wales,44,2021-09-07,2021-09-22,207,595,112.0,1,112.0,Jacket,Cardigan,XS,red,51,September,7,Tuesday,15,9
849,Gina Pollen,Male,29,Lake Gabrielview,New South Wales,44,2021-09-07,2021-09-22,205,368,94.0,2,188.0,Shirt,Henley,L,green,41,September,7,Tuesday,15,9
849,Gina Pollen,Male,29,Lake Gabrielview,New South Wales,44,2021-09-07,2021-09-22,208,1076,93.0,1,93.0,Trousers,Joggers,S,indigo,56,September,7,Tuesday,15,9
849,Gina Pollen,Male,29,Lake Gabrielview,New South Wales,44,2021-09-07,2021-09-22,209,704,119.0,1,119.0,Jacket,Trench Coat,XL,red,40,September,7,Tuesday,15,9
849,Gina Pollen,Male,29,Lake Gabrielview,New South Wales,44,2021-09-07,2021-09-22,206,1127,102.0,2,204.0,Trousers,Cargo Pants,M,orange,51,September,7,Tuesday,15,9
851,Worthy Pardoe,Non-binary,71,North Emmashire,Australian Capital Territory,685,2021-08-06,2021-08-21,3398,275,95.0,1,95.0,Shirt,Polo,XS,violet,67,August,6,Friday,15,8
851,Worthy Pardoe,Non-binary,71,North Emmashire,Australian Capital Territory,685,2021-08-06,2021-08-21,3399,33,96.0,3,288.0,Shirt,Oxford Cloth,L,violet,73,August,6,Friday,15,8
852,Lucas Cromly,Polygender,67,O'connertown,Tasmania,9,2021-05-01,2021-05-11,41,1061,93.0,2,186.0,Trousers,Joggers,S,yellow,76,May,1,Saturday,10,5
852,Lucas Cromly,Polygender,67,O'connertown,Tasmania,9,2021-05-01,2021-05-11,42,35,104.0,2,208.0,Shirt,Dress,XS,red,63,May,1,Saturday,10,5
852,Lucas Cromly,Polygender,67,O'connertown,Tasmania,323,2021-03-23,2021-04-13,1583,1000,106.0,3,318.0,Trousers,Wool,XS,blue,58,March,23,Tuesday,21,3
852,Lucas Cromly,Polygender,67,O'connertown,Tasmania,323,2021-03-23,2021-04-13,1584,444,107.0,1,107.0,Jacket,Denim,XL,blue,80,March,23,Tuesday,21,3
852,Lucas Cromly,Polygender,67,O'connertown,Tasmania,323,2021-03-23,2021-04-13,1585,787,91.0,2,182.0,Jacket,Pullover,M,green,47,March,23,Tuesday,21,3
852,Lucas Cromly,Polygender,67,O'connertown,Tasmania,323,2021-03-23,2021-04-13,1582,635,93.0,3,279.0,Jacket,Coach,XS,orange,42,March,23,Tuesday,21,3
852,Lucas Cromly,Polygender,67,O'connertown,Tasmania,323,2021-03-23,2021-04-13,1586,357,94.0,3,282.0,Shirt,Henley,M,orange,70,March,23,Tuesday,21,3
852,Lucas Cromly,Polygender,67,O'connertown,Tasmania,323,2021-03-23,2021-04-13,1587,41,104.0,2,208.0,Shirt,Dress,S,orange,69,March,23,Tuesday,21,3
852,Lucas Cromly,Polygender,67,O'connertown,Tasmania,323,2021-03-23,2021-04-13,1588,1066,93.0,2,186.0,Trousers,Joggers,S,green,76,March,23,Tuesday,21,3
852,Lucas Cromly,Polygender,67,O'connertown,Tasmania,727,2021-05-01,2021-05-18,3631,165,91.0,2,182.0,Shirt,Linen,XS,indigo,70,May,1,Saturday,17,5
852,Lucas Cromly,Polygender,67,O'connertown,Tasmania,727,2021-05-01,2021-05-18,3632,796,91.0,1,91.0,Jacket,Pullover,S,indigo,44,May,1,Saturday,17,5
852,Lucas Cromly,Polygender,67,O'connertown,Tasmania,9,2021-05-01,2021-05-11,38,708,119.0,1,119.0,Jacket,Trench Coat,L,orange,70,May,1,Saturday,10,5
852,Lucas Cromly,Polygender,67,O'connertown,Tasmania,9,2021-05-01,2021-05-11,37,486,118.0,2,236.0,Jacket,Puffer,S,violet,46,May,1,Saturday,10,5
852,Lucas Cromly,Polygender,67,O'connertown,Tasmania,9,2021-05-01,2021-05-11,36,203,98.0,1,98.0,Shirt,Camp Collared,L,indigo,72,May,1,Saturday,10,5
852,Lucas Cromly,Polygender,67,O'connertown,Tasmania,9,2021-05-01,2021-05-11,40,917,96.0,3,288.0,Trousers,Drawstring,M,orange,76,May,1,Saturday,10,5
852,Lucas Cromly,Polygender,67,O'connertown,Tasmania,9,2021-05-01,2021-05-11,39,1040,90.0,2,180.0,Trousers,Relaxed Leg,XS,indigo,60,May,1,Saturday,10,5
852,Lucas Cromly,Polygender,67,O'connertown,Tasmania,323,2021-03-23,2021-04-13,1581,943,96.0,2,192.0,Trousers,Drawstring,L,violet,62,March,23,Tuesday,21,3
853,Brenden Roast,Genderfluid,54,Siennabury,New South Wales,459,2021-06-18,2021-07-06,2262,35,104.0,1,104.0,Shirt,Dress,XS,red,63,June,18,Friday,18,6
853,Brenden Roast,Genderfluid,54,Siennabury,New South Wales,459,2021-06-18,2021-07-06,2261,752,109.0,2,218.0,Jacket,Peacoat,M,green,49,June,18,Friday,18,6
853,Brenden Roast,Genderfluid,54,Siennabury,New South Wales,459,2021-06-18,2021-07-06,2260,595,112.0,2,224.0,Jacket,Cardigan,XS,red,51,June,18,Friday,18,6
853,Brenden Roast,Genderfluid,54,Siennabury,New South Wales,459,2021-06-18,2021-07-06,2264,535,98.0,1,98.0,Jacket,Leather,XS,yellow,73,June,18,Friday,18,6
853,Brenden Roast,Genderfluid,54,Siennabury,New South Wales,459,2021-06-18,2021-07-06,2263,613,112.0,2,224.0,Jacket,Cardigan,L,green,63,June,18,Friday,18,6
854,Lisle Worthing,Female,74,Walkertown,Victoria,893,2021-03-06,2021-03-14,4476,927,96.0,2,192.0,Trousers,Drawstring,M,green,52,March,6,Saturday,8,3
854,Lisle Worthing,Female,74,Walkertown,Victoria,893,2021-03-06,2021-03-14,4475,132,92.0,3,276.0,Shirt,Denim,M,indigo,56,March,6,Saturday,8,3
854,Lisle Worthing,Female,74,Walkertown,Victoria,893,2021-03-06,2021-03-14,4473,1243,112.0,2,224.0,Trousers,Tracksuit Bottoms,L,green,66,March,6,Saturday,8,3
854,Lisle Worthing,Female,74,Walkertown,Victoria,893,2021-03-06,2021-03-14,4472,1118,115.0,3,345.0,Trousers,Cropped,L,violet,40,March,6,Saturday,8,3
854,Lisle Worthing,Female,74,Walkertown,Victoria,893,2021-03-06,2021-03-14,4474,838,117.0,1,117.0,Jacket,Shearling,L,violet,61,March,6,Saturday,8,3
857,Dianemarie Neicho,Agender,27,West Joelmouth,Western Australia,759,2021-06-06,2021-07-03,3804,271,95.0,3,285.0,Shirt,Polo,S,indigo,50,June,6,Sunday,27,6
857,Dianemarie Neicho,Agender,27,West Joelmouth,Western Australia,759,2021-06-06,2021-07-03,3803,266,95.0,2,190.0,Shirt,Polo,S,blue,76,June,6,Sunday,27,6
857,Dianemarie Neicho,Agender,27,West Joelmouth,Western Australia,759,2021-06-06,2021-07-03,3801,1241,112.0,1,112.0,Trousers,Tracksuit Bottoms,S,green,72,June,6,Sunday,27,6
857,Dianemarie Neicho,Agender,27,West Joelmouth,Western Australia,759,2021-06-06,2021-07-03,3800,536,98.0,2,196.0,Jacket,Leather,S,yellow,41,June,6,Sunday,27,6
857,Dianemarie Neicho,Agender,27,West Joelmouth,Western Australia,759,2021-06-06,2021-07-03,3802,254,95.0,3,285.0,Shirt,Polo,XL,orange,43,June,6,Sunday,27,6
865,Ondrea Apark,Agender,44,North Riley,Victoria,818,2021-03-15,2021-04-10,4118,931,96.0,3,288.0,Trousers,Drawstring,S,blue,48,March,15,Monday,26,3
865,Ondrea Apark,Agender,44,North Riley,Victoria,818,2021-03-15,2021-04-10,4117,1240,112.0,1,112.0,Trousers,Tracksuit Bottoms,XS,green,69,March,15,Monday,26,3
865,Ondrea Apark,Agender,44,North Riley,Victoria,216,2021-04-16,2021-05-04,1054,731,119.0,2,238.0,Jacket,Trench Coat,S,violet,69,April,16,Friday,18,4
865,Ondrea Apark,Agender,44,North Riley,Victoria,216,2021-04-16,2021-05-04,1055,303,105.0,1,105.0,Shirt,Cuban Collar,L,blue,65,April,16,Friday,18,4
865,Ondrea Apark,Agender,44,North Riley,Victoria,216,2021-04-16,2021-05-04,1052,370,94.0,1,94.0,Shirt,Henley,XS,blue,61,April,16,Friday,18,4
865,Ondrea Apark,Agender,44,North Riley,Victoria,216,2021-04-16,2021-05-04,1056,493,102.0,3,306.0,Jacket,Windbreaker,L,red,40,April,16,Friday,18,4
865,Ondrea Apark,Agender,44,North Riley,Victoria,216,2021-04-16,2021-05-04,1053,118,92.0,1,92.0,Shirt,Denim,L,yellow,75,April,16,Friday,18,4
867,Hunfredo Peyto,Bigender,36,Port Davidburgh,Tasmania,170,2021-08-17,2021-09-03,817,673,113.0,3,339.0,Jacket,Parka,L,orange,77,August,17,Tuesday,17,8
867,Hunfredo Peyto,Bigender,36,Port Davidburgh,Tasmania,170,2021-08-17,2021-09-03,821,899,94.0,2,188.0,Trousers,Cords,XL,blue,65,August,17,Tuesday,17,8
867,Hunfredo Peyto,Bigender,36,Port Davidburgh,Tasmania,170,2021-08-17,2021-09-03,819,345,109.0,1,109.0,Shirt,Mandarin Collar,XS,violet,52,August,17,Tuesday,17,8
867,Hunfredo Peyto,Bigender,36,Port Davidburgh,Tasmania,170,2021-08-17,2021-09-03,820,1224,105.0,2,210.0,Trousers,Pleated,XL,violet,65,August,17,Tuesday,17,8
867,Hunfredo Peyto,Bigender,36,Port Davidburgh,Tasmania,170,2021-08-17,2021-09-03,818,357,94.0,1,94.0,Shirt,Henley,M,orange,70,August,17,Tuesday,17,8
868,Berry Rosiello,Agender,28,New Charlieville,Western Australia,770,2021-02-06,2021-02-28,3852,869,113.0,2,226.0,Trousers,Chinos,XL,indigo,78,February,6,Saturday,22,2
868,Berry Rosiello,Agender,28,New Charlieville,Western Australia,770,2021-02-06,2021-02-28,3850,1209,105.0,3,315.0,Trousers,Pleated,XL,green,55,February,6,Saturday,22,2
868,Berry Rosiello,Agender,28,New Charlieville,Western Australia,770,2021-02-06,2021-02-28,3851,665,113.0,1,113.0,Jacket,Parka,XS,red,65,February,6,Saturday,22,2
869,Vladimir Jandourek,Non-binary,26,New Jackson,South Australia,350,2021-02-14,2021-03-02,1720,336,109.0,1,109.0,Shirt,Mandarin Collar,S,blue,44,February,14,Sunday,16,2
869,Vladimir Jandourek,Non-binary,26,New Jackson,South Australia,350,2021-02-14,2021-03-02,1718,385,119.0,3,357.0,Shirt,Casual Slim Fit,XS,red,49,February,14,Sunday,16,2
869,Vladimir Jandourek,Non-binary,26,New Jackson,South Australia,350,2021-02-14,2021-03-02,1717,314,105.0,3,315.0,Shirt,Cuban Collar,XL,violet,44,February,14,Sunday,16,2
869,Vladimir Jandourek,Non-binary,26,New Jackson,South Australia,350,2021-02-14,2021-03-02,1722,308,105.0,1,105.0,Shirt,Cuban Collar,L,indigo,65,February,14,Sunday,16,2
869,Vladimir Jandourek,Non-binary,26,New Jackson,South Australia,350,2021-02-14,2021-03-02,1719,997,106.0,1,106.0,Trousers,Wool,M,green,41,February,14,Sunday,16,2
869,Vladimir Jandourek,Non-binary,26,New Jackson,South Australia,350,2021-02-14,2021-03-02,1721,501,102.0,2,204.0,Jacket,Windbreaker,S,yellow,66,February,14,Sunday,16,2
870,Lorenzo Dutch,Genderfluid,49,Lake Ashleyhaven,Queensland,906,2021-01-21,2021-02-04,4544,569,100.0,2,200.0,Jacket,Bomber,XL,orange,69,January,21,Thursday,14,1
870,Lorenzo Dutch,Genderfluid,49,Lake Ashleyhaven,Queensland,360,2021-08-03,2021-08-08,1779,913,96.0,2,192.0,Trousers,Drawstring,L,red,73,August,3,Tuesday,5,8
870,Lorenzo Dutch,Genderfluid,49,Lake Ashleyhaven,Queensland,360,2021-08-03,2021-08-08,1780,98,118.0,2,236.0,Shirt,Flannel,L,indigo,62,August,3,Tuesday,5,8
870,Lorenzo Dutch,Genderfluid,49,Lake Ashleyhaven,Queensland,906,2021-01-21,2021-02-04,4547,1027,90.0,1,90.0,Trousers,Relaxed Leg,M,yellow,68,January,21,Thursday,14,1
870,Lorenzo Dutch,Genderfluid,49,Lake Ashleyhaven,Queensland,906,2021-01-21,2021-02-04,4545,543,98.0,1,98.0,Jacket,Leather,L,green,71,January,21,Thursday,14,1
870,Lorenzo Dutch,Genderfluid,49,Lake Ashleyhaven,Queensland,906,2021-01-21,2021-02-04,4546,727,119.0,3,357.0,Jacket,Trench Coat,M,indigo,42,January,21,Thursday,14,1
870,Lorenzo Dutch,Genderfluid,49,Lake Ashleyhaven,Queensland,906,2021-01-21,2021-02-04,4543,97,118.0,1,118.0,Shirt,Flannel,M,indigo,69,January,21,Thursday,14,1
870,Lorenzo Dutch,Genderfluid,49,Lake Ashleyhaven,Queensland,360,2021-08-03,2021-08-08,1778,1053,93.0,2,186.0,Trousers,Joggers,L,red,63,August,3,Tuesday,5,8
871,Calypso Ellaway,Bigender,48,Port Joshualand,Western Australia,145,2021-02-02,2021-02-10,687,1138,102.0,1,102.0,Trousers,Cargo Pants,L,green,42,February,2,Tuesday,8,2
871,Calypso Ellaway,Bigender,48,Port Joshualand,Western Australia,139,2021-06-15,2021-06-28,654,521,102.0,2,204.0,Jacket,Windbreaker,S,violet,46,June,15,Tuesday,13,6
871,Calypso Ellaway,Bigender,48,Port Joshualand,Western Australia,145,2021-02-02,2021-02-10,690,472,118.0,3,354.0,Jacket,Puffer,M,green,72,February,2,Tuesday,8,2
871,Calypso Ellaway,Bigender,48,Port Joshualand,Western Australia,145,2021-02-02,2021-02-10,688,623,112.0,3,336.0,Jacket,Cardigan,L,indigo,40,February,2,Tuesday,8,2
871,Calypso Ellaway,Bigender,48,Port Joshualand,Western Australia,139,2021-06-15,2021-06-28,655,428,107.0,1,107.0,Jacket,Denim,L,orange,73,June,15,Tuesday,13,6
871,Calypso Ellaway,Bigender,48,Port Joshualand,Western Australia,139,2021-06-15,2021-06-28,657,1110,115.0,3,345.0,Trousers,Cropped,XS,indigo,55,June,15,Tuesday,13,6
871,Calypso Ellaway,Bigender,48,Port Joshualand,Western Australia,139,2021-06-15,2021-06-28,656,280,105.0,1,105.0,Shirt,Cuban Collar,XS,red,56,June,15,Tuesday,13,6
871,Calypso Ellaway,Bigender,48,Port Joshualand,Western Australia,145,2021-02-02,2021-02-10,689,655,93.0,2,186.0,Jacket,Coach,XS,indigo,42,February,2,Tuesday,8,2
872,Brendis Blackboro,Non-binary,74,West Lukeshire,New South Wales,782,2021-03-07,2021-03-23,3910,171,91.0,3,273.0,Shirt,Linen,S,violet,44,March,7,Sunday,16,3
872,Brendis Blackboro,Non-binary,74,West Lukeshire,New South Wales,80,2021-04-26,2021-05-20,353,21,96.0,2,192.0,Shirt,Oxford Cloth,S,blue,51,April,26,Monday,24,4
872,Brendis Blackboro,Non-binary,74,West Lukeshire,New South Wales,80,2021-04-26,2021-05-20,354,978,97.0,2,194.0,Trousers,Slim-Fit,L,violet,58,April,26,Monday,24,4
872,Brendis Blackboro,Non-binary,74,West Lukeshire,New South Wales,782,2021-03-07,2021-03-23,3914,187,98.0,3,294.0,Shirt,Camp Collared,M,yellow,49,March,7,Sunday,16,3
872,Brendis Blackboro,Non-binary,74,West Lukeshire,New South Wales,782,2021-03-07,2021-03-23,3915,93,118.0,1,118.0,Shirt,Flannel,L,blue,44,March,7,Sunday,16,3
872,Brendis Blackboro,Non-binary,74,West Lukeshire,New South Wales,782,2021-03-07,2021-03-23,3912,495,102.0,1,102.0,Jacket,Windbreaker,XS,orange,70,March,7,Sunday,16,3
872,Brendis Blackboro,Non-binary,74,West Lukeshire,New South Wales,880,2021-02-19,2021-03-16,4402,161,91.0,3,273.0,Shirt,Linen,S,blue,77,February,19,Friday,25,2
872,Brendis Blackboro,Non-binary,74,West Lukeshire,New South Wales,880,2021-02-19,2021-03-16,4403,52,104.0,1,104.0,Shirt,Dress,M,green,65,February,19,Friday,25,2
872,Brendis Blackboro,Non-binary,74,West Lukeshire,New South Wales,880,2021-02-19,2021-03-16,4404,860,113.0,1,113.0,Trousers,Chinos,XS,blue,69,February,19,Friday,25,2
872,Brendis Blackboro,Non-binary,74,West Lukeshire,New South Wales,880,2021-02-19,2021-03-16,4401,141,91.0,2,182.0,Shirt,Linen,S,red,67,February,19,Friday,25,2
872,Brendis Blackboro,Non-binary,74,West Lukeshire,New South Wales,880,2021-02-19,2021-03-16,4406,1215,105.0,2,210.0,Trousers,Pleated,XS,indigo,52,February,19,Friday,25,2
872,Brendis Blackboro,Non-binary,74,West Lukeshire,New South Wales,880,2021-02-19,2021-03-16,4405,823,117.0,1,117.0,Jacket,Shearling,L,green,66,February,19,Friday,25,2
872,Brendis Blackboro,Non-binary,74,West Lukeshire,New South Wales,782,2021-03-07,2021-03-23,3911,176,98.0,1,98.0,Shirt,Camp Collared,S,red,67,March,7,Sunday,16,3
872,Brendis Blackboro,Non-binary,74,West Lukeshire,New South Wales,782,2021-03-07,2021-03-23,3913,590,100.0,2,200.0,Jacket,Bomber,XS,violet,75,March,7,Sunday,16,3
872,Brendis Blackboro,Non-binary,74,West Lukeshire,New South Wales,880,2021-02-19,2021-03-16,4400,724,119.0,2,238.0,Jacket,Trench Coat,XL,blue,69,February,19,Friday,25,2
873,Cecilla Pigford,Non-binary,38,Samanthatown,Western Australia,640,2021-01-23,2021-01-26,3176,1011,106.0,1,106.0,Trousers,Wool,S,violet,59,January,23,Saturday,3,1
873,Cecilla Pigford,Non-binary,38,Samanthatown,Western Australia,55,2021-04-08,2021-04-25,249,717,119.0,1,119.0,Jacket,Trench Coat,M,green,67,April,8,Thursday,17,4
874,Prissie Kondratovich,Genderqueer,65,South Zacmouth,Western Australia,86,2021-08-05,2021-08-11,376,572,100.0,2,200.0,Jacket,Bomber,M,yellow,71,August,5,Thursday,6,8
876,Glynda Dodshon,Male,20,New Aidenfurt,Northern Territory,317,2021-04-23,2021-04-26,1549,254,95.0,3,285.0,Shirt,Polo,XL,orange,43,April,23,Friday,3,4
876,Glynda Dodshon,Male,20,New Aidenfurt,Northern Territory,317,2021-04-23,2021-04-26,1550,414,119.0,2,238.0,Shirt,Casual Slim Fit,XL,indigo,40,April,23,Friday,3,4
878,Elianore Syphas,Genderfluid,54,Lake William,Victoria,133,2021-07-07,2021-07-17,629,374,94.0,3,282.0,Shirt,Henley,XL,blue,75,July,7,Wednesday,10,7
878,Elianore Syphas,Genderfluid,54,Lake William,Victoria,259,2021-08-16,2021-09-07,1254,162,91.0,2,182.0,Shirt,Linen,M,blue,58,August,16,Monday,22,8
878,Elianore Syphas,Genderfluid,54,Lake William,Victoria,133,2021-07-07,2021-07-17,628,942,96.0,2,192.0,Trousers,Drawstring,M,violet,73,July,7,Wednesday,10,7
878,Elianore Syphas,Genderfluid,54,Lake William,Victoria,133,2021-07-07,2021-07-17,627,523,102.0,1,102.0,Jacket,Windbreaker,L,violet,72,July,7,Wednesday,10,7
878,Elianore Syphas,Genderfluid,54,Lake William,Victoria,259,2021-08-16,2021-09-07,1253,777,91.0,3,273.0,Jacket,Pullover,M,orange,60,August,16,Monday,22,8
878,Elianore Syphas,Genderfluid,54,Lake William,Victoria,259,2021-08-16,2021-09-07,1252,317,109.0,1,109.0,Shirt,Mandarin Collar,M,red,60,August,16,Monday,22,8
882,Bartel Clemendet,Genderqueer,43,Kiehnfurt,South Australia,285,2021-09-25,2021-10-20,1384,1223,105.0,2,210.0,Trousers,Pleated,L,violet,48,September,25,Saturday,25,9
882,Bartel Clemendet,Genderqueer,43,Kiehnfurt,South Australia,363,2021-01-25,2021-02-21,1792,391,119.0,2,238.0,Shirt,Casual Slim Fit,S,orange,54,January,25,Monday,27,1
882,Bartel Clemendet,Genderqueer,43,Kiehnfurt,South Australia,849,2021-08-11,2021-09-01,4267,1117,115.0,1,115.0,Trousers,Cropped,M,violet,47,August,11,Wednesday,21,8
882,Bartel Clemendet,Genderqueer,43,Kiehnfurt,South Australia,285,2021-09-25,2021-10-20,1385,948,97.0,2,194.0,Trousers,Slim-Fit,L,red,80,September,25,Saturday,25,9
882,Bartel Clemendet,Genderqueer,43,Kiehnfurt,South Australia,849,2021-08-11,2021-09-01,4264,73,118.0,2,236.0,Shirt,Flannel,L,red,77,August,11,Wednesday,21,8
882,Bartel Clemendet,Genderqueer,43,Kiehnfurt,South Australia,363,2021-01-25,2021-02-21,1791,1003,106.0,3,318.0,Trousers,Wool,L,blue,79,January,25,Monday,27,1
882,Bartel Clemendet,Genderqueer,43,Kiehnfurt,South Australia,849,2021-08-11,2021-09-01,4266,993,106.0,3,318.0,Trousers,Wool,L,yellow,46,August,11,Wednesday,21,8
882,Bartel Clemendet,Genderqueer,43,Kiehnfurt,South Australia,849,2021-08-11,2021-09-01,4265,1074,93.0,3,279.0,Trousers,Joggers,XL,blue,52,August,11,Wednesday,21,8
883,Noel Siviour,Polygender,43,Beahantown,South Australia,952,2021-08-05,2021-08-25,4746,304,105.0,2,210.0,Shirt,Cuban Collar,XL,blue,73,August,5,Thursday,20,8
883,Noel Siviour,Polygender,43,Beahantown,South Australia,952,2021-08-05,2021-08-25,4742,859,113.0,1,113.0,Trousers,Chinos,XL,green,50,August,5,Thursday,20,8
883,Noel Siviour,Polygender,43,Beahantown,South Australia,952,2021-08-05,2021-08-25,4747,1223,105.0,1,105.0,Trousers,Pleated,L,violet,48,August,5,Thursday,20,8
883,Noel Siviour,Polygender,43,Beahantown,South Australia,952,2021-08-05,2021-08-25,4745,707,119.0,3,357.0,Jacket,Trench Coat,M,orange,43,August,5,Thursday,20,8
883,Noel Siviour,Polygender,43,Beahantown,South Australia,952,2021-08-05,2021-08-25,4744,845,113.0,1,113.0,Trousers,Chinos,XS,orange,53,August,5,Thursday,20,8
883,Noel Siviour,Polygender,43,Beahantown,South Australia,952,2021-08-05,2021-08-25,4748,78,118.0,2,236.0,Shirt,Flannel,L,orange,59,August,5,Thursday,20,8
883,Noel Siviour,Polygender,43,Beahantown,South Australia,952,2021-08-05,2021-08-25,4743,721,119.0,2,238.0,Jacket,Trench Coat,S,blue,64,August,5,Thursday,20,8
884,Frederique Hopkins,Bigender,43,Macdonaldtown,Northern Territory,689,2021-10-03,2021-10-28,3418,1217,105.0,2,210.0,Trousers,Pleated,M,indigo,48,October,3,Sunday,25,10
884,Frederique Hopkins,Bigender,43,Macdonaldtown,Northern Territory,689,2021-10-03,2021-10-28,3417,245,95.0,2,190.0,Shirt,Polo,XS,red,40,October,3,Sunday,25,10
884,Frederique Hopkins,Bigender,43,Macdonaldtown,Northern Territory,689,2021-10-03,2021-10-28,3416,277,95.0,2,190.0,Shirt,Polo,M,violet,77,October,3,Sunday,25,10
884,Frederique Hopkins,Bigender,43,Macdonaldtown,Northern Territory,689,2021-10-03,2021-10-28,3419,643,93.0,3,279.0,Jacket,Coach,L,yellow,53,October,3,Sunday,25,10
884,Frederique Hopkins,Bigender,43,Macdonaldtown,Northern Territory,689,2021-10-03,2021-10-28,3415,339,109.0,2,218.0,Shirt,Mandarin Collar,XL,blue,71,October,3,Sunday,25,10
884,Frederique Hopkins,Bigender,43,Macdonaldtown,Northern Territory,689,2021-10-03,2021-10-28,3414,674,113.0,1,113.0,Jacket,Parka,XL,orange,68,October,3,Sunday,25,10
884,Frederique Hopkins,Bigender,43,Macdonaldtown,Northern Territory,689,2021-10-03,2021-10-28,3413,1169,99.0,1,99.0,Trousers,High-Waisted,XL,yellow,78,October,3,Sunday,25,10
886,Emylee Buscher,Non-binary,69,Thompsonport,Northern Territory,637,2021-08-06,2021-08-18,3161,1158,99.0,1,99.0,Trousers,High-Waisted,L,red,52,August,6,Friday,12,8
886,Emylee Buscher,Non-binary,69,Thompsonport,Northern Territory,637,2021-08-06,2021-08-18,3164,765,109.0,3,327.0,Jacket,Peacoat,XS,violet,54,August,6,Friday,12,8
886,Emylee Buscher,Non-binary,69,Thompsonport,Northern Territory,637,2021-08-06,2021-08-18,3162,1175,99.0,2,198.0,Trousers,High-Waisted,XS,blue,51,August,6,Friday,12,8
886,Emylee Buscher,Non-binary,69,Thompsonport,Northern Territory,435,2021-02-17,2021-02-22,2159,678,113.0,3,339.0,Jacket,Parka,L,yellow,72,February,17,Wednesday,5,2
886,Emylee Buscher,Non-binary,69,Thompsonport,Northern Territory,435,2021-02-17,2021-02-22,2160,269,95.0,3,285.0,Shirt,Polo,XL,blue,70,February,17,Wednesday,5,2
886,Emylee Buscher,Non-binary,69,Thompsonport,Northern Territory,637,2021-08-06,2021-08-18,3163,157,91.0,2,182.0,Shirt,Linen,M,green,42,August,6,Friday,12,8
886,Emylee Buscher,Non-binary,69,Thompsonport,Northern Territory,435,2021-02-17,2021-02-22,2163,754,109.0,2,218.0,Jacket,Peacoat,XL,green,68,February,17,Wednesday,5,2
886,Emylee Buscher,Non-binary,69,Thompsonport,Northern Territory,435,2021-02-17,2021-02-22,2162,77,118.0,2,236.0,Shirt,Flannel,M,orange,68,February,17,Wednesday,5,2
886,Emylee Buscher,Non-binary,69,Thompsonport,Northern Territory,435,2021-02-17,2021-02-22,2161,889,94.0,2,188.0,Trousers,Cords,XL,yellow,65,February,17,Wednesday,5,2
887,Killie Wigzell,Male,61,South Emilyborough,Victoria,330,2021-03-12,2021-04-08,1623,1223,105.0,3,315.0,Trousers,Pleated,L,violet,48,March,12,Friday,27,3
887,Killie Wigzell,Male,61,South Emilyborough,Victoria,330,2021-03-12,2021-04-08,1622,569,100.0,1,100.0,Jacket,Bomber,XL,orange,69,March,12,Friday,27,3
887,Killie Wigzell,Male,61,South Emilyborough,Victoria,330,2021-03-12,2021-04-08,1616,1226,112.0,2,224.0,Trousers,Tracksuit Bottoms,S,red,57,March,12,Friday,27,3
887,Killie Wigzell,Male,61,South Emilyborough,Victoria,330,2021-03-12,2021-04-08,1619,1132,102.0,2,204.0,Trousers,Cargo Pants,M,yellow,72,March,12,Friday,27,3
887,Killie Wigzell,Male,61,South Emilyborough,Victoria,330,2021-03-12,2021-04-08,1621,263,95.0,1,95.0,Shirt,Polo,L,green,68,March,12,Friday,27,3
887,Killie Wigzell,Male,61,South Emilyborough,Victoria,330,2021-03-12,2021-04-08,1620,1071,93.0,2,186.0,Trousers,Joggers,S,blue,50,March,12,Friday,27,3
887,Killie Wigzell,Male,61,South Emilyborough,Victoria,330,2021-03-12,2021-04-08,1618,87,118.0,2,236.0,Shirt,Flannel,M,green,66,March,12,Friday,27,3
887,Killie Wigzell,Male,61,South Emilyborough,Victoria,330,2021-03-12,2021-04-08,1617,809,117.0,3,351.0,Jacket,Shearling,XL,red,42,March,12,Friday,27,3
889,Kaitlin Jeanes,Genderqueer,69,Beahanport,Northern Territory,676,2021-09-24,2021-10-11,3363,839,117.0,3,351.0,Jacket,Shearling,XL,violet,70,September,24,Friday,17,9
889,Kaitlin Jeanes,Genderqueer,69,Beahanport,Northern Territory,676,2021-09-24,2021-10-11,3362,311,105.0,2,210.0,Shirt,Cuban Collar,S,violet,43,September,24,Friday,17,9
889,Kaitlin Jeanes,Genderqueer,69,Beahanport,Northern Territory,676,2021-09-24,2021-10-11,3361,814,117.0,3,351.0,Jacket,Shearling,XL,orange,60,September,24,Friday,17,9
892,Jania Sailes,Non-binary,44,West Annaton,Australian Capital Territory,406,2021-07-25,2021-08-18,2015,121,92.0,1,92.0,Shirt,Denim,S,green,49,July,25,Sunday,24,7
892,Jania Sailes,Non-binary,44,West Annaton,Australian Capital Territory,406,2021-07-25,2021-08-18,2014,26,96.0,1,96.0,Shirt,Oxford Cloth,S,indigo,59,July,25,Sunday,24,7
892,Jania Sailes,Non-binary,44,West Annaton,Australian Capital Territory,406,2021-07-25,2021-08-18,2012,838,117.0,3,351.0,Jacket,Shearling,L,violet,61,July,25,Sunday,24,7
892,Jania Sailes,Non-binary,44,West Annaton,Australian Capital Territory,406,2021-07-25,2021-08-18,2013,1258,112.0,3,336.0,Trousers,Tracksuit Bottoms,L,violet,45,July,25,Sunday,24,7
892,Jania Sailes,Non-binary,44,West Annaton,Australian Capital Territory,406,2021-07-25,2021-08-18,2016,92,118.0,3,354.0,Shirt,Flannel,M,blue,73,July,25,Sunday,24,7
892,Jania Sailes,Non-binary,44,West Annaton,Australian Capital Territory,406,2021-07-25,2021-08-18,2017,1184,99.0,2,198.0,Trousers,High-Waisted,XL,indigo,57,July,25,Sunday,24,7
893,Angelle Huby,Genderfluid,57,Port Jettshire,Western Australia,445,2021-07-07,2021-07-27,2207,561,100.0,3,300.0,Jacket,Bomber,S,red,74,July,7,Wednesday,20,7
893,Angelle Huby,Genderfluid,57,Port Jettshire,Western Australia,445,2021-07-07,2021-07-27,2208,1096,115.0,2,230.0,Trousers,Cropped,S,yellow,65,July,7,Wednesday,20,7
895,Robena Gilbert,Genderfluid,37,Lake Bellahaven,Queensland,493,2021-04-24,2021-05-03,2428,578,100.0,3,300.0,Jacket,Bomber,L,green,78,April,24,Saturday,9,4
895,Robena Gilbert,Genderfluid,37,Lake Bellahaven,Queensland,493,2021-04-24,2021-05-03,2429,466,118.0,3,354.0,Jacket,Puffer,S,yellow,48,April,24,Saturday,9,4
895,Robena Gilbert,Genderfluid,37,Lake Bellahaven,Queensland,493,2021-04-24,2021-05-03,2432,148,91.0,3,273.0,Shirt,Linen,L,orange,73,April,24,Saturday,9,4
895,Robena Gilbert,Genderfluid,37,Lake Bellahaven,Queensland,493,2021-04-24,2021-05-03,2433,756,109.0,1,109.0,Jacket,Peacoat,S,blue,50,April,24,Saturday,9,4
895,Robena Gilbert,Genderfluid,37,Lake Bellahaven,Queensland,493,2021-04-24,2021-05-03,2430,1129,102.0,3,306.0,Trousers,Cargo Pants,XL,orange,61,April,24,Saturday,9,4
895,Robena Gilbert,Genderfluid,37,Lake Bellahaven,Queensland,493,2021-04-24,2021-05-03,2431,274,95.0,1,95.0,Shirt,Polo,XL,indigo,56,April,24,Saturday,9,4
896,Thoma Seaking,Genderqueer,67,Ryanberg,South Australia,675,2021-06-05,2021-06-13,3360,1007,106.0,3,318.0,Trousers,Wool,M,indigo,56,June,5,Saturday,8,6
896,Thoma Seaking,Genderqueer,67,Ryanberg,South Australia,675,2021-06-05,2021-06-13,3357,1188,99.0,2,198.0,Trousers,High-Waisted,L,violet,68,June,5,Saturday,8,6
896,Thoma Seaking,Genderqueer,67,Ryanberg,South Australia,675,2021-06-05,2021-06-13,3354,1012,106.0,2,212.0,Trousers,Wool,M,violet,51,June,5,Saturday,8,6
896,Thoma Seaking,Genderqueer,67,Ryanberg,South Australia,675,2021-06-05,2021-06-13,3356,673,113.0,2,226.0,Jacket,Parka,L,orange,77,June,5,Saturday,8,6
896,Thoma Seaking,Genderqueer,67,Ryanberg,South Australia,675,2021-06-05,2021-06-13,3358,43,104.0,2,208.0,Shirt,Dress,L,orange,73,June,5,Saturday,8,6
896,Thoma Seaking,Genderqueer,67,Ryanberg,South Australia,675,2021-06-05,2021-06-13,3355,81,118.0,3,354.0,Shirt,Flannel,S,yellow,42,June,5,Saturday,8,6
896,Thoma Seaking,Genderqueer,67,Ryanberg,South Australia,675,2021-06-05,2021-06-13,3359,23,96.0,2,192.0,Shirt,Oxford Cloth,L,blue,59,June,5,Saturday,8,6
898,Jillian Sauven,Bigender,41,Angelinaport,New South Wales,886,2021-09-22,2021-10-18,4447,792,91.0,2,182.0,Jacket,Pullover,M,blue,44,September,22,Wednesday,26,9
898,Jillian Sauven,Bigender,41,Angelinaport,New South Wales,886,2021-09-22,2021-10-18,4446,466,118.0,3,354.0,Jacket,Puffer,S,yellow,48,September,22,Wednesday,26,9
898,Jillian Sauven,Bigender,41,Angelinaport,New South Wales,886,2021-09-22,2021-10-18,4448,357,94.0,2,188.0,Shirt,Henley,M,orange,70,September,22,Wednesday,26,9
898,Jillian Sauven,Bigender,41,Angelinaport,New South Wales,590,2021-07-06,2021-07-15,2966,388,119.0,1,119.0,Shirt,Casual Slim Fit,L,red,78,July,6,Tuesday,9,7
898,Jillian Sauven,Bigender,41,Angelinaport,New South Wales,590,2021-07-06,2021-07-15,2965,944,96.0,2,192.0,Trousers,Drawstring,XL,violet,80,July,6,Tuesday,9,7
898,Jillian Sauven,Bigender,41,Angelinaport,New South Wales,886,2021-09-22,2021-10-18,4445,407,119.0,3,357.0,Shirt,Casual Slim Fit,M,blue,61,September,22,Wednesday,26,9
898,Jillian Sauven,Bigender,41,Angelinaport,New South Wales,590,2021-07-06,2021-07-15,2963,1056,93.0,2,186.0,Trousers,Joggers,S,orange,43,July,6,Tuesday,9,7
898,Jillian Sauven,Bigender,41,Angelinaport,New South Wales,590,2021-07-06,2021-07-15,2964,379,94.0,2,188.0,Shirt,Henley,XL,indigo,52,July,6,Tuesday,9,7
898,Jillian Sauven,Bigender,41,Angelinaport,New South Wales,886,2021-09-22,2021-10-18,4444,112,92.0,2,184.0,Shirt,Denim,M,orange,50,September,22,Wednesday,26,9
900,Shelden Tinline,Agender,22,East Emily,Tasmania,497,2021-07-07,2021-07-09,2451,968,97.0,1,97.0,Trousers,Slim-Fit,L,blue,49,July,7,Wednesday,2,7
900,Shelden Tinline,Agender,22,East Emily,Tasmania,497,2021-07-07,2021-07-09,2452,332,109.0,3,327.0,Shirt,Mandarin Collar,M,green,57,July,7,Wednesday,2,7
904,Sutherlan Stepto,Genderfluid,48,West Dylanport,Tasmania,629,2021-08-07,2021-08-20,3119,250,95.0,2,190.0,Shirt,Polo,XS,orange,75,August,7,Saturday,13,8
904,Sutherlan Stepto,Genderfluid,48,West Dylanport,Tasmania,629,2021-08-07,2021-08-20,3117,710,119.0,1,119.0,Jacket,Trench Coat,XS,yellow,78,August,7,Saturday,13,8
904,Sutherlan Stepto,Genderfluid,48,West Dylanport,Tasmania,629,2021-08-07,2021-08-20,3118,819,117.0,3,351.0,Jacket,Shearling,XL,yellow,63,August,7,Saturday,13,8
904,Sutherlan Stepto,Genderfluid,48,West Dylanport,Tasmania,629,2021-08-07,2021-08-20,3120,484,118.0,3,354.0,Jacket,Puffer,XL,indigo,60,August,7,Saturday,13,8
906,Vincent Kiledal,Genderfluid,74,Ebertfurt,Australian Capital Territory,639,2021-03-30,2021-04-22,3174,855,113.0,2,226.0,Trousers,Chinos,XS,green,75,March,30,Tuesday,23,3
906,Vincent Kiledal,Genderfluid,74,Ebertfurt,Australian Capital Territory,639,2021-03-30,2021-04-22,3171,666,113.0,1,113.0,Jacket,Parka,S,red,66,March,30,Tuesday,23,3
906,Vincent Kiledal,Genderfluid,74,Ebertfurt,Australian Capital Territory,639,2021-03-30,2021-04-22,3175,949,97.0,1,97.0,Trousers,Slim-Fit,XL,red,67,March,30,Tuesday,23,3
906,Vincent Kiledal,Genderfluid,74,Ebertfurt,Australian Capital Territory,639,2021-03-30,2021-04-22,3173,73,118.0,2,236.0,Shirt,Flannel,L,red,77,March,30,Tuesday,23,3
906,Vincent Kiledal,Genderfluid,74,Ebertfurt,Australian Capital Territory,639,2021-03-30,2021-04-22,3172,1143,102.0,2,204.0,Trousers,Cargo Pants,L,blue,77,March,30,Tuesday,23,3
907,Aindrea Franzetti,Female,43,North Caitlin,South Australia,400,2021-07-02,2021-07-25,1994,187,98.0,1,98.0,Shirt,Camp Collared,M,yellow,49,July,2,Friday,23,7
907,Aindrea Franzetti,Female,43,North Caitlin,South Australia,400,2021-07-02,2021-07-25,1993,515,102.0,1,102.0,Jacket,Windbreaker,XS,indigo,79,July,2,Friday,23,7
907,Aindrea Franzetti,Female,43,North Caitlin,South Australia,656,2021-03-22,2021-03-23,3258,55,104.0,3,312.0,Shirt,Dress,XS,blue,41,March,22,Monday,1,3
907,Aindrea Franzetti,Female,43,North Caitlin,South Australia,656,2021-03-22,2021-03-23,3257,282,105.0,3,315.0,Shirt,Cuban Collar,M,red,53,March,22,Monday,1,3
907,Aindrea Franzetti,Female,43,North Caitlin,South Australia,400,2021-07-02,2021-07-25,1988,57,104.0,3,312.0,Shirt,Dress,M,blue,48,July,2,Friday,23,7
907,Aindrea Franzetti,Female,43,North Caitlin,South Australia,469,2021-04-27,2021-05-04,2313,312,105.0,2,210.0,Shirt,Cuban Collar,M,violet,67,April,27,Tuesday,7,4
907,Aindrea Franzetti,Female,43,North Caitlin,South Australia,400,2021-07-02,2021-07-25,1990,41,104.0,2,208.0,Shirt,Dress,S,orange,69,July,2,Friday,23,7
907,Aindrea Franzetti,Female,43,North Caitlin,South Australia,400,2021-07-02,2021-07-25,1989,1037,90.0,2,180.0,Trousers,Relaxed Leg,M,blue,72,July,2,Friday,23,7
907,Aindrea Franzetti,Female,43,North Caitlin,South Australia,400,2021-07-02,2021-07-25,1992,236,106.0,1,106.0,Shirt,Chambray,S,indigo,59,July,2,Friday,23,7
907,Aindrea Franzetti,Female,43,North Caitlin,South Australia,400,2021-07-02,2021-07-25,1991,1165,99.0,3,297.0,Trousers,High-Waisted,XS,yellow,64,July,2,Friday,23,7
908,Kakalina Ragge,Genderqueer,42,South Alexandraview,Queensland,813,2021-08-11,2021-09-01,4088,431,107.0,3,321.0,Jacket,Denim,S,yellow,43,August,11,Wednesday,21,8
908,Kakalina Ragge,Genderqueer,42,South Alexandraview,Queensland,813,2021-08-11,2021-09-01,4090,164,91.0,1,91.0,Shirt,Linen,XL,blue,47,August,11,Wednesday,21,8
908,Kakalina Ragge,Genderqueer,42,South Alexandraview,Queensland,813,2021-08-11,2021-09-01,4085,583,100.0,1,100.0,Jacket,Bomber,L,blue,64,August,11,Wednesday,21,8
908,Kakalina Ragge,Genderqueer,42,South Alexandraview,Queensland,813,2021-08-11,2021-09-01,4083,474,118.0,2,236.0,Jacket,Puffer,XL,green,42,August,11,Wednesday,21,8
908,Kakalina Ragge,Genderqueer,42,South Alexandraview,Queensland,813,2021-08-11,2021-09-01,4084,567,100.0,3,300.0,Jacket,Bomber,M,orange,69,August,11,Wednesday,21,8
908,Kakalina Ragge,Genderqueer,42,South Alexandraview,Queensland,813,2021-08-11,2021-09-01,4089,1248,112.0,2,224.0,Trousers,Tracksuit Bottoms,L,blue,72,August,11,Wednesday,21,8
908,Kakalina Ragge,Genderqueer,42,South Alexandraview,Queensland,813,2021-08-11,2021-09-01,4086,259,95.0,3,285.0,Shirt,Polo,XL,yellow,46,August,11,Wednesday,21,8
908,Kakalina Ragge,Genderqueer,42,South Alexandraview,Queensland,813,2021-08-11,2021-09-01,4087,251,95.0,3,285.0,Shirt,Polo,S,orange,78,August,11,Wednesday,21,8
908,Kakalina Ragge,Genderqueer,42,South Alexandraview,Queensland,797,2021-07-25,2021-08-06,4002,523,102.0,2,204.0,Jacket,Windbreaker,L,violet,72,July,25,Sunday,12,7
908,Kakalina Ragge,Genderqueer,42,South Alexandraview,Queensland,797,2021-07-25,2021-08-06,4005,64,104.0,2,208.0,Shirt,Dress,XL,indigo,75,July,25,Sunday,12,7
908,Kakalina Ragge,Genderqueer,42,South Alexandraview,Queensland,797,2021-07-25,2021-08-06,4004,292,105.0,3,315.0,Shirt,Cuban Collar,M,yellow,49,July,25,Sunday,12,7
908,Kakalina Ragge,Genderqueer,42,South Alexandraview,Queensland,797,2021-07-25,2021-08-06,4001,610,112.0,3,336.0,Jacket,Cardigan,XS,green,40,July,25,Sunday,12,7
908,Kakalina Ragge,Genderqueer,42,South Alexandraview,Queensland,797,2021-07-25,2021-08-06,4000,51,104.0,1,104.0,Shirt,Dress,S,green,60,July,25,Sunday,12,7
908,Kakalina Ragge,Genderqueer,42,South Alexandraview,Queensland,797,2021-07-25,2021-08-06,3999,904,94.0,1,94.0,Trousers,Cords,XL,indigo,70,July,25,Sunday,12,7
908,Kakalina Ragge,Genderqueer,42,South Alexandraview,Queensland,813,2021-08-11,2021-09-01,4082,272,95.0,2,190.0,Shirt,Polo,M,indigo,62,August,11,Wednesday,21,8
908,Kakalina Ragge,Genderqueer,42,South Alexandraview,Queensland,797,2021-07-25,2021-08-06,4003,981,106.0,1,106.0,Trousers,Wool,S,red,65,July,25,Sunday,12,7
908,Kakalina Ragge,Genderqueer,42,South Alexandraview,Queensland,93,2021-10-22,2021-11-11,408,1247,112.0,3,336.0,Trousers,Tracksuit Bottoms,M,blue,61,October,22,Friday,20,10
908,Kakalina Ragge,Genderqueer,42,South Alexandraview,Queensland,93,2021-10-22,2021-11-11,409,1259,112.0,3,336.0,Trousers,Tracksuit Bottoms,XL,violet,60,October,22,Friday,20,10
909,Patin Circuit,Genderqueer,62,Langfort,Tasmania,743,2021-03-25,2021-03-27,3713,544,98.0,1,98.0,Jacket,Leather,XL,green,58,March,25,Thursday,2,3
909,Patin Circuit,Genderqueer,62,Langfort,Tasmania,743,2021-03-25,2021-03-27,3710,142,91.0,3,273.0,Shirt,Linen,M,red,78,March,25,Thursday,2,3
909,Patin Circuit,Genderqueer,62,Langfort,Tasmania,743,2021-03-25,2021-03-27,3711,1090,115.0,3,345.0,Trousers,Cropped,XS,orange,78,March,25,Thursday,2,3
909,Patin Circuit,Genderqueer,62,Langfort,Tasmania,743,2021-03-25,2021-03-27,3712,194,98.0,2,196.0,Shirt,Camp Collared,XL,green,61,March,25,Thursday,2,3
909,Patin Circuit,Genderqueer,62,Langfort,Tasmania,157,2021-04-07,2021-04-17,738,493,102.0,2,204.0,Jacket,Windbreaker,L,red,40,April,7,Wednesday,10,4
909,Patin Circuit,Genderqueer,62,Langfort,Tasmania,242,2021-08-25,2021-09-13,1169,26,96.0,3,288.0,Shirt,Oxford Cloth,S,indigo,59,August,25,Wednesday,19,8
909,Patin Circuit,Genderqueer,62,Langfort,Tasmania,242,2021-08-25,2021-09-13,1171,877,94.0,1,94.0,Trousers,Cords,M,red,68,August,25,Wednesday,19,8
909,Patin Circuit,Genderqueer,62,Langfort,Tasmania,242,2021-08-25,2021-09-13,1173,182,98.0,3,294.0,Shirt,Camp Collared,M,orange,65,August,25,Wednesday,19,8
909,Patin Circuit,Genderqueer,62,Langfort,Tasmania,242,2021-08-25,2021-09-13,1174,729,119.0,3,357.0,Jacket,Trench Coat,XL,indigo,64,August,25,Wednesday,19,8
909,Patin Circuit,Genderqueer,62,Langfort,Tasmania,242,2021-08-25,2021-09-13,1172,950,97.0,1,97.0,Trousers,Slim-Fit,XS,orange,69,August,25,Wednesday,19,8
909,Patin Circuit,Genderqueer,62,Langfort,Tasmania,242,2021-08-25,2021-09-13,1170,1002,106.0,3,318.0,Trousers,Wool,M,blue,52,August,25,Wednesday,19,8
909,Patin Circuit,Genderqueer,62,Langfort,Tasmania,157,2021-04-07,2021-04-17,736,918,96.0,3,288.0,Trousers,Drawstring,L,orange,54,April,7,Wednesday,10,4
909,Patin Circuit,Genderqueer,62,Langfort,Tasmania,157,2021-04-07,2021-04-17,737,585,100.0,1,100.0,Jacket,Bomber,XS,indigo,59,April,7,Wednesday,10,4
909,Patin Circuit,Genderqueer,62,Langfort,Tasmania,157,2021-04-07,2021-04-17,739,442,107.0,1,107.0,Jacket,Denim,M,blue,61,April,7,Wednesday,10,4
912,Chancey Iacovozzo,Agender,60,West John,Tasmania,146,2021-08-30,2021-09-26,692,610,112.0,3,336.0,Jacket,Cardigan,XS,green,40,August,30,Monday,27,8
912,Chancey Iacovozzo,Agender,60,West John,Tasmania,300,2021-09-30,2021-10-25,1474,523,102.0,2,204.0,Jacket,Windbreaker,L,violet,72,September,30,Thursday,25,9
912,Chancey Iacovozzo,Agender,60,West John,Tasmania,146,2021-08-30,2021-09-26,691,17,96.0,3,288.0,Shirt,Oxford Cloth,M,green,60,August,30,Monday,27,8
914,Emmalee Camin,Bigender,39,South Alexview,South Australia,257,2021-02-12,2021-03-02,1241,976,97.0,2,194.0,Trousers,Slim-Fit,S,violet,46,February,12,Friday,18,2
914,Emmalee Camin,Bigender,39,South Alexview,South Australia,257,2021-02-12,2021-03-02,1243,61,104.0,1,104.0,Shirt,Dress,S,indigo,40,February,12,Friday,18,2
914,Emmalee Camin,Bigender,39,South Alexview,South Australia,257,2021-02-12,2021-03-02,1242,1124,102.0,2,204.0,Trousers,Cargo Pants,XL,red,45,February,12,Friday,18,2
914,Emmalee Camin,Bigender,39,South Alexview,South Australia,257,2021-02-12,2021-03-02,1244,952,97.0,2,194.0,Trousers,Slim-Fit,M,orange,44,February,12,Friday,18,2
914,Emmalee Camin,Bigender,39,South Alexview,South Australia,257,2021-02-12,2021-03-02,1245,796,91.0,3,273.0,Jacket,Pullover,S,indigo,44,February,12,Friday,18,2
916,Gabriella Nutman,Polygender,24,West Benjaminberg,Australian Capital Territory,601,2021-06-13,2021-06-28,3005,347,109.0,2,218.0,Shirt,Mandarin Collar,M,violet,76,June,13,Sunday,15,6
916,Gabriella Nutman,Polygender,24,West Benjaminberg,Australian Capital Territory,601,2021-06-13,2021-06-28,3002,971,97.0,2,194.0,Trousers,Slim-Fit,S,indigo,41,June,13,Sunday,15,6
916,Gabriella Nutman,Polygender,24,West Benjaminberg,Australian Capital Territory,601,2021-06-13,2021-06-28,3004,681,113.0,3,339.0,Jacket,Parka,S,green,62,June,13,Sunday,15,6
916,Gabriella Nutman,Polygender,24,West Benjaminberg,Australian Capital Territory,601,2021-06-13,2021-06-28,3006,518,102.0,3,306.0,Jacket,Windbreaker,L,indigo,67,June,13,Sunday,15,6
916,Gabriella Nutman,Polygender,24,West Benjaminberg,Australian Capital Territory,601,2021-06-13,2021-06-28,3003,278,95.0,1,95.0,Shirt,Polo,L,violet,76,June,13,Sunday,15,6
918,Tracie Okey,Polygender,69,Violetstad,Australian Capital Territory,418,2021-08-24,2021-09-15,2079,436,107.0,1,107.0,Jacket,Denim,S,green,49,August,24,Tuesday,22,8
918,Tracie Okey,Polygender,69,Violetstad,Australian Capital Territory,418,2021-08-24,2021-09-15,2078,118,92.0,1,92.0,Shirt,Denim,L,yellow,75,August,24,Tuesday,22,8
918,Tracie Okey,Polygender,69,Violetstad,Australian Capital Territory,418,2021-08-24,2021-09-15,2076,1102,115.0,1,115.0,Trousers,Cropped,M,green,65,August,24,Tuesday,22,8
918,Tracie Okey,Polygender,69,Violetstad,Australian Capital Territory,418,2021-08-24,2021-09-15,2077,970,97.0,3,291.0,Trousers,Slim-Fit,XS,indigo,74,August,24,Tuesday,22,8
918,Tracie Okey,Polygender,69,Violetstad,Australian Capital Territory,418,2021-08-24,2021-09-15,2080,964,97.0,3,291.0,Trousers,Slim-Fit,XL,green,67,August,24,Tuesday,22,8
920,Curcio Kiffin,Polygender,72,Rutherfordville,Northern Territory,994,2021-07-15,2021-07-17,4973,441,107.0,3,321.0,Jacket,Denim,S,blue,56,July,15,Thursday,2,7
920,Curcio Kiffin,Polygender,72,Rutherfordville,Northern Territory,994,2021-07-15,2021-07-17,4974,73,118.0,1,118.0,Shirt,Flannel,L,red,77,July,15,Thursday,2,7
920,Curcio Kiffin,Polygender,72,Rutherfordville,Northern Territory,994,2021-07-15,2021-07-17,4972,962,97.0,3,291.0,Trousers,Slim-Fit,M,green,78,July,15,Thursday,2,7
920,Curcio Kiffin,Polygender,72,Rutherfordville,Northern Territory,994,2021-07-15,2021-07-17,4971,996,106.0,1,106.0,Trousers,Wool,S,green,43,July,15,Thursday,2,7
921,Cindi McCague,Polygender,73,Port Zoeborough,Australian Capital Territory,600,2021-09-15,2021-09-16,2999,1093,115.0,1,115.0,Trousers,Cropped,L,orange,79,September,15,Wednesday,1,9
921,Cindi McCague,Polygender,73,Port Zoeborough,Australian Capital Territory,600,2021-09-15,2021-09-16,3000,151,91.0,2,182.0,Shirt,Linen,S,yellow,60,September,15,Wednesday,1,9
921,Cindi McCague,Polygender,73,Port Zoeborough,Australian Capital Territory,600,2021-09-15,2021-09-16,3001,749,109.0,3,327.0,Jacket,Peacoat,XL,yellow,53,September,15,Wednesday,1,9
922,Adena Venn,Polygender,53,Jordanburgh,Victoria,555,2021-09-03,2021-09-09,2769,282,105.0,2,210.0,Shirt,Cuban Collar,M,red,53,September,3,Friday,6,9
922,Adena Venn,Polygender,53,Jordanburgh,Victoria,555,2021-09-03,2021-09-09,2773,3,96.0,1,96.0,Shirt,Oxford Cloth,L,red,69,September,3,Friday,6,9
922,Adena Venn,Polygender,53,Jordanburgh,Victoria,555,2021-09-03,2021-09-09,2771,575,100.0,1,100.0,Jacket,Bomber,XS,green,48,September,3,Friday,6,9
922,Adena Venn,Polygender,53,Jordanburgh,Victoria,46,2021-06-22,2021-07-04,217,498,102.0,1,102.0,Jacket,Windbreaker,L,orange,68,June,22,Tuesday,12,6
922,Adena Venn,Polygender,53,Jordanburgh,Victoria,555,2021-09-03,2021-09-09,2774,928,96.0,1,96.0,Trousers,Drawstring,L,green,43,September,3,Friday,6,9
922,Adena Venn,Polygender,53,Jordanburgh,Victoria,46,2021-06-22,2021-07-04,218,316,109.0,3,327.0,Shirt,Mandarin Collar,S,red,48,June,22,Tuesday,12,6
922,Adena Venn,Polygender,53,Jordanburgh,Victoria,555,2021-09-03,2021-09-09,2770,358,94.0,2,188.0,Shirt,Henley,L,orange,77,September,3,Friday,6,9
922,Adena Venn,Polygender,53,Jordanburgh,Victoria,555,2021-09-03,2021-09-09,2772,526,98.0,3,294.0,Jacket,Leather,S,red,80,September,3,Friday,6,9
922,Adena Venn,Polygender,53,Jordanburgh,Victoria,46,2021-06-22,2021-07-04,216,666,113.0,3,339.0,Jacket,Parka,S,red,66,June,22,Tuesday,12,6
924,Cherie Fairhead,Female,58,South Ellieburgh,Queensland,662,2021-09-19,2021-09-29,3287,1035,90.0,3,270.0,Trousers,Relaxed Leg,XS,blue,54,September,19,Sunday,10,9
924,Cherie Fairhead,Female,58,South Ellieburgh,Queensland,662,2021-09-19,2021-09-29,3286,946,97.0,3,291.0,Trousers,Slim-Fit,S,red,71,September,19,Sunday,10,9
924,Cherie Fairhead,Female,58,South Ellieburgh,Queensland,662,2021-09-19,2021-09-29,3282,222,106.0,3,318.0,Shirt,Chambray,M,yellow,62,September,19,Sunday,10,9
924,Cherie Fairhead,Female,58,South Ellieburgh,Queensland,662,2021-09-19,2021-09-29,3284,859,113.0,1,113.0,Trousers,Chinos,XL,green,50,September,19,Sunday,10,9
924,Cherie Fairhead,Female,58,South Ellieburgh,Queensland,662,2021-09-19,2021-09-29,3283,424,107.0,1,107.0,Jacket,Denim,XL,red,58,September,19,Sunday,10,9
924,Cherie Fairhead,Female,58,South Ellieburgh,Queensland,662,2021-09-19,2021-09-29,3285,892,94.0,2,188.0,Trousers,Cords,M,green,76,September,19,Sunday,10,9
925,Deirdre Burle,Non-binary,70,Andersonchester,New South Wales,364,2021-03-13,2021-04-03,1794,365,94.0,2,188.0,Shirt,Henley,XS,green,61,March,13,Saturday,21,3
925,Deirdre Burle,Non-binary,70,Andersonchester,New South Wales,364,2021-03-13,2021-04-03,1793,464,118.0,3,354.0,Jacket,Puffer,XL,orange,66,March,13,Saturday,21,3
925,Deirdre Burle,Non-binary,70,Andersonchester,New South Wales,364,2021-03-13,2021-04-03,1795,703,119.0,2,238.0,Jacket,Trench Coat,L,red,70,March,13,Saturday,21,3
925,Deirdre Burle,Non-binary,70,Andersonchester,New South Wales,364,2021-03-13,2021-04-03,1796,581,100.0,1,100.0,Jacket,Bomber,S,blue,50,March,13,Saturday,21,3
926,Vittorio Rosenstengel,Genderqueer,68,East Jasper,Northern Territory,578,2021-05-09,2021-05-12,2884,478,118.0,2,236.0,Jacket,Puffer,L,blue,48,May,9,Sunday,3,5
926,Vittorio Rosenstengel,Genderqueer,68,East Jasper,Northern Territory,578,2021-05-09,2021-05-12,2888,904,94.0,1,94.0,Trousers,Cords,XL,indigo,70,May,9,Sunday,3,5
926,Vittorio Rosenstengel,Genderqueer,68,East Jasper,Northern Territory,487,2021-01-09,2021-02-05,2395,758,109.0,2,218.0,Jacket,Peacoat,L,blue,64,January,9,Saturday,27,1
926,Vittorio Rosenstengel,Genderqueer,68,East Jasper,Northern Territory,487,2021-01-09,2021-02-05,2396,851,113.0,2,226.0,Trousers,Chinos,S,yellow,40,January,9,Saturday,27,1
926,Vittorio Rosenstengel,Genderqueer,68,East Jasper,Northern Territory,487,2021-01-09,2021-02-05,2397,906,94.0,2,188.0,Trousers,Cords,S,violet,65,January,9,Saturday,27,1
926,Vittorio Rosenstengel,Genderqueer,68,East Jasper,Northern Territory,578,2021-05-09,2021-05-12,2893,892,94.0,3,282.0,Trousers,Cords,M,green,76,May,9,Sunday,3,5
926,Vittorio Rosenstengel,Genderqueer,68,East Jasper,Northern Territory,578,2021-05-09,2021-05-12,2892,1127,102.0,1,102.0,Trousers,Cargo Pants,M,orange,51,May,9,Sunday,3,5
926,Vittorio Rosenstengel,Genderqueer,68,East Jasper,Northern Territory,578,2021-05-09,2021-05-12,2890,784,91.0,3,273.0,Jacket,Pullover,XL,yellow,67,May,9,Sunday,3,5
926,Vittorio Rosenstengel,Genderqueer,68,East Jasper,Northern Territory,578,2021-05-09,2021-05-12,2891,797,91.0,1,91.0,Jacket,Pullover,M,indigo,72,May,9,Sunday,3,5
926,Vittorio Rosenstengel,Genderqueer,68,East Jasper,Northern Territory,487,2021-01-09,2021-02-05,2400,329,109.0,1,109.0,Shirt,Mandarin Collar,XL,yellow,43,January,9,Saturday,27,1
926,Vittorio Rosenstengel,Genderqueer,68,East Jasper,Northern Territory,487,2021-01-09,2021-02-05,2401,814,117.0,2,234.0,Jacket,Shearling,XL,orange,60,January,9,Saturday,27,1
926,Vittorio Rosenstengel,Genderqueer,68,East Jasper,Northern Territory,487,2021-01-09,2021-02-05,2398,1103,115.0,1,115.0,Trousers,Cropped,L,green,55,January,9,Saturday,27,1
926,Vittorio Rosenstengel,Genderqueer,68,East Jasper,Northern Territory,487,2021-01-09,2021-02-05,2399,676,113.0,1,113.0,Jacket,Parka,S,yellow,80,January,9,Saturday,27,1
926,Vittorio Rosenstengel,Genderqueer,68,East Jasper,Northern Territory,578,2021-05-09,2021-05-12,2889,1072,93.0,2,186.0,Trousers,Joggers,M,blue,78,May,9,Sunday,3,5
926,Vittorio Rosenstengel,Genderqueer,68,East Jasper,Northern Territory,578,2021-05-09,2021-05-12,2885,442,107.0,2,214.0,Jacket,Denim,M,blue,61,May,9,Sunday,3,5
926,Vittorio Rosenstengel,Genderqueer,68,East Jasper,Northern Territory,578,2021-05-09,2021-05-12,2886,987,106.0,1,106.0,Trousers,Wool,M,orange,75,May,9,Sunday,3,5
926,Vittorio Rosenstengel,Genderqueer,68,East Jasper,Northern Territory,578,2021-05-09,2021-05-12,2887,115,92.0,2,184.0,Shirt,Denim,XS,yellow,54,May,9,Sunday,3,5
926,Vittorio Rosenstengel,Genderqueer,68,East Jasper,Northern Territory,484,2021-05-05,2021-05-31,2389,981,106.0,3,318.0,Trousers,Wool,S,red,65,May,5,Wednesday,26,5
927,Joby Law,Male,61,Ryanfurt,Victoria,82,2021-02-02,2021-02-27,364,1042,90.0,3,270.0,Trousers,Relaxed Leg,M,indigo,45,February,2,Tuesday,25,2
927,Joby Law,Male,61,Ryanfurt,Victoria,82,2021-02-02,2021-02-27,362,528,98.0,3,294.0,Jacket,Leather,L,red,76,February,2,Tuesday,25,2
927,Joby Law,Male,61,Ryanfurt,Victoria,82,2021-02-02,2021-02-27,363,757,109.0,1,109.0,Jacket,Peacoat,M,blue,71,February,2,Tuesday,25,2
927,Joby Law,Male,61,Ryanfurt,Victoria,82,2021-02-02,2021-02-27,366,239,106.0,3,318.0,Shirt,Chambray,XL,indigo,61,February,2,Tuesday,25,2
927,Joby Law,Male,61,Ryanfurt,Victoria,82,2021-02-02,2021-02-27,361,599,112.0,2,224.0,Jacket,Cardigan,XL,red,54,February,2,Tuesday,25,2
927,Joby Law,Male,61,Ryanfurt,Victoria,82,2021-02-02,2021-02-27,365,676,113.0,2,226.0,Jacket,Parka,S,yellow,80,February,2,Tuesday,25,2
928,Hughie Trelease,Bigender,63,Haydentown,Australian Capital Territory,144,2021-05-22,2021-05-28,686,680,113.0,2,226.0,Jacket,Parka,XS,green,75,May,22,Saturday,6,5
928,Hughie Trelease,Bigender,63,Haydentown,Australian Capital Territory,144,2021-05-22,2021-05-28,685,461,118.0,2,236.0,Jacket,Puffer,S,orange,69,May,22,Saturday,6,5
928,Hughie Trelease,Bigender,63,Haydentown,Australian Capital Territory,144,2021-05-22,2021-05-28,683,698,113.0,1,113.0,Jacket,Parka,L,violet,53,May,22,Saturday,6,5
928,Hughie Trelease,Bigender,63,Haydentown,Australian Capital Territory,144,2021-05-22,2021-05-28,684,295,105.0,3,315.0,Shirt,Cuban Collar,XS,green,63,May,22,Saturday,6,5
929,Reba Crauford,Genderfluid,68,Beahanfurt,Northern Territory,766,2021-08-06,2021-08-15,3838,558,98.0,1,98.0,Jacket,Leather,L,violet,78,August,6,Friday,9,8
929,Reba Crauford,Genderfluid,68,Beahanfurt,Northern Territory,766,2021-08-06,2021-08-15,3837,766,109.0,2,218.0,Jacket,Peacoat,S,violet,73,August,6,Friday,9,8
929,Reba Crauford,Genderfluid,68,Beahanfurt,Northern Territory,766,2021-08-06,2021-08-15,3833,741,109.0,2,218.0,Jacket,Peacoat,S,orange,73,August,6,Friday,9,8
929,Reba Crauford,Genderfluid,68,Beahanfurt,Northern Territory,766,2021-08-06,2021-08-15,3834,259,95.0,1,95.0,Shirt,Polo,XL,yellow,46,August,6,Friday,9,8
929,Reba Crauford,Genderfluid,68,Beahanfurt,Northern Territory,766,2021-08-06,2021-08-15,3836,161,91.0,3,273.0,Shirt,Linen,S,blue,77,August,6,Friday,9,8
929,Reba Crauford,Genderfluid,68,Beahanfurt,Northern Territory,766,2021-08-06,2021-08-15,3835,746,109.0,3,327.0,Jacket,Peacoat,S,yellow,49,August,6,Friday,9,8
933,Lenna Beau,Genderqueer,36,Port Lillianside,South Australia,319,2021-08-22,2021-09-16,1557,162,91.0,3,273.0,Shirt,Linen,M,blue,58,August,22,Sunday,25,8
933,Lenna Beau,Genderqueer,36,Port Lillianside,South Australia,319,2021-08-22,2021-09-16,1556,1160,99.0,1,99.0,Trousers,High-Waisted,XS,orange,55,August,22,Sunday,25,8
933,Lenna Beau,Genderqueer,36,Port Lillianside,South Australia,319,2021-08-22,2021-09-16,1555,1202,105.0,1,105.0,Trousers,Pleated,M,yellow,54,August,22,Sunday,25,8
933,Lenna Beau,Genderqueer,36,Port Lillianside,South Australia,319,2021-08-22,2021-09-16,1558,385,119.0,1,119.0,Shirt,Casual Slim Fit,XS,red,49,August,22,Sunday,25,8
933,Lenna Beau,Genderqueer,36,Port Lillianside,South Australia,319,2021-08-22,2021-09-16,1554,1152,102.0,1,102.0,Trousers,Cargo Pants,M,violet,58,August,22,Sunday,25,8
935,Pen Andrzejczak,Male,30,Lake Oliverberg,New South Wales,108,2021-03-07,2021-03-28,492,685,113.0,2,226.0,Jacket,Parka,XS,blue,67,March,7,Sunday,21,3
935,Pen Andrzejczak,Male,30,Lake Oliverberg,New South Wales,108,2021-03-07,2021-03-28,488,155,91.0,3,273.0,Shirt,Linen,XS,green,49,March,7,Sunday,21,3
935,Pen Andrzejczak,Male,30,Lake Oliverberg,New South Wales,108,2021-03-07,2021-03-28,491,1214,105.0,3,315.0,Trousers,Pleated,XL,blue,55,March,7,Sunday,21,3
935,Pen Andrzejczak,Male,30,Lake Oliverberg,New South Wales,108,2021-03-07,2021-03-28,493,555,98.0,2,196.0,Jacket,Leather,XS,violet,70,March,7,Sunday,21,3
935,Pen Andrzejczak,Male,30,Lake Oliverberg,New South Wales,108,2021-03-07,2021-03-28,489,1193,105.0,3,315.0,Trousers,Pleated,L,red,70,March,7,Sunday,21,3
935,Pen Andrzejczak,Male,30,Lake Oliverberg,New South Wales,108,2021-03-07,2021-03-28,490,505,102.0,1,102.0,Jacket,Windbreaker,XS,green,57,March,7,Sunday,21,3
935,Pen Andrzejczak,Male,30,Lake Oliverberg,New South Wales,108,2021-03-07,2021-03-28,494,394,119.0,3,357.0,Shirt,Casual Slim Fit,XL,orange,53,March,7,Sunday,21,3
935,Pen Andrzejczak,Male,30,Lake Oliverberg,New South Wales,108,2021-03-07,2021-03-28,487,707,119.0,3,357.0,Jacket,Trench Coat,M,orange,43,March,7,Sunday,21,3
936,Mart Naismith,Genderfluid,77,Huelfort,Australian Capital Territory,128,2021-10-13,2021-11-09,611,185,98.0,1,98.0,Shirt,Camp Collared,XS,yellow,55,October,13,Wednesday,27,10
936,Mart Naismith,Genderfluid,77,Huelfort,Australian Capital Territory,128,2021-10-13,2021-11-09,608,1002,106.0,2,212.0,Trousers,Wool,M,blue,52,October,13,Wednesday,27,10
936,Mart Naismith,Genderfluid,77,Huelfort,Australian Capital Territory,128,2021-10-13,2021-11-09,612,787,91.0,2,182.0,Jacket,Pullover,M,green,47,October,13,Wednesday,27,10
936,Mart Naismith,Genderfluid,77,Huelfort,Australian Capital Territory,128,2021-10-13,2021-11-09,606,674,113.0,3,339.0,Jacket,Parka,XL,orange,68,October,13,Wednesday,27,10
936,Mart Naismith,Genderfluid,77,Huelfort,Australian Capital Territory,128,2021-10-13,2021-11-09,609,322,109.0,2,218.0,Shirt,Mandarin Collar,M,orange,78,October,13,Wednesday,27,10
936,Mart Naismith,Genderfluid,77,Huelfort,Australian Capital Territory,128,2021-10-13,2021-11-09,610,814,117.0,3,351.0,Jacket,Shearling,XL,orange,60,October,13,Wednesday,27,10
936,Mart Naismith,Genderfluid,77,Huelfort,Australian Capital Territory,128,2021-10-13,2021-11-09,607,240,106.0,3,318.0,Shirt,Chambray,XS,violet,47,October,13,Wednesday,27,10
937,Judy Mesias,Male,70,Schneiderstad,New South Wales,503,2021-08-19,2021-09-05,2489,526,98.0,3,294.0,Jacket,Leather,S,red,80,August,19,Thursday,17,8
937,Judy Mesias,Male,70,Schneiderstad,New South Wales,503,2021-08-19,2021-09-05,2487,1073,93.0,2,186.0,Trousers,Joggers,L,blue,75,August,19,Thursday,17,8
937,Judy Mesias,Male,70,Schneiderstad,New South Wales,503,2021-08-19,2021-09-05,2490,606,112.0,2,224.0,Jacket,Cardigan,S,yellow,79,August,19,Thursday,17,8
937,Judy Mesias,Male,70,Schneiderstad,New South Wales,868,2021-03-31,2021-04-03,4342,763,109.0,3,327.0,Jacket,Peacoat,L,indigo,45,March,31,Wednesday,3,3
937,Judy Mesias,Male,70,Schneiderstad,New South Wales,868,2021-03-31,2021-04-03,4343,1049,90.0,2,180.0,Trousers,Relaxed Leg,XL,violet,42,March,31,Wednesday,3,3
937,Judy Mesias,Male,70,Schneiderstad,New South Wales,503,2021-08-19,2021-09-05,2491,336,109.0,2,218.0,Shirt,Mandarin Collar,S,blue,44,August,19,Thursday,17,8
937,Judy Mesias,Male,70,Schneiderstad,New South Wales,503,2021-08-19,2021-09-05,2492,722,119.0,2,238.0,Jacket,Trench Coat,M,blue,46,August,19,Thursday,17,8
937,Judy Mesias,Male,70,Schneiderstad,New South Wales,503,2021-08-19,2021-09-05,2488,974,97.0,1,97.0,Trousers,Slim-Fit,XL,indigo,66,August,19,Thursday,17,8
940,Jamesy Rennles,Genderqueer,46,Harberview,Tasmania,434,2021-05-11,2021-06-01,2157,172,91.0,3,273.0,Shirt,Linen,M,violet,44,May,11,Tuesday,21,5
940,Jamesy Rennles,Genderqueer,46,Harberview,Tasmania,434,2021-05-11,2021-06-01,2154,128,92.0,2,184.0,Shirt,Denim,L,blue,45,May,11,Tuesday,21,5
940,Jamesy Rennles,Genderqueer,46,Harberview,Tasmania,434,2021-05-11,2021-06-01,2153,465,118.0,2,236.0,Jacket,Puffer,XS,yellow,55,May,11,Tuesday,21,5
940,Jamesy Rennles,Genderqueer,46,Harberview,Tasmania,434,2021-05-11,2021-06-01,2156,310,105.0,3,315.0,Shirt,Cuban Collar,XS,violet,49,May,11,Tuesday,21,5
940,Jamesy Rennles,Genderqueer,46,Harberview,Tasmania,434,2021-05-11,2021-06-01,2155,278,95.0,1,95.0,Shirt,Polo,L,violet,76,May,11,Tuesday,21,5
940,Jamesy Rennles,Genderqueer,46,Harberview,Tasmania,434,2021-05-11,2021-06-01,2152,190,98.0,1,98.0,Shirt,Camp Collared,XS,green,66,May,11,Tuesday,21,5
940,Jamesy Rennles,Genderqueer,46,Harberview,Tasmania,434,2021-05-11,2021-06-01,2151,272,95.0,3,285.0,Shirt,Polo,M,indigo,62,May,11,Tuesday,21,5
940,Jamesy Rennles,Genderqueer,46,Harberview,Tasmania,434,2021-05-11,2021-06-01,2158,803,91.0,3,273.0,Jacket,Pullover,L,violet,78,May,11,Tuesday,21,5
941,Egon Figliovanni,Female,59,Farrellchester,New South Wales,690,2021-10-05,2021-10-26,3421,296,105.0,3,315.0,Shirt,Cuban Collar,S,green,58,October,5,Tuesday,21,10
941,Egon Figliovanni,Female,59,Farrellchester,New South Wales,690,2021-10-05,2021-10-26,3423,304,105.0,1,105.0,Shirt,Cuban Collar,XL,blue,73,October,5,Tuesday,21,10
941,Egon Figliovanni,Female,59,Farrellchester,New South Wales,690,2021-10-05,2021-10-26,3422,919,96.0,3,288.0,Trousers,Drawstring,XL,orange,68,October,5,Tuesday,21,10
941,Egon Figliovanni,Female,59,Farrellchester,New South Wales,690,2021-10-05,2021-10-26,3420,454,107.0,1,107.0,Jacket,Denim,XL,violet,63,October,5,Tuesday,21,10
942,Lacee Denyukin,Genderfluid,45,North Nicholaston,Victoria,135,2021-05-15,2021-06-02,640,654,93.0,2,186.0,Jacket,Coach,XL,blue,46,May,15,Saturday,18,5
942,Lacee Denyukin,Genderfluid,45,North Nicholaston,Victoria,135,2021-05-15,2021-06-02,639,730,119.0,2,238.0,Jacket,Trench Coat,XS,violet,64,May,15,Saturday,18,5
942,Lacee Denyukin,Genderfluid,45,North Nicholaston,Victoria,135,2021-05-15,2021-06-02,638,106,92.0,1,92.0,Shirt,Denim,S,red,57,May,15,Saturday,18,5
942,Lacee Denyukin,Genderfluid,45,North Nicholaston,Victoria,135,2021-05-15,2021-06-02,641,376,94.0,1,94.0,Shirt,Henley,S,indigo,45,May,15,Saturday,18,5
944,Peri Pilsworth,Genderfluid,36,Walterland,Victoria,817,2021-06-27,2021-07-05,4112,783,91.0,1,91.0,Jacket,Pullover,L,yellow,43,June,27,Sunday,8,6
944,Peri Pilsworth,Genderfluid,36,Walterland,Victoria,817,2021-06-27,2021-07-05,4113,181,98.0,1,98.0,Shirt,Camp Collared,S,orange,62,June,27,Sunday,8,6
944,Peri Pilsworth,Genderfluid,36,Walterland,Victoria,817,2021-06-27,2021-07-05,4115,149,91.0,1,91.0,Shirt,Linen,XL,orange,59,June,27,Sunday,8,6
944,Peri Pilsworth,Genderfluid,36,Walterland,Victoria,817,2021-06-27,2021-07-05,4116,622,112.0,2,224.0,Jacket,Cardigan,M,indigo,58,June,27,Sunday,8,6
944,Peri Pilsworth,Genderfluid,36,Walterland,Victoria,817,2021-06-27,2021-07-05,4114,1153,102.0,3,306.0,Trousers,Cargo Pants,L,violet,74,June,27,Sunday,8,6
945,Lorilyn Vittet,Non-binary,48,Stantonmouth,Australian Capital Territory,185,2021-04-06,2021-04-20,900,411,119.0,2,238.0,Shirt,Casual Slim Fit,S,indigo,65,April,6,Tuesday,14,4
945,Lorilyn Vittet,Non-binary,48,Stantonmouth,Australian Capital Territory,185,2021-04-06,2021-04-20,901,249,95.0,1,95.0,Shirt,Polo,XL,red,76,April,6,Tuesday,14,4
945,Lorilyn Vittet,Non-binary,48,Stantonmouth,Australian Capital Territory,185,2021-04-06,2021-04-20,902,55,104.0,3,312.0,Shirt,Dress,XS,blue,41,April,6,Tuesday,14,4
945,Lorilyn Vittet,Non-binary,48,Stantonmouth,Australian Capital Territory,185,2021-04-06,2021-04-20,903,948,97.0,2,194.0,Trousers,Slim-Fit,L,red,80,April,6,Tuesday,14,4
945,Lorilyn Vittet,Non-binary,48,Stantonmouth,Australian Capital Territory,185,2021-04-06,2021-04-20,904,1057,93.0,3,279.0,Trousers,Joggers,M,orange,52,April,6,Tuesday,14,4
945,Lorilyn Vittet,Non-binary,48,Stantonmouth,Australian Capital Territory,185,2021-04-06,2021-04-20,896,360,94.0,3,282.0,Shirt,Henley,XS,yellow,42,April,6,Tuesday,14,4
945,Lorilyn Vittet,Non-binary,48,Stantonmouth,Australian Capital Territory,185,2021-04-06,2021-04-20,898,469,118.0,2,236.0,Jacket,Puffer,XL,yellow,65,April,6,Tuesday,14,4
945,Lorilyn Vittet,Non-binary,48,Stantonmouth,Australian Capital Territory,185,2021-04-06,2021-04-20,897,1145,102.0,1,102.0,Trousers,Cargo Pants,XS,indigo,51,April,6,Tuesday,14,4
945,Lorilyn Vittet,Non-binary,48,Stantonmouth,Australian Capital Territory,185,2021-04-06,2021-04-20,899,406,119.0,3,357.0,Shirt,Casual Slim Fit,S,blue,75,April,6,Tuesday,14,4
946,Raul Crilly,Genderfluid,24,South Jasper,Queensland,838,2021-01-02,2021-01-15,4200,1012,106.0,2,212.0,Trousers,Wool,M,violet,51,January,2,Saturday,13,1
946,Raul Crilly,Genderfluid,24,South Jasper,Queensland,838,2021-01-02,2021-01-15,4201,469,118.0,1,118.0,Jacket,Puffer,XL,yellow,65,January,2,Saturday,13,1
946,Raul Crilly,Genderfluid,24,South Jasper,Queensland,838,2021-01-02,2021-01-15,4202,1128,102.0,3,306.0,Trousers,Cargo Pants,L,orange,78,January,2,Saturday,13,1
947,Dulsea Collet,Genderqueer,74,South Charles,New South Wales,415,2021-07-14,2021-07-19,2059,260,95.0,2,190.0,Shirt,Polo,XS,green,45,July,14,Wednesday,5,7
947,Dulsea Collet,Genderqueer,74,South Charles,New South Wales,415,2021-07-14,2021-07-19,2058,487,118.0,2,236.0,Jacket,Puffer,M,violet,43,July,14,Wednesday,5,7
947,Dulsea Collet,Genderqueer,74,South Charles,New South Wales,415,2021-07-14,2021-07-19,2057,833,117.0,2,234.0,Jacket,Shearling,L,indigo,66,July,14,Wednesday,5,7
947,Dulsea Collet,Genderqueer,74,South Charles,New South Wales,415,2021-07-14,2021-07-19,2055,190,98.0,2,196.0,Shirt,Camp Collared,XS,green,66,July,14,Wednesday,5,7
947,Dulsea Collet,Genderqueer,74,South Charles,New South Wales,415,2021-07-14,2021-07-19,2056,494,102.0,2,204.0,Jacket,Windbreaker,XL,red,48,July,14,Wednesday,5,7
947,Dulsea Collet,Genderqueer,74,South Charles,New South Wales,415,2021-07-14,2021-07-19,2060,946,97.0,1,97.0,Trousers,Slim-Fit,S,red,71,July,14,Wednesday,5,7
947,Dulsea Collet,Genderqueer,74,South Charles,New South Wales,415,2021-07-14,2021-07-19,2061,983,106.0,1,106.0,Trousers,Wool,L,red,74,July,14,Wednesday,5,7
947,Dulsea Collet,Genderqueer,74,South Charles,New South Wales,415,2021-07-14,2021-07-19,2062,1149,102.0,2,204.0,Trousers,Cargo Pants,XL,indigo,64,July,14,Wednesday,5,7
950,Eustacia Andreassen,Male,43,Bergefort,Victoria,513,2021-05-24,2021-06-04,2549,1054,93.0,1,93.0,Trousers,Joggers,XL,red,58,May,24,Monday,11,5
950,Eustacia Andreassen,Male,43,Bergefort,Victoria,513,2021-05-24,2021-06-04,2548,843,113.0,2,226.0,Trousers,Chinos,L,red,44,May,24,Monday,11,5
951,Cy Sabbins,Male,66,New Mollystad,Tasmania,829,2021-04-06,2021-04-28,4166,1104,115.0,1,115.0,Trousers,Cropped,XL,green,49,April,6,Tuesday,22,4
951,Cy Sabbins,Male,66,New Mollystad,Tasmania,829,2021-04-06,2021-04-28,4163,1193,105.0,3,315.0,Trousers,Pleated,L,red,70,April,6,Tuesday,22,4
951,Cy Sabbins,Male,66,New Mollystad,Tasmania,829,2021-04-06,2021-04-28,4164,294,105.0,2,210.0,Shirt,Cuban Collar,XL,yellow,76,April,6,Tuesday,22,4
951,Cy Sabbins,Male,66,New Mollystad,Tasmania,829,2021-04-06,2021-04-28,4165,592,100.0,2,200.0,Jacket,Bomber,M,violet,45,April,6,Tuesday,22,4
952,Geri Renton,Female,45,Michaelfurt,Northern Territory,632,2021-04-11,2021-04-17,3132,413,119.0,2,238.0,Shirt,Casual Slim Fit,L,indigo,60,April,11,Sunday,6,4
952,Geri Renton,Female,45,Michaelfurt,Northern Territory,632,2021-04-11,2021-04-17,3130,1041,90.0,2,180.0,Trousers,Relaxed Leg,S,indigo,40,April,11,Sunday,6,4
952,Geri Renton,Female,45,Michaelfurt,Northern Territory,632,2021-04-11,2021-04-17,3133,1133,102.0,3,306.0,Trousers,Cargo Pants,L,yellow,71,April,11,Sunday,6,4
952,Geri Renton,Female,45,Michaelfurt,Northern Territory,632,2021-04-11,2021-04-17,3131,191,98.0,3,294.0,Shirt,Camp Collared,S,green,60,April,11,Sunday,6,4
954,Timmie Kelshaw,Non-binary,69,Lake Evemouth,South Australia,872,2021-09-26,2021-10-14,4368,445,107.0,2,214.0,Jacket,Denim,XS,indigo,75,September,26,Sunday,18,9
954,Timmie Kelshaw,Non-binary,69,Lake Evemouth,South Australia,872,2021-09-26,2021-10-14,4369,94,118.0,1,118.0,Shirt,Flannel,XL,blue,61,September,26,Sunday,18,9
954,Timmie Kelshaw,Non-binary,69,Lake Evemouth,South Australia,872,2021-09-26,2021-10-14,4364,28,96.0,3,288.0,Shirt,Oxford Cloth,L,indigo,70,September,26,Sunday,18,9
954,Timmie Kelshaw,Non-binary,69,Lake Evemouth,South Australia,872,2021-09-26,2021-10-14,4367,78,118.0,1,118.0,Shirt,Flannel,L,orange,59,September,26,Sunday,18,9
954,Timmie Kelshaw,Non-binary,69,Lake Evemouth,South Australia,872,2021-09-26,2021-10-14,4366,422,107.0,2,214.0,Jacket,Denim,M,red,43,September,26,Sunday,18,9
954,Timmie Kelshaw,Non-binary,69,Lake Evemouth,South Australia,872,2021-09-26,2021-10-14,4365,608,112.0,2,224.0,Jacket,Cardigan,L,yellow,50,September,26,Sunday,18,9
954,Timmie Kelshaw,Non-binary,69,Lake Evemouth,South Australia,872,2021-09-26,2021-10-14,4362,482,118.0,2,236.0,Jacket,Puffer,M,indigo,49,September,26,Sunday,18,9
954,Timmie Kelshaw,Non-binary,69,Lake Evemouth,South Australia,872,2021-09-26,2021-10-14,4363,230,106.0,1,106.0,Shirt,Chambray,XS,blue,76,September,26,Sunday,18,9
954,Timmie Kelshaw,Non-binary,69,Lake Evemouth,South Australia,872,2021-09-26,2021-10-14,4361,113,92.0,3,276.0,Shirt,Denim,L,orange,45,September,26,Sunday,18,9
955,Dolph Arrow,Bigender,57,Lake Owenfurt,Australian Capital Territory,764,2021-09-16,2021-10-04,3825,1105,115.0,2,230.0,Trousers,Cropped,XS,blue,47,September,16,Thursday,18,9
955,Dolph Arrow,Bigender,57,Lake Owenfurt,Australian Capital Territory,764,2021-09-16,2021-10-04,3823,442,107.0,2,214.0,Jacket,Denim,M,blue,61,September,16,Thursday,18,9
955,Dolph Arrow,Bigender,57,Lake Owenfurt,Australian Capital Territory,764,2021-09-16,2021-10-04,3824,722,119.0,3,357.0,Jacket,Trench Coat,M,blue,46,September,16,Thursday,18,9
955,Dolph Arrow,Bigender,57,Lake Owenfurt,Australian Capital Territory,764,2021-09-16,2021-10-04,3826,206,98.0,3,294.0,Shirt,Camp Collared,S,violet,80,September,16,Thursday,18,9
955,Dolph Arrow,Bigender,57,Lake Owenfurt,Australian Capital Territory,764,2021-09-16,2021-10-04,3827,102,118.0,3,354.0,Shirt,Flannel,M,violet,71,September,16,Thursday,18,9
955,Dolph Arrow,Bigender,57,Lake Owenfurt,Australian Capital Territory,764,2021-09-16,2021-10-04,3828,483,118.0,2,236.0,Jacket,Puffer,L,indigo,61,September,16,Thursday,18,9
956,Camile Haveline,Genderfluid,20,New Alexchester,New South Wales,843,2021-07-03,2021-07-09,4238,962,97.0,2,194.0,Trousers,Slim-Fit,M,green,78,July,3,Saturday,6,7
956,Camile Haveline,Genderfluid,20,New Alexchester,New South Wales,830,2021-03-22,2021-03-23,4168,1006,106.0,1,106.0,Trousers,Wool,S,indigo,45,March,22,Monday,1,3
956,Camile Haveline,Genderfluid,20,New Alexchester,New South Wales,843,2021-07-03,2021-07-09,4239,207,98.0,3,294.0,Shirt,Camp Collared,M,violet,41,July,3,Saturday,6,7
956,Camile Haveline,Genderfluid,20,New Alexchester,New South Wales,684,2021-10-12,2021-10-17,3396,837,117.0,1,117.0,Jacket,Shearling,M,violet,74,October,12,Tuesday,5,10
956,Camile Haveline,Genderfluid,20,New Alexchester,New South Wales,684,2021-10-12,2021-10-17,3397,99,118.0,2,236.0,Shirt,Flannel,XL,indigo,57,October,12,Tuesday,5,10
956,Camile Haveline,Genderfluid,20,New Alexchester,New South Wales,830,2021-03-22,2021-03-23,4167,804,91.0,2,182.0,Jacket,Pullover,XL,violet,69,March,22,Monday,1,3
956,Camile Haveline,Genderfluid,20,New Alexchester,New South Wales,830,2021-03-22,2021-03-23,4169,328,109.0,2,218.0,Shirt,Mandarin Collar,L,yellow,78,March,22,Monday,1,3
956,Camile Haveline,Genderfluid,20,New Alexchester,New South Wales,830,2021-03-22,2021-03-23,4171,238,106.0,3,318.0,Shirt,Chambray,L,indigo,79,March,22,Monday,1,3
956,Camile Haveline,Genderfluid,20,New Alexchester,New South Wales,843,2021-07-03,2021-07-09,4237,886,94.0,3,282.0,Trousers,Cords,S,yellow,68,July,3,Saturday,6,7
956,Camile Haveline,Genderfluid,20,New Alexchester,New South Wales,843,2021-07-03,2021-07-09,4236,1236,112.0,3,336.0,Trousers,Tracksuit Bottoms,S,yellow,49,July,3,Saturday,6,7
956,Camile Haveline,Genderfluid,20,New Alexchester,New South Wales,843,2021-07-03,2021-07-09,4235,737,109.0,1,109.0,Jacket,Peacoat,M,red,59,July,3,Saturday,6,7
956,Camile Haveline,Genderfluid,20,New Alexchester,New South Wales,830,2021-03-22,2021-03-23,4170,898,94.0,3,282.0,Trousers,Cords,L,blue,77,March,22,Monday,1,3
956,Camile Haveline,Genderfluid,20,New Alexchester,New South Wales,843,2021-07-03,2021-07-09,4233,69,104.0,1,104.0,Shirt,Dress,XL,violet,77,July,3,Saturday,6,7
956,Camile Haveline,Genderfluid,20,New Alexchester,New South Wales,843,2021-07-03,2021-07-09,4240,1084,93.0,1,93.0,Trousers,Joggers,XL,violet,40,July,3,Saturday,6,7
956,Camile Haveline,Genderfluid,20,New Alexchester,New South Wales,843,2021-07-03,2021-07-09,4231,1091,115.0,1,115.0,Trousers,Cropped,S,orange,78,July,3,Saturday,6,7
956,Camile Haveline,Genderfluid,20,New Alexchester,New South Wales,843,2021-07-03,2021-07-09,4232,374,94.0,3,282.0,Shirt,Henley,XL,blue,75,July,3,Saturday,6,7
956,Camile Haveline,Genderfluid,20,New Alexchester,New South Wales,843,2021-07-03,2021-07-09,4234,285,105.0,1,105.0,Shirt,Cuban Collar,XS,orange,62,July,3,Saturday,6,7
957,Felic Marrian,Male,75,Samanthaberg,South Australia,14,2021-03-29,2021-04-12,63,909,94.0,2,188.0,Trousers,Cords,XL,violet,73,March,29,Monday,14,3
957,Felic Marrian,Male,75,Samanthaberg,South Australia,14,2021-03-29,2021-04-12,59,1202,105.0,2,210.0,Trousers,Pleated,M,yellow,54,March,29,Monday,14,3
957,Felic Marrian,Male,75,Samanthaberg,South Australia,14,2021-03-29,2021-04-12,60,227,106.0,3,318.0,Shirt,Chambray,M,green,56,March,29,Monday,14,3
957,Felic Marrian,Male,75,Samanthaberg,South Australia,14,2021-03-29,2021-04-12,62,91,118.0,3,354.0,Shirt,Flannel,S,blue,43,March,29,Monday,14,3
957,Felic Marrian,Male,75,Samanthaberg,South Australia,14,2021-03-29,2021-04-12,61,108,92.0,2,184.0,Shirt,Denim,L,red,52,March,29,Monday,14,3
963,Albina Disdel,Genderqueer,47,West Luke,Northern Territory,927,2021-08-02,2021-08-06,4630,390,119.0,3,357.0,Shirt,Casual Slim Fit,XS,orange,43,August,2,Monday,4,8
963,Albina Disdel,Genderqueer,47,West Luke,Northern Territory,927,2021-08-02,2021-08-06,4629,539,98.0,3,294.0,Jacket,Leather,XL,yellow,67,August,2,Monday,4,8
963,Albina Disdel,Genderqueer,47,West Luke,Northern Territory,927,2021-08-02,2021-08-06,4632,1160,99.0,3,297.0,Trousers,High-Waisted,XS,orange,55,August,2,Monday,4,8
963,Albina Disdel,Genderqueer,47,West Luke,Northern Territory,927,2021-08-02,2021-08-06,4631,108,92.0,2,184.0,Shirt,Denim,L,red,52,August,2,Monday,4,8
965,Terri Lunny,Bigender,75,New Callumtown,Western Australia,73,2021-07-24,2021-08-19,318,1014,106.0,1,106.0,Trousers,Wool,XL,violet,40,July,24,Saturday,26,7
965,Terri Lunny,Bigender,75,New Callumtown,Western Australia,73,2021-07-24,2021-08-19,317,1135,102.0,1,102.0,Trousers,Cargo Pants,XS,green,63,July,24,Saturday,26,7
965,Terri Lunny,Bigender,75,New Callumtown,Western Australia,918,2021-03-07,2021-04-03,4594,1119,115.0,2,230.0,Trousers,Cropped,XL,violet,64,March,7,Sunday,27,3
965,Terri Lunny,Bigender,75,New Callumtown,Western Australia,918,2021-03-07,2021-04-03,4593,539,98.0,3,294.0,Jacket,Leather,XL,yellow,67,March,7,Sunday,27,3
965,Terri Lunny,Bigender,75,New Callumtown,Western Australia,73,2021-07-24,2021-08-19,316,467,118.0,3,354.0,Jacket,Puffer,M,yellow,44,July,24,Saturday,26,7
965,Terri Lunny,Bigender,75,New Callumtown,Western Australia,73,2021-07-24,2021-08-19,319,1188,99.0,3,297.0,Trousers,High-Waisted,L,violet,68,July,24,Saturday,26,7
965,Terri Lunny,Bigender,75,New Callumtown,Western Australia,73,2021-07-24,2021-08-19,320,70,118.0,2,236.0,Shirt,Flannel,XS,red,42,July,24,Saturday,26,7
966,Bunni Poundsford,Female,63,South Heidi,Western Australia,443,2021-03-09,2021-03-27,2203,46,104.0,2,208.0,Shirt,Dress,S,yellow,56,March,9,Tuesday,18,3
966,Bunni Poundsford,Female,63,South Heidi,Western Australia,443,2021-03-09,2021-03-27,2202,380,94.0,2,188.0,Shirt,Henley,XS,violet,50,March,9,Tuesday,18,3
966,Bunni Poundsford,Female,63,South Heidi,Western Australia,443,2021-03-09,2021-03-27,2201,513,102.0,2,204.0,Jacket,Windbreaker,L,blue,41,March,9,Tuesday,18,3
969,Ginnie Glasheen,Polygender,77,West Stella,South Australia,485,2021-01-08,2021-01-28,2390,1065,93.0,2,186.0,Trousers,Joggers,XS,green,77,January,8,Friday,20,1
970,Delcine Pickthorn,Genderfluid,44,Lake Lincoln,Queensland,771,2021-06-06,2021-06-18,3855,156,91.0,2,182.0,Shirt,Linen,S,green,58,June,6,Sunday,12,6
970,Delcine Pickthorn,Genderfluid,44,Lake Lincoln,Queensland,771,2021-06-06,2021-06-18,3854,762,109.0,1,109.0,Jacket,Peacoat,M,indigo,52,June,6,Sunday,12,6
970,Delcine Pickthorn,Genderfluid,44,Lake Lincoln,Queensland,771,2021-06-06,2021-06-18,3853,443,107.0,2,214.0,Jacket,Denim,L,blue,42,June,6,Sunday,12,6
971,Constance Piddington,Genderfluid,27,East Chasehaven,Queensland,907,2021-08-15,2021-08-17,4549,115,92.0,1,92.0,Shirt,Denim,XS,yellow,54,August,15,Sunday,2,8
971,Constance Piddington,Genderfluid,27,East Chasehaven,Queensland,117,2021-01-08,2021-01-23,544,522,102.0,1,102.0,Jacket,Windbreaker,M,violet,64,January,8,Friday,15,1
971,Constance Piddington,Genderfluid,27,East Chasehaven,Queensland,117,2021-01-08,2021-01-23,543,462,118.0,3,354.0,Jacket,Puffer,M,orange,61,January,8,Friday,15,1
971,Constance Piddington,Genderfluid,27,East Chasehaven,Queensland,117,2021-01-08,2021-01-23,542,532,98.0,1,98.0,Jacket,Leather,M,orange,80,January,8,Friday,15,1
971,Constance Piddington,Genderfluid,27,East Chasehaven,Queensland,907,2021-08-15,2021-08-17,4548,121,92.0,1,92.0,Shirt,Denim,S,green,49,August,15,Sunday,2,8
971,Constance Piddington,Genderfluid,27,East Chasehaven,Queensland,907,2021-08-15,2021-08-17,4550,559,98.0,2,196.0,Jacket,Leather,XL,violet,58,August,15,Sunday,2,8
971,Constance Piddington,Genderfluid,27,East Chasehaven,Queensland,836,2021-08-18,2021-08-24,4192,426,107.0,2,214.0,Jacket,Denim,S,orange,51,August,18,Wednesday,6,8
971,Constance Piddington,Genderfluid,27,East Chasehaven,Queensland,836,2021-08-18,2021-08-24,4193,23,96.0,2,192.0,Shirt,Oxford Cloth,L,blue,59,August,18,Wednesday,6,8
971,Constance Piddington,Genderfluid,27,East Chasehaven,Queensland,117,2021-01-08,2021-01-23,540,765,109.0,1,109.0,Jacket,Peacoat,XS,violet,54,January,8,Friday,15,1
971,Constance Piddington,Genderfluid,27,East Chasehaven,Queensland,836,2021-08-18,2021-08-24,4194,593,100.0,1,100.0,Jacket,Bomber,L,violet,68,August,18,Wednesday,6,8
971,Constance Piddington,Genderfluid,27,East Chasehaven,Queensland,117,2021-01-08,2021-01-23,539,405,119.0,2,238.0,Shirt,Casual Slim Fit,XS,blue,55,January,8,Friday,15,1
971,Constance Piddington,Genderfluid,27,East Chasehaven,Queensland,117,2021-01-08,2021-01-23,541,890,94.0,3,282.0,Trousers,Cords,XS,green,50,January,8,Friday,15,1
973,Lars Stading,Female,60,West Callumside,Tasmania,592,2021-06-29,2021-07-07,2970,1139,102.0,3,306.0,Trousers,Cargo Pants,XL,green,65,June,29,Tuesday,8,6
973,Lars Stading,Female,60,West Callumside,Tasmania,592,2021-06-29,2021-07-07,2974,513,102.0,3,306.0,Jacket,Windbreaker,L,blue,41,June,29,Tuesday,8,6
973,Lars Stading,Female,60,West Callumside,Tasmania,592,2021-06-29,2021-07-07,2975,1094,115.0,2,230.0,Trousers,Cropped,XL,orange,61,June,29,Tuesday,8,6
973,Lars Stading,Female,60,West Callumside,Tasmania,592,2021-06-29,2021-07-07,2972,309,105.0,1,105.0,Shirt,Cuban Collar,XL,indigo,53,June,29,Tuesday,8,6
973,Lars Stading,Female,60,West Callumside,Tasmania,592,2021-06-29,2021-07-07,2973,960,97.0,2,194.0,Trousers,Slim-Fit,XS,green,74,June,29,Tuesday,8,6
973,Lars Stading,Female,60,West Callumside,Tasmania,592,2021-06-29,2021-07-07,2976,579,100.0,2,200.0,Jacket,Bomber,XL,green,79,June,29,Tuesday,8,6
973,Lars Stading,Female,60,West Callumside,Tasmania,592,2021-06-29,2021-07-07,2977,870,113.0,3,339.0,Trousers,Chinos,XS,violet,72,June,29,Tuesday,8,6
973,Lars Stading,Female,60,West Callumside,Tasmania,592,2021-06-29,2021-07-07,2968,417,119.0,1,119.0,Shirt,Casual Slim Fit,M,violet,46,June,29,Tuesday,8,6
973,Lars Stading,Female,60,West Callumside,Tasmania,592,2021-06-29,2021-07-07,2971,511,102.0,2,204.0,Jacket,Windbreaker,S,blue,41,June,29,Tuesday,8,6
973,Lars Stading,Female,60,West Callumside,Tasmania,592,2021-06-29,2021-07-07,2969,696,113.0,1,113.0,Jacket,Parka,S,violet,67,June,29,Tuesday,8,6
974,Tally Rubel,Agender,66,South Xavierport,South Australia,763,2021-03-18,2021-04-05,3819,773,91.0,3,273.0,Jacket,Pullover,L,red,69,March,18,Thursday,18,3
974,Tally Rubel,Agender,66,South Xavierport,South Australia,763,2021-03-18,2021-04-05,3822,429,107.0,2,214.0,Jacket,Denim,XL,orange,79,March,18,Thursday,18,3
974,Tally Rubel,Agender,66,South Xavierport,South Australia,763,2021-03-18,2021-04-05,3821,921,96.0,1,96.0,Trousers,Drawstring,S,yellow,74,March,18,Thursday,18,3
974,Tally Rubel,Agender,66,South Xavierport,South Australia,763,2021-03-18,2021-04-05,3820,451,107.0,2,214.0,Jacket,Denim,S,violet,73,March,18,Thursday,18,3
977,Michell Lappine,Polygender,34,East Sophia,Queensland,289,2021-01-26,2021-02-16,1413,1150,102.0,2,204.0,Trousers,Cargo Pants,XS,violet,40,January,26,Tuesday,21,1
977,Michell Lappine,Polygender,34,East Sophia,Queensland,289,2021-01-26,2021-02-16,1404,828,117.0,2,234.0,Jacket,Shearling,L,blue,64,January,26,Tuesday,21,1
977,Michell Lappine,Polygender,34,East Sophia,Queensland,289,2021-01-26,2021-02-16,1407,599,112.0,2,224.0,Jacket,Cardigan,XL,red,54,January,26,Tuesday,21,1
977,Michell Lappine,Polygender,34,East Sophia,Queensland,289,2021-01-26,2021-02-16,1406,1141,102.0,1,102.0,Trousers,Cargo Pants,S,blue,63,January,26,Tuesday,21,1
977,Michell Lappine,Polygender,34,East Sophia,Queensland,289,2021-01-26,2021-02-16,1405,422,107.0,1,107.0,Jacket,Denim,M,red,43,January,26,Tuesday,21,1
977,Michell Lappine,Polygender,34,East Sophia,Queensland,289,2021-01-26,2021-02-16,1411,1045,90.0,1,90.0,Trousers,Relaxed Leg,XS,violet,49,January,26,Tuesday,21,1
977,Michell Lappine,Polygender,34,East Sophia,Queensland,289,2021-01-26,2021-02-16,1410,45,104.0,3,312.0,Shirt,Dress,XS,yellow,69,January,26,Tuesday,21,1
977,Michell Lappine,Polygender,34,East Sophia,Queensland,289,2021-01-26,2021-02-16,1409,736,109.0,2,218.0,Jacket,Peacoat,S,red,67,January,26,Tuesday,21,1
977,Michell Lappine,Polygender,34,East Sophia,Queensland,289,2021-01-26,2021-02-16,1412,463,118.0,2,236.0,Jacket,Puffer,L,orange,66,January,26,Tuesday,21,1
977,Michell Lappine,Polygender,34,East Sophia,Queensland,289,2021-01-26,2021-02-16,1408,481,118.0,2,236.0,Jacket,Puffer,S,indigo,62,January,26,Tuesday,21,1
980,Sharleen Langworthy,Agender,35,Isaacberg,South Australia,403,2021-09-16,2021-09-25,2006,810,117.0,3,351.0,Jacket,Shearling,XS,orange,54,September,16,Thursday,9,9
980,Sharleen Langworthy,Agender,35,Isaacberg,South Australia,403,2021-09-16,2021-09-25,2005,80,118.0,2,236.0,Shirt,Flannel,XS,yellow,41,September,16,Thursday,9,9
980,Sharleen Langworthy,Agender,35,Isaacberg,South Australia,403,2021-09-16,2021-09-25,2003,807,117.0,1,117.0,Jacket,Shearling,M,red,49,September,16,Thursday,9,9
980,Sharleen Langworthy,Agender,35,Isaacberg,South Australia,904,2021-03-24,2021-04-07,4535,1098,115.0,3,345.0,Trousers,Cropped,L,yellow,60,March,24,Wednesday,14,3
980,Sharleen Langworthy,Agender,35,Isaacberg,South Australia,904,2021-03-24,2021-04-07,4537,1096,115.0,3,345.0,Trousers,Cropped,S,yellow,65,March,24,Wednesday,14,3
980,Sharleen Langworthy,Agender,35,Isaacberg,South Australia,904,2021-03-24,2021-04-07,4538,1240,112.0,1,112.0,Trousers,Tracksuit Bottoms,XS,green,69,March,24,Wednesday,14,3
980,Sharleen Langworthy,Agender,35,Isaacberg,South Australia,403,2021-09-16,2021-09-25,2004,405,119.0,3,357.0,Shirt,Casual Slim Fit,XS,blue,55,September,16,Thursday,9,9
980,Sharleen Langworthy,Agender,35,Isaacberg,South Australia,904,2021-03-24,2021-04-07,4536,148,91.0,3,273.0,Shirt,Linen,L,orange,73,March,24,Wednesday,14,3
980,Sharleen Langworthy,Agender,35,Isaacberg,South Australia,904,2021-03-24,2021-04-07,4539,150,91.0,2,182.0,Shirt,Linen,XS,yellow,55,March,24,Wednesday,14,3
981,Darby Aistrop,Genderqueer,47,Hannahberg,Australian Capital Territory,374,2021-06-05,2021-06-20,1857,182,98.0,3,294.0,Shirt,Camp Collared,M,orange,65,June,5,Saturday,15,6
981,Darby Aistrop,Genderqueer,47,Hannahberg,Australian Capital Territory,374,2021-06-05,2021-06-20,1858,1182,99.0,3,297.0,Trousers,High-Waisted,M,indigo,61,June,5,Saturday,15,6
981,Darby Aistrop,Genderqueer,47,Hannahberg,Australian Capital Territory,374,2021-06-05,2021-06-20,1861,1230,112.0,1,112.0,Trousers,Tracksuit Bottoms,XS,orange,57,June,5,Saturday,15,6
981,Darby Aistrop,Genderqueer,47,Hannahberg,Australian Capital Territory,374,2021-06-05,2021-06-20,1859,316,109.0,3,327.0,Shirt,Mandarin Collar,S,red,48,June,5,Saturday,15,6
981,Darby Aistrop,Genderqueer,47,Hannahberg,Australian Capital Territory,374,2021-06-05,2021-06-20,1856,86,118.0,2,236.0,Shirt,Flannel,S,green,57,June,5,Saturday,15,6
981,Darby Aistrop,Genderqueer,47,Hannahberg,Australian Capital Territory,374,2021-06-05,2021-06-20,1855,557,98.0,2,196.0,Jacket,Leather,M,violet,40,June,5,Saturday,15,6
981,Darby Aistrop,Genderqueer,47,Hannahberg,Australian Capital Territory,374,2021-06-05,2021-06-20,1860,266,95.0,3,285.0,Shirt,Polo,S,blue,76,June,5,Saturday,15,6
984,Devin Lindmark,Female,57,North Mackenzieborough,Northern Territory,862,2021-10-11,2021-10-20,4322,162,91.0,1,91.0,Shirt,Linen,M,blue,58,October,11,Monday,9,10
984,Devin Lindmark,Female,57,North Mackenzieborough,Northern Territory,862,2021-10-11,2021-10-20,4323,208,98.0,2,196.0,Shirt,Camp Collared,L,violet,42,October,11,Monday,9,10
984,Devin Lindmark,Female,57,North Mackenzieborough,Northern Territory,862,2021-10-11,2021-10-20,4321,935,96.0,3,288.0,Trousers,Drawstring,XS,indigo,61,October,11,Monday,9,10
986,Theodosia Postins,Polygender,38,Turcottetown,Australian Capital Territory,370,2021-01-22,2021-02-11,1833,1125,102.0,3,306.0,Trousers,Cargo Pants,XS,orange,43,January,22,Friday,20,1
986,Theodosia Postins,Polygender,38,Turcottetown,Australian Capital Territory,370,2021-01-22,2021-02-11,1832,334,109.0,1,109.0,Shirt,Mandarin Collar,XL,green,79,January,22,Friday,20,1
986,Theodosia Postins,Polygender,38,Turcottetown,Australian Capital Territory,370,2021-01-22,2021-02-11,1834,944,96.0,3,288.0,Trousers,Drawstring,XL,violet,80,January,22,Friday,20,1
986,Theodosia Postins,Polygender,38,Turcottetown,Australian Capital Territory,370,2021-01-22,2021-02-11,1830,1141,102.0,1,102.0,Trousers,Cargo Pants,S,blue,63,January,22,Friday,20,1
986,Theodosia Postins,Polygender,38,Turcottetown,Australian Capital Territory,370,2021-01-22,2021-02-11,1829,901,94.0,2,188.0,Trousers,Cords,S,indigo,60,January,22,Friday,20,1
986,Theodosia Postins,Polygender,38,Turcottetown,Australian Capital Territory,370,2021-01-22,2021-02-11,1825,387,119.0,2,238.0,Shirt,Casual Slim Fit,M,red,67,January,22,Friday,20,1
986,Theodosia Postins,Polygender,38,Turcottetown,Australian Capital Territory,370,2021-01-22,2021-02-11,1826,663,93.0,2,186.0,Jacket,Coach,L,violet,80,January,22,Friday,20,1
986,Theodosia Postins,Polygender,38,Turcottetown,Australian Capital Territory,525,2021-09-25,2021-10-20,2620,45,104.0,2,208.0,Shirt,Dress,XS,yellow,69,September,25,Saturday,25,9
986,Theodosia Postins,Polygender,38,Turcottetown,Australian Capital Territory,525,2021-09-25,2021-10-20,2621,727,119.0,3,357.0,Jacket,Trench Coat,M,indigo,42,September,25,Saturday,25,9
986,Theodosia Postins,Polygender,38,Turcottetown,Australian Capital Territory,525,2021-09-25,2021-10-20,2618,848,113.0,3,339.0,Trousers,Chinos,L,orange,60,September,25,Saturday,25,9
986,Theodosia Postins,Polygender,38,Turcottetown,Australian Capital Territory,370,2021-01-22,2021-02-11,1831,30,96.0,2,192.0,Shirt,Oxford Cloth,XS,violet,74,January,22,Friday,20,1
986,Theodosia Postins,Polygender,38,Turcottetown,Australian Capital Territory,370,2021-01-22,2021-02-11,1827,84,118.0,1,118.0,Shirt,Flannel,XL,yellow,72,January,22,Friday,20,1
986,Theodosia Postins,Polygender,38,Turcottetown,Australian Capital Territory,370,2021-01-22,2021-02-11,1828,354,94.0,1,94.0,Shirt,Henley,XL,red,59,January,22,Friday,20,1
986,Theodosia Postins,Polygender,38,Turcottetown,Australian Capital Territory,525,2021-09-25,2021-10-20,2622,361,94.0,2,188.0,Shirt,Henley,S,yellow,70,September,25,Saturday,25,9
986,Theodosia Postins,Polygender,38,Turcottetown,Australian Capital Territory,525,2021-09-25,2021-10-20,2619,1192,105.0,3,315.0,Trousers,Pleated,M,red,40,September,25,Saturday,25,9
986,Theodosia Postins,Polygender,38,Turcottetown,Australian Capital Territory,525,2021-09-25,2021-10-20,2617,1091,115.0,3,345.0,Trousers,Cropped,S,orange,78,September,25,Saturday,25,9
987,Grady Wipper,Genderfluid,70,Thompsonbury,New South Wales,858,2021-03-16,2021-03-27,4307,413,119.0,3,357.0,Shirt,Casual Slim Fit,L,indigo,60,March,16,Tuesday,11,3
987,Grady Wipper,Genderfluid,70,Thompsonbury,New South Wales,858,2021-03-16,2021-03-27,4304,439,107.0,2,214.0,Jacket,Denim,XL,green,59,March,16,Tuesday,11,3
987,Grady Wipper,Genderfluid,70,Thompsonbury,New South Wales,858,2021-03-16,2021-03-27,4305,281,105.0,3,315.0,Shirt,Cuban Collar,S,red,59,March,16,Tuesday,11,3
987,Grady Wipper,Genderfluid,70,Thompsonbury,New South Wales,858,2021-03-16,2021-03-27,4309,397,119.0,1,119.0,Shirt,Casual Slim Fit,M,yellow,76,March,16,Tuesday,11,3
987,Grady Wipper,Genderfluid,70,Thompsonbury,New South Wales,858,2021-03-16,2021-03-27,4306,1124,102.0,2,204.0,Trousers,Cargo Pants,XL,red,45,March,16,Tuesday,11,3
987,Grady Wipper,Genderfluid,70,Thompsonbury,New South Wales,602,2021-02-14,2021-03-07,3008,86,118.0,1,118.0,Shirt,Flannel,S,green,57,February,14,Sunday,21,2
987,Grady Wipper,Genderfluid,70,Thompsonbury,New South Wales,602,2021-02-14,2021-03-07,3007,1161,99.0,3,297.0,Trousers,High-Waisted,S,orange,42,February,14,Sunday,21,2
987,Grady Wipper,Genderfluid,70,Thompsonbury,New South Wales,858,2021-03-16,2021-03-27,4308,799,91.0,1,91.0,Jacket,Pullover,XL,indigo,43,March,16,Tuesday,11,3
988,Tommie Benoy,Polygender,35,New Harry,Western Australia,361,2021-02-06,2021-02-25,1782,685,113.0,1,113.0,Jacket,Parka,XS,blue,67,February,6,Saturday,19,2
988,Tommie Benoy,Polygender,35,New Harry,Western Australia,361,2021-02-06,2021-02-25,1786,1042,90.0,1,90.0,Trousers,Relaxed Leg,M,indigo,45,February,6,Saturday,19,2
988,Tommie Benoy,Polygender,35,New Harry,Western Australia,361,2021-02-06,2021-02-25,1785,1074,93.0,2,186.0,Trousers,Joggers,XL,blue,52,February,6,Saturday,19,2
988,Tommie Benoy,Polygender,35,New Harry,Western Australia,361,2021-02-06,2021-02-25,1784,804,91.0,1,91.0,Jacket,Pullover,XL,violet,69,February,6,Saturday,19,2
988,Tommie Benoy,Polygender,35,New Harry,Western Australia,361,2021-02-06,2021-02-25,1781,465,118.0,3,354.0,Jacket,Puffer,XS,yellow,55,February,6,Saturday,19,2
988,Tommie Benoy,Polygender,35,New Harry,Western Australia,361,2021-02-06,2021-02-25,1783,992,106.0,2,212.0,Trousers,Wool,M,yellow,43,February,6,Saturday,19,2
989,Sauncho Boosey,Bigender,53,Stewartland,Australian Capital Territory,837,2021-01-12,2021-01-27,4195,52,104.0,3,312.0,Shirt,Dress,M,green,65,January,12,Tuesday,15,1
989,Sauncho Boosey,Bigender,53,Stewartland,Australian Capital Territory,837,2021-01-12,2021-01-27,4196,87,118.0,1,118.0,Shirt,Flannel,M,green,66,January,12,Tuesday,15,1
989,Sauncho Boosey,Bigender,53,Stewartland,Australian Capital Territory,837,2021-01-12,2021-01-27,4199,237,106.0,2,212.0,Shirt,Chambray,M,indigo,62,January,12,Tuesday,15,1
989,Sauncho Boosey,Bigender,53,Stewartland,Australian Capital Territory,438,2021-05-22,2021-05-31,2175,214,106.0,2,212.0,Shirt,Chambray,XL,red,42,May,22,Saturday,9,5
989,Sauncho Boosey,Bigender,53,Stewartland,Australian Capital Territory,438,2021-05-22,2021-05-31,2174,491,102.0,2,204.0,Jacket,Windbreaker,S,red,54,May,22,Saturday,9,5
989,Sauncho Boosey,Bigender,53,Stewartland,Australian Capital Territory,438,2021-05-22,2021-05-31,2173,856,113.0,1,113.0,Trousers,Chinos,S,green,61,May,22,Saturday,9,5
989,Sauncho Boosey,Bigender,53,Stewartland,Australian Capital Territory,438,2021-05-22,2021-05-31,2172,884,94.0,2,188.0,Trousers,Cords,XL,orange,72,May,22,Saturday,9,5
989,Sauncho Boosey,Bigender,53,Stewartland,Australian Capital Territory,837,2021-01-12,2021-01-27,4197,1177,99.0,1,99.0,Trousers,High-Waisted,M,blue,52,January,12,Tuesday,15,1
989,Sauncho Boosey,Bigender,53,Stewartland,Australian Capital Territory,837,2021-01-12,2021-01-27,4198,713,119.0,3,357.0,Jacket,Trench Coat,L,yellow,77,January,12,Tuesday,15,1
991,Cristina Jowling,Genderfluid,30,North Andrew,Tasmania,372,2021-03-14,2021-03-19,1843,947,97.0,2,194.0,Trousers,Slim-Fit,M,red,67,March,14,Sunday,5,3
991,Cristina Jowling,Genderfluid,30,North Andrew,Tasmania,372,2021-03-14,2021-03-19,1844,79,118.0,1,118.0,Shirt,Flannel,XL,orange,50,March,14,Sunday,5,3
991,Cristina Jowling,Genderfluid,30,North Andrew,Tasmania,372,2021-03-14,2021-03-19,1842,626,112.0,1,112.0,Jacket,Cardigan,S,violet,49,March,14,Sunday,5,3
991,Cristina Jowling,Genderfluid,30,North Andrew,Tasmania,372,2021-03-14,2021-03-19,1845,813,117.0,1,117.0,Jacket,Shearling,L,orange,58,March,14,Sunday,5,3
991,Cristina Jowling,Genderfluid,30,North Andrew,Tasmania,372,2021-03-14,2021-03-19,1846,1126,102.0,3,306.0,Trousers,Cargo Pants,S,orange,60,March,14,Sunday,5,3
991,Cristina Jowling,Genderfluid,30,North Andrew,Tasmania,372,2021-03-14,2021-03-19,1847,275,95.0,1,95.0,Shirt,Polo,XS,violet,67,March,14,Sunday,5,3
993,Orella Singyard,Polygender,24,Michaelberg,Victoria,29,2021-03-22,2021-03-28,135,633,93.0,1,93.0,Jacket,Coach,L,red,80,March,22,Monday,6,3
993,Orella Singyard,Polygender,24,Michaelberg,Victoria,29,2021-03-22,2021-03-28,137,246,95.0,2,190.0,Shirt,Polo,S,red,60,March,22,Monday,6,3
993,Orella Singyard,Polygender,24,Michaelberg,Victoria,29,2021-03-22,2021-03-28,138,762,109.0,3,327.0,Jacket,Peacoat,M,indigo,52,March,22,Monday,6,3
993,Orella Singyard,Polygender,24,Michaelberg,Victoria,29,2021-03-22,2021-03-28,136,907,94.0,3,282.0,Trousers,Cords,M,violet,77,March,22,Monday,6,3
994,Vanna Densham,Female,53,Hallshire,Western Australia,299,2021-01-12,2021-02-03,1472,149,91.0,2,182.0,Shirt,Linen,XL,orange,59,January,12,Tuesday,22,1
994,Vanna Densham,Female,53,Hallshire,Western Australia,299,2021-01-12,2021-02-03,1471,492,102.0,3,306.0,Jacket,Windbreaker,M,red,47,January,12,Tuesday,22,1
994,Vanna Densham,Female,53,Hallshire,Western Australia,299,2021-01-12,2021-02-03,1473,1242,112.0,3,336.0,Trousers,Tracksuit Bottoms,M,green,47,January,12,Tuesday,22,1
994,Vanna Densham,Female,53,Hallshire,Western Australia,299,2021-01-12,2021-02-03,1470,199,98.0,1,98.0,Shirt,Camp Collared,XL,blue,51,January,12,Tuesday,22,1
994,Vanna Densham,Female,53,Hallshire,Western Australia,299,2021-01-12,2021-02-03,1469,694,113.0,3,339.0,Jacket,Parka,XL,indigo,78,January,12,Tuesday,22,1
994,Vanna Densham,Female,53,Hallshire,Western Australia,299,2021-01-12,2021-02-03,1467,153,91.0,2,182.0,Shirt,Linen,L,yellow,72,January,12,Tuesday,22,1
994,Vanna Densham,Female,53,Hallshire,Western Australia,299,2021-01-12,2021-02-03,1468,143,91.0,3,273.0,Shirt,Linen,L,red,80,January,12,Tuesday,22,1
995,Leandra Derks,Polygender,63,Hermistonberg,Western Australia,801,2021-08-02,2021-08-17,4020,1085,115.0,2,230.0,Trousers,Cropped,XS,red,75,August,2,Monday,15,8
995,Leandra Derks,Polygender,63,Hermistonberg,Western Australia,801,2021-08-02,2021-08-17,4023,724,119.0,1,119.0,Jacket,Trench Coat,XL,blue,69,August,2,Monday,15,8
995,Leandra Derks,Polygender,63,Hermistonberg,Western Australia,801,2021-08-02,2021-08-17,4024,139,92.0,3,276.0,Shirt,Denim,XL,violet,73,August,2,Monday,15,8
995,Leandra Derks,Polygender,63,Hermistonberg,Western Australia,801,2021-08-02,2021-08-17,4026,26,96.0,3,288.0,Shirt,Oxford Cloth,S,indigo,59,August,2,Monday,15,8
995,Leandra Derks,Polygender,63,Hermistonberg,Western Australia,801,2021-08-02,2021-08-17,4022,152,91.0,3,273.0,Shirt,Linen,M,yellow,59,August,2,Monday,15,8
995,Leandra Derks,Polygender,63,Hermistonberg,Western Australia,801,2021-08-02,2021-08-17,4029,818,117.0,1,117.0,Jacket,Shearling,L,yellow,58,August,2,Monday,15,8
995,Leandra Derks,Polygender,63,Hermistonberg,Western Australia,801,2021-08-02,2021-08-17,4027,397,119.0,3,357.0,Shirt,Casual Slim Fit,M,yellow,76,August,2,Monday,15,8
995,Leandra Derks,Polygender,63,Hermistonberg,Western Australia,801,2021-08-02,2021-08-17,4025,879,94.0,2,188.0,Trousers,Cords,XL,red,80,August,2,Monday,15,8
995,Leandra Derks,Polygender,63,Hermistonberg,Western Australia,801,2021-08-02,2021-08-17,4021,960,97.0,2,194.0,Trousers,Slim-Fit,XS,green,74,August,2,Monday,15,8
995,Leandra Derks,Polygender,63,Hermistonberg,Western Australia,801,2021-08-02,2021-08-17,4028,200,98.0,1,98.0,Shirt,Camp Collared,XS,indigo,64,August,2,Monday,15,8
996,Elvira Sarfati,Agender,59,Lake Danielland,Tasmania,233,2021-09-03,2021-09-19,1131,886,94.0,1,94.0,Trousers,Cords,S,yellow,68,September,3,Friday,16,9
996,Elvira Sarfati,Agender,59,Lake Danielland,Tasmania,169,2021-03-09,2021-03-12,809,468,118.0,3,354.0,Jacket,Puffer,L,yellow,46,March,9,Tuesday,3,3
996,Elvira Sarfati,Agender,59,Lake Danielland,Tasmania,169,2021-03-09,2021-03-12,808,1016,90.0,2,180.0,Trousers,Relaxed Leg,S,red,70,March,9,Tuesday,3,3
996,Elvira Sarfati,Agender,59,Lake Danielland,Tasmania,169,2021-03-09,2021-03-12,811,605,112.0,2,224.0,Jacket,Cardigan,XS,yellow,46,March,9,Tuesday,3,3
996,Elvira Sarfati,Agender,59,Lake Danielland,Tasmania,233,2021-09-03,2021-09-19,1132,701,119.0,3,357.0,Jacket,Trench Coat,S,red,54,September,3,Friday,16,9
996,Elvira Sarfati,Agender,59,Lake Danielland,Tasmania,169,2021-03-09,2021-03-12,813,792,91.0,3,273.0,Jacket,Pullover,M,blue,44,March,9,Tuesday,3,3
996,Elvira Sarfati,Agender,59,Lake Danielland,Tasmania,169,2021-03-09,2021-03-12,815,1062,93.0,1,93.0,Trousers,Joggers,M,yellow,72,March,9,Tuesday,3,3
996,Elvira Sarfati,Agender,59,Lake Danielland,Tasmania,169,2021-03-09,2021-03-12,814,526,98.0,3,294.0,Jacket,Leather,S,red,80,March,9,Tuesday,3,3
996,Elvira Sarfati,Agender,59,Lake Danielland,Tasmania,169,2021-03-09,2021-03-12,810,928,96.0,2,192.0,Trousers,Drawstring,L,green,43,March,9,Tuesday,3,3
996,Elvira Sarfati,Agender,59,Lake Danielland,Tasmania,233,2021-09-03,2021-09-19,1130,1191,105.0,2,210.0,Trousers,Pleated,S,red,78,September,3,Friday,16,9
996,Elvira Sarfati,Agender,59,Lake Danielland,Tasmania,233,2021-09-03,2021-09-19,1129,218,106.0,3,318.0,Shirt,Chambray,L,orange,44,September,3,Friday,16,9
996,Elvira Sarfati,Agender,59,Lake Danielland,Tasmania,169,2021-03-09,2021-03-12,816,751,109.0,2,218.0,Jacket,Peacoat,S,green,41,March,9,Tuesday,3,3
996,Elvira Sarfati,Agender,59,Lake Danielland,Tasmania,169,2021-03-09,2021-03-12,812,722,119.0,2,238.0,Jacket,Trench Coat,M,blue,46,March,9,Tuesday,3,3
998,Rebecka Fabler,Polygender,32,Kohlerberg,Queensland,286,2021-01-05,2021-01-08,1391,741,109.0,1,109.0,Jacket,Peacoat,S,orange,73,January,5,Tuesday,3,1
998,Rebecka Fabler,Polygender,32,Kohlerberg,Queensland,773,2021-07-19,2021-08-07,3863,261,95.0,2,190.0,Shirt,Polo,S,green,71,July,19,Monday,19,7
998,Rebecka Fabler,Polygender,32,Kohlerberg,Queensland,773,2021-07-19,2021-08-07,3861,563,100.0,3,300.0,Jacket,Bomber,L,red,50,July,19,Monday,19,7
998,Rebecka Fabler,Polygender,32,Kohlerberg,Queensland,773,2021-07-19,2021-08-07,3862,1067,93.0,2,186.0,Trousers,Joggers,M,green,54,July,19,Monday,19,7
998,Rebecka Fabler,Polygender,32,Kohlerberg,Queensland,586,2021-02-27,2021-03-22,2937,523,102.0,3,306.0,Jacket,Windbreaker,L,violet,72,February,27,Saturday,23,2
998,Rebecka Fabler,Polygender,32,Kohlerberg,Queensland,586,2021-02-27,2021-03-22,2938,918,96.0,2,192.0,Trousers,Drawstring,L,orange,54,February,27,Saturday,23,2
998,Rebecka Fabler,Polygender,32,Kohlerberg,Queensland,586,2021-02-27,2021-03-22,2940,594,100.0,1,100.0,Jacket,Bomber,XL,violet,53,February,27,Saturday,23,2
998,Rebecka Fabler,Polygender,32,Kohlerberg,Queensland,586,2021-02-27,2021-03-22,2939,1195,105.0,2,210.0,Trousers,Pleated,XS,orange,74,February,27,Saturday,23,2
998,Rebecka Fabler,Polygender,32,Kohlerberg,Queensland,586,2021-02-27,2021-03-22,2941,1101,115.0,2,230.0,Trousers,Cropped,S,green,71,February,27,Saturday,23,2
998,Rebecka Fabler,Polygender,32,Kohlerberg,Queensland,404,2021-03-03,2021-03-09,2007,1153,102.0,1,102.0,Trousers,Cargo Pants,L,violet,74,March,3,Wednesday,6,3
998,Rebecka Fabler,Polygender,32,Kohlerberg,Queensland,404,2021-03-03,2021-03-09,2008,4,96.0,1,96.0,Shirt,Oxford Cloth,XL,red,47,March,3,Wednesday,6,3
998,Rebecka Fabler,Polygender,32,Kohlerberg,Queensland,586,2021-02-27,2021-03-22,2936,815,117.0,2,234.0,Jacket,Shearling,XS,yellow,66,February,27,Saturday,23,2
998,Rebecka Fabler,Polygender,32,Kohlerberg,Queensland,586,2021-02-27,2021-03-22,2935,411,119.0,2,238.0,Shirt,Casual Slim Fit,S,indigo,65,February,27,Saturday,23,2
998,Rebecka Fabler,Polygender,32,Kohlerberg,Queensland,586,2021-02-27,2021-03-22,2934,57,104.0,3,312.0,Shirt,Dress,M,blue,48,February,27,Saturday,23,2
998,Rebecka Fabler,Polygender,32,Kohlerberg,Queensland,286,2021-01-05,2021-01-08,1389,802,91.0,2,182.0,Jacket,Pullover,M,violet,78,January,5,Tuesday,3,1
998,Rebecka Fabler,Polygender,32,Kohlerberg,Queensland,286,2021-01-05,2021-01-08,1390,285,105.0,3,315.0,Shirt,Cuban Collar,XS,orange,62,January,5,Tuesday,3,1
998,Rebecka Fabler,Polygender,32,Kohlerberg,Queensland,286,2021-01-05,2021-01-08,1386,740,109.0,1,109.0,Jacket,Peacoat,XS,orange,78,January,5,Tuesday,3,1
998,Rebecka Fabler,Polygender,32,Kohlerberg,Queensland,286,2021-01-05,2021-01-08,1388,719,119.0,3,357.0,Jacket,Trench Coat,XL,green,53,January,5,Tuesday,3,1
998,Rebecka Fabler,Polygender,32,Kohlerberg,Queensland,286,2021-01-05,2021-01-08,1387,982,106.0,3,318.0,Trousers,Wool,M,red,58,January,5,Tuesday,3,1
998,Rebecka Fabler,Polygender,32,Kohlerberg,Queensland,773,2021-07-19,2021-08-07,3859,398,119.0,2,238.0,Shirt,Casual Slim Fit,L,yellow,63,July,19,Monday,19,7
998,Rebecka Fabler,Polygender,32,Kohlerberg,Queensland,773,2021-07-19,2021-08-07,3860,147,91.0,1,91.0,Shirt,Linen,M,orange,42,July,19,Monday,19,7
1000,Mandel Fairbanks,Male,71,Lake Audreyborough,Tasmania,894,2021-10-11,2021-10-13,4478,1117,115.0,3,345.0,Trousers,Cropped,M,violet,47,October,11,Monday,2,10
1000,Mandel Fairbanks,Male,71,Lake Audreyborough,Tasmania,894,2021-10-11,2021-10-13,4479,1070,93.0,3,279.0,Trousers,Joggers,XS,blue,67,October,11,Monday,2,10
1000,Mandel Fairbanks,Male,71,Lake Audreyborough,Tasmania,894,2021-10-11,2021-10-13,4480,1177,99.0,2,198.0,Trousers,High-Waisted,M,blue,52,October,11,Monday,2,10
1000,Mandel Fairbanks,Male,71,Lake Audreyborough,Tasmania,894,2021-10-11,2021-10-13,4482,109,92.0,3,276.0,Shirt,Denim,XL,red,63,October,11,Monday,2,10
1000,Mandel Fairbanks,Male,71,Lake Audreyborough,Tasmania,894,2021-10-11,2021-10-13,4481,1239,112.0,1,112.0,Trousers,Tracksuit Bottoms,XL,yellow,59,October,11,Monday,2,10
1000,Mandel Fairbanks,Male,71,Lake Audreyborough,Tasmania,894,2021-10-11,2021-10-13,4477,160,91.0,3,273.0,Shirt,Linen,XS,blue,53,October,11,Monday,2,10
